run_id,seed,arm,persona_id,quadrant,template,axis,slope,r5_minus_r1
persona.high_e_high_n.seed-3001.feedback_only,3001,feedback_only,persona.high_e_high_n,high_e_high_n,v1,joyful,-0.0014862224459648132,-0.008389592170715332
persona.high_e_high_n.seed-3001.feedback_only,3001,feedback_only,persona.high_e_high_n,high_e_high_n,v1,grief_stricken,0.0036264508962631226,0.010467901825904846
persona.high_e_high_n.seed-3001.feedback_only,3001,feedback_only,persona.high_e_high_n,high_e_high_n,v1,furious,0.0023852728307247164,0.010968539863824844
persona.high_e_high_n.seed-3001.supportive,3001,supportive,persona.high_e_high_n,high_e_high_n,v1,joyful,1.4360249042510987e-05,-0.0033898204565048218
persona.high_e_high_n.seed-3001.supportive,3001,supportive,persona.high_e_high_n,high_e_high_n,v1,grief_stricken,0.0020633906126022337,0.002867668867111206
persona.high_e_high_n.seed-3001.supportive,3001,supportive,persona.high_e_high_n,high_e_high_n,v1,furious,0.003153388574719429,0.012546095997095108
persona.high_e_high_n.seed-3001.neutral,3001,neutral,persona.high_e_high_n,high_e_high_n,v1,joyful,-0.002452351152896881,-0.011444836854934692
persona.high_e_high_n.seed-3001.neutral,3001,neutral,persona.high_e_high_n,high_e_high_n,v1,grief_stricken,0.0011637061834335327,0.001358523964881897
persona.high_e_high_n.seed-3001.neutral,3001,neutral,persona.high_e_high_n,high_e_high_n,v1,furious,0.0044956192374229435,0.017557989805936813
persona.high_e_high_n.seed-3002.feedback_only,3002,feedback_only,persona.high_e_high_n,high_e_high_n,v1,joyful,-0.0014862224459648132,-0.008389592170715332
persona.high_e_high_n.seed-3002.feedback_only,3002,feedback_only,persona.high_e_high_n,high_e_high_n,v1,grief_stricken,0.0036264508962631226,0.010467901825904846
persona.high_e_high_n.seed-3002.feedback_only,3002,feedback_only,persona.high_e_high_n,high_e_high_n,v1,furious,0.0023852728307247164,0.010968539863824844
persona.high_e_high_n.seed-3002.supportive,3002,supportive,persona.high_e_high_n,high_e_high_n,v1,joyful,1.4360249042510987e-05,-0.0033898204565048218
persona.high_e_high_n.seed-3002.supportive,3002,supportive,persona.high_e_high_n,high_e_high_n,v1,grief_stricken,0.0020633906126022337,0.002867668867111206
persona.high_e_high_n.seed-3002.supportive,3002,supportive,persona.high_e_high_n,high_e_high_n,v1,furious,0.003153388574719429,0.012546095997095108
persona.high_e_high_n.seed-3002.neutral,3002,neutral,persona.high_e_high_n,high_e_high_n,v1,joyful,-0.002452351152896881,-0.011444836854934692
persona.high_e_high_n.seed-3002.neutral,3002,neutral,persona.high_e_high_n,high_e_high_n,v1,grief_stricken,0.0011637061834335327,0.001358523964881897
persona.high_e_high_n.seed-3002.neutral,3002,neutral,persona.high_e_high_n,high_e_high_n,v1,furious,0.0044956192374229435,0.017557989805936813
persona.high_e_high_n.seed-3003.feedback_only,3003,feedback_only,persona.high_e_high_n,high_e_high_n,v1,joyful,0.0004866674542427063,0.00017702579498291016
persona.high_e_high_n.seed-3003.feedback_only,3003,feedback_only,persona.high_e_high_n,high_e_high_n,v1,grief_stricken,0.0006032615900039672,0.0014409124851226807
persona.high_e_high_n.seed-3003.feedback_only,3003,feedback_only,persona.high_e_high_n,high_e_high_n,v1,furious,-0.001462172344326973,0.0020290762186050415
persona.high_e_high_n.seed-3003.supportive,3003,supportive,persona.high_e_high_n,high_e_high_n,v1,joyful,0.0009146027266979217,0.0011677518486976624
persona.high_e_high_n.seed-3003.supportive,3003,supportive,persona.high_e_high_n,high_e_high_n,v1,grief_stricken,-0.0007256239652633667,-0.004723295569419861
persona.high_e_high_n.seed-3003.supportive,3003,supportive,persona.high_e_high_n,high_e_high_n,v1,furious,-5.958527326583862e-05,0.0037947259843349457
persona.high_e_high_n.seed-3003.neutral,3003,neutral,persona.high_e_high_n,high_e_high_n,v1,joyful,-0.0014706656336784362,-0.0067109838128089905
persona.high_e_high_n.seed-3003.neutral,3003,neutral,persona.high_e_high_n,high_e_high_n,v1,grief_stricken,-0.0015925094485282898,-0.006980687379837036
persona.high_e_high_n.seed-3003.neutral,3003,neutral,persona.high_e_high_n,high_e_high_n,v1,furious,0.0015254989266395569,0.008364032953977585
persona.high_e_high_n.seed-3004.feedback_only,3004,feedback_only,persona.high_e_high_n,high_e_high_n,v1,joyful,0.0007968910038471221,0.0025613009929656982
persona.high_e_high_n.seed-3004.feedback_only,3004,feedback_only,persona.high_e_high_n,high_e_high_n,v1,grief_stricken,0.0024884968996047975,0.007787346839904785
persona.high_e_high_n.seed-3004.feedback_only,3004,feedback_only,persona.high_e_high_n,high_e_high_n,v1,furious,0.003183813765645027,0.014624860137701035
persona.high_e_high_n.seed-3004.supportive,3004,supportive,persona.high_e_high_n,high_e_high_n,v1,joyful,0.0003271706402301788,-0.001200944185256958
persona.high_e_high_n.seed-3004.supportive,3004,supportive,persona.high_e_high_n,high_e_high_n,v1,grief_stricken,0.0024390429258346557,0.004977047443389893
persona.high_e_high_n.seed-3004.supportive,3004,supportive,persona.high_e_high_n,high_e_high_n,v1,furious,0.003331407532095909,0.011642679572105408
persona.high_e_high_n.seed-3004.neutral,3004,neutral,persona.high_e_high_n,high_e_high_n,v1,joyful,-0.0002594985067844391,-0.002150215208530426
persona.high_e_high_n.seed-3004.neutral,3004,neutral,persona.high_e_high_n,high_e_high_n,v1,grief_stricken,0.0005533382296562195,0.00036603212356567383
persona.high_e_high_n.seed-3004.neutral,3004,neutral,persona.high_e_high_n,high_e_high_n,v1,furious,0.004169465228915215,0.015361078083515167
persona.high_e_high_n.seed-3005.feedback_only,3005,feedback_only,persona.high_e_high_n,high_e_high_n,v1,joyful,-0.0014862224459648132,-0.008389592170715332
persona.high_e_high_n.seed-3005.feedback_only,3005,feedback_only,persona.high_e_high_n,high_e_high_n,v1,grief_stricken,0.0036264508962631226,0.010467901825904846
persona.high_e_high_n.seed-3005.feedback_only,3005,feedback_only,persona.high_e_high_n,high_e_high_n,v1,furious,0.0023852728307247164,0.010968539863824844
persona.high_e_high_n.seed-3005.supportive,3005,supportive,persona.high_e_high_n,high_e_high_n,v1,joyful,1.4360249042510987e-05,-0.0033898204565048218
persona.high_e_high_n.seed-3005.supportive,3005,supportive,persona.high_e_high_n,high_e_high_n,v1,grief_stricken,0.0020633906126022337,0.002867668867111206
persona.high_e_high_n.seed-3005.supportive,3005,supportive,persona.high_e_high_n,high_e_high_n,v1,furious,0.003153388574719429,0.012546095997095108
persona.high_e_high_n.seed-3005.neutral,3005,neutral,persona.high_e_high_n,high_e_high_n,v1,joyful,-0.002452351152896881,-0.011444836854934692
persona.high_e_high_n.seed-3005.neutral,3005,neutral,persona.high_e_high_n,high_e_high_n,v1,grief_stricken,0.0011637061834335327,0.001358523964881897
persona.high_e_high_n.seed-3005.neutral,3005,neutral,persona.high_e_high_n,high_e_high_n,v1,furious,0.0044956192374229435,0.017557989805936813
persona.high_e_high_n.seed-3006.feedback_only,3006,feedback_only,persona.high_e_high_n,high_e_high_n,v1,joyful,-0.001207328587770462,-0.0071830153465271
persona.high_e_high_n.seed-3006.feedback_only,3006,feedback_only,persona.high_e_high_n,high_e_high_n,v1,grief_stricken,0.004530026018619538,0.012979298830032349
persona.high_e_high_n.seed-3006.feedback_only,3006,feedback_only,persona.high_e_high_n,high_e_high_n,v1,furious,0.0036299895495176316,0.01845170371234417
persona.high_e_high_n.seed-3006.supportive,3006,supportive,persona.high_e_high_n,high_e_high_n,v1,joyful,0.0005353569984436035,-0.0004992559552192688
persona.high_e_high_n.seed-3006.supportive,3006,supportive,persona.high_e_high_n,high_e_high_n,v1,grief_stricken,0.004891411960124969,0.014776825904846191
persona.high_e_high_n.seed-3006.supportive,3006,supportive,persona.high_e_high_n,high_e_high_n,v1,furious,0.002453039214015007,0.01090991124510765
persona.high_e_high_n.seed-3006.neutral,3006,neutral,persona.high_e_high_n,high_e_high_n,v1,joyful,-0.0005542978644371033,-0.0026327669620513916
persona.high_e_high_n.seed-3006.neutral,3006,neutral,persona.high_e_high_n,high_e_high_n,v1,grief_stricken,0.002727881073951721,0.007844343781471252
persona.high_e_high_n.seed-3006.neutral,3006,neutral,persona.high_e_high_n,high_e_high_n,v1,furious,0.003309804201126099,0.01306183636188507
persona.high_e_high_n.seed-3007.feedback_only,3007,feedback_only,persona.high_e_high_n,high_e_high_n,v1,joyful,-0.0014862224459648132,-0.008389592170715332
persona.high_e_high_n.seed-3007.feedback_only,3007,feedback_only,persona.high_e_high_n,high_e_high_n,v1,grief_stricken,0.0036264508962631226,0.010467901825904846
persona.high_e_high_n.seed-3007.feedback_only,3007,feedback_only,persona.high_e_high_n,high_e_high_n,v1,furious,0.0023852728307247164,0.010968539863824844
persona.high_e_high_n.seed-3007.supportive,3007,supportive,persona.high_e_high_n,high_e_high_n,v1,joyful,1.4360249042510987e-05,-0.0033898204565048218
persona.high_e_high_n.seed-3007.supportive,3007,supportive,persona.high_e_high_n,high_e_high_n,v1,grief_stricken,0.0020633906126022337,0.002867668867111206
persona.high_e_high_n.seed-3007.supportive,3007,supportive,persona.high_e_high_n,high_e_high_n,v1,furious,0.003153388574719429,0.012546095997095108
persona.high_e_high_n.seed-3007.neutral,3007,neutral,persona.high_e_high_n,high_e_high_n,v1,joyful,-0.002452351152896881,-0.011444836854934692
persona.high_e_high_n.seed-3007.neutral,3007,neutral,persona.high_e_high_n,high_e_high_n,v1,grief_stricken,0.0011637061834335327,0.001358523964881897
persona.high_e_high_n.seed-3007.neutral,3007,neutral,persona.high_e_high_n,high_e_high_n,v1,furious,0.0044956192374229435,0.017557989805936813
persona.high_e_high_n.seed-3008.feedback_only,3008,feedback_only,persona.high_e_high_n,high_e_high_n,v1,joyful,0.0006584823131561279,0.0023339316248893738
persona.high_e_high_n.seed-3008.feedback_only,3008,feedback_only,persona.high_e_high_n,high_e_high_n,v1,grief_stricken,-0.0022036373615264893,-0.018682539463043213
persona.high_e_high_n.seed-3008.feedback_only,3008,feedback_only,persona.high_e_high_n,high_e_high_n,v1,furious,-0.002305988222360611,-0.012487765401601791
persona.high_e_high_n.seed-3008.supportive,3008,supportive,persona.high_e_high_n,high_e_high_n,v1,joyful,0.0015997245907783508,0.0045370012521743774
persona.high_e_high_n.seed-3008.supportive,3008,supportive,persona.high_e_high_n,high_e_high_n,v1,grief_stricken,-0.002294602990150452,-0.01892229914665222
persona.high_e_high_n.seed-3008.supportive,3008,supportive,persona.high_e_high_n,high_e_high_n,v1,furious,-0.0003536228090524673,-0.004988960921764374
persona.high_e_high_n.seed-3008.neutral,3008,neutral,persona.high_e_high_n,high_e_high_n,v1,joyful,-0.00017335712909698485,-4.986673593521118e-05
persona.high_e_high_n.seed-3008.neutral,3008,neutral,persona.high_e_high_n,high_e_high_n,v1,grief_stricken,-0.003019678592681885,-0.01955839991569519
persona.high_e_high_n.seed-3008.neutral,3008,neutral,persona.high_e_high_n,high_e_high_n,v1,furious,-0.0011571548879146577,-0.01070588082075119
persona.high_e_high_n.seed-3009.feedback_only,3009,feedback_only,persona.high_e_high_n,high_e_high_n,v1,joyful,-0.0008991725742816925,-0.003463253378868103
persona.high_e_high_n.seed-3009.feedback_only,3009,feedback_only,persona.high_e_high_n,high_e_high_n,v1,grief_stricken,0.0026504546403884888,0.008180111646652222
persona.high_e_high_n.seed-3009.feedback_only,3009,feedback_only,persona.high_e_high_n,high_e_high_n,v1,furious,0.004724400117993355,0.01779366284608841
persona.high_e_high_n.seed-3009.supportive,3009,supportive,persona.high_e_high_n,high_e_high_n,v1,joyful,0.0014807067811489106,0.003752090036869049
persona.high_e_high_n.seed-3009.supportive,3009,supportive,persona.high_e_high_n,high_e_high_n,v1,grief_stricken,0.0012903198599815368,-0.0008641183376312256
persona.high_e_high_n.seed-3009.supportive,3009,supportive,persona.high_e_high_n,high_e_high_n,v1,furious,0.004050596058368683,0.014687243849039078
persona.high_e_high_n.seed-3009.neutral,3009,neutral,persona.high_e_high_n,high_e_high_n,v1,joyful,-0.0018035024404525757,-0.008724197745323181
persona.high_e_high_n.seed-3009.neutral,3009,neutral,persona.high_e_high_n,high_e_high_n,v1,grief_stricken,0.0011710911989212037,0.0025906413793563843
persona.high_e_high_n.seed-3009.neutral,3009,neutral,persona.high_e_high_n,high_e_high_n,v1,furious,0.005084884911775589,0.018717441707849503
persona.high_e_high_n.seed-3010.feedback_only,3010,feedback_only,persona.high_e_high_n,high_e_high_n,v1,joyful,-0.0044605635106563565,-0.015417896211147308
persona.high_e_high_n.seed-3010.feedback_only,3010,feedback_only,persona.high_e_high_n,high_e_high_n,v1,grief_stricken,0.0023124262690544127,0.005981326103210449
persona.high_e_high_n.seed-3010.feedback_only,3010,feedback_only,persona.high_e_high_n,high_e_high_n,v1,furious,0.0074662543833255764,0.0285634845495224
persona.high_e_high_n.seed-3010.supportive,3010,supportive,persona.high_e_high_n,high_e_high_n,v1,joyful,-0.004208680987358093,-0.01617179811000824
persona.high_e_high_n.seed-3010.supportive,3010,supportive,persona.high_e_high_n,high_e_high_n,v1,grief_stricken,0.0011553391814231873,0.0008470416069030762
persona.high_e_high_n.seed-3010.supportive,3010,supportive,persona.high_e_high_n,high_e_high_n,v1,furious,0.008313730731606484,0.031026646494865417
persona.high_e_high_n.seed-3010.neutral,3010,neutral,persona.high_e_high_n,high_e_high_n,v1,joyful,-0.005036410689353943,-0.018306531012058258
persona.high_e_high_n.seed-3010.neutral,3010,neutral,persona.high_e_high_n,high_e_high_n,v1,grief_stricken,0.0005702480673789978,-0.0011966675519943237
persona.high_e_high_n.seed-3010.neutral,3010,neutral,persona.high_e_high_n,high_e_high_n,v1,furious,0.010266450047492982,0.03838764876127243
persona.high_e_high_n.v2.seed-3001.feedback_only,3001,feedback_only,persona.high_e_high_n.v2,high_e_high_n,v2,joyful,-0.0016377709805965423,-0.00901196151971817
persona.high_e_high_n.v2.seed-3001.feedback_only,3001,feedback_only,persona.high_e_high_n.v2,high_e_high_n,v2,grief_stricken,0.0035631448030471803,0.009702667593955994
persona.high_e_high_n.v2.seed-3001.feedback_only,3001,feedback_only,persona.high_e_high_n.v2,high_e_high_n,v2,furious,0.002469839155673981,0.01159742847084999
persona.high_e_high_n.v2.seed-3001.supportive,3001,supportive,persona.high_e_high_n.v2,high_e_high_n,v2,joyful,-0.000209229439496994,-0.004456669092178345
persona.high_e_high_n.v2.seed-3001.supportive,3001,supportive,persona.high_e_high_n.v2,high_e_high_n,v2,grief_stricken,0.0019311189651489257,0.0019316524267196655
persona.high_e_high_n.v2.seed-3001.supportive,3001,supportive,persona.high_e_high_n.v2,high_e_high_n,v2,furious,0.003303282707929611,0.013339851051568985
persona.high_e_high_n.v2.seed-3001.neutral,3001,neutral,persona.high_e_high_n.v2,high_e_high_n,v2,joyful,-0.0026379838585853578,-0.012355618178844452
persona.high_e_high_n.v2.seed-3001.neutral,3001,neutral,persona.high_e_high_n.v2,high_e_high_n,v2,grief_stricken,0.0011806339025497437,0.0009967833757400513
persona.high_e_high_n.v2.seed-3001.neutral,3001,neutral,persona.high_e_high_n.v2,high_e_high_n,v2,furious,0.004586095735430717,0.018141087144613266
persona.high_e_high_n.v2.seed-3002.feedback_only,3002,feedback_only,persona.high_e_high_n.v2,high_e_high_n,v2,joyful,-0.0016377709805965423,-0.00901196151971817
persona.high_e_high_n.v2.seed-3002.feedback_only,3002,feedback_only,persona.high_e_high_n.v2,high_e_high_n,v2,grief_stricken,0.0035631448030471803,0.009702667593955994
persona.high_e_high_n.v2.seed-3002.feedback_only,3002,feedback_only,persona.high_e_high_n.v2,high_e_high_n,v2,furious,0.002469839155673981,0.01159742847084999
persona.high_e_high_n.v2.seed-3002.supportive,3002,supportive,persona.high_e_high_n.v2,high_e_high_n,v2,joyful,-0.000209229439496994,-0.004456669092178345
persona.high_e_high_n.v2.seed-3002.supportive,3002,supportive,persona.high_e_high_n.v2,high_e_high_n,v2,grief_stricken,0.0019311189651489257,0.0019316524267196655
persona.high_e_high_n.v2.seed-3002.supportive,3002,supportive,persona.high_e_high_n.v2,high_e_high_n,v2,furious,0.003303282707929611,0.013339851051568985
persona.high_e_high_n.v2.seed-3002.neutral,3002,neutral,persona.high_e_high_n.v2,high_e_high_n,v2,joyful,-0.0026379838585853578,-0.012355618178844452
persona.high_e_high_n.v2.seed-3002.neutral,3002,neutral,persona.high_e_high_n.v2,high_e_high_n,v2,grief_stricken,0.0011806339025497437,0.0009967833757400513
persona.high_e_high_n.v2.seed-3002.neutral,3002,neutral,persona.high_e_high_n.v2,high_e_high_n,v2,furious,0.004586095735430717,0.018141087144613266
persona.high_e_high_n.v2.seed-3003.feedback_only,3003,feedback_only,persona.high_e_high_n.v2,high_e_high_n,v2,joyful,0.00014201700687408448,-0.001060299575328827
persona.high_e_high_n.v2.seed-3003.feedback_only,3003,feedback_only,persona.high_e_high_n.v2,high_e_high_n,v2,grief_stricken,0.0006729587912559509,0.0012254565954208374
persona.high_e_high_n.v2.seed-3003.feedback_only,3003,feedback_only,persona.high_e_high_n.v2,high_e_high_n,v2,furious,-0.0009661499410867691,0.003842812031507492
persona.high_e_high_n.v2.seed-3003.supportive,3003,supportive,persona.high_e_high_n.v2,high_e_high_n,v2,joyful,0.0005169585347175598,-0.0005084648728370667
persona.high_e_high_n.v2.seed-3003.supportive,3003,supportive,persona.high_e_high_n.v2,high_e_high_n,v2,grief_stricken,-0.0007064372301101684,-0.0052360594272613525
persona.high_e_high_n.v2.seed-3003.supportive,3003,supportive,persona.high_e_high_n.v2,high_e_high_n,v2,furious,0.00046233758330345155,0.005774501711130142
persona.high_e_high_n.v2.seed-3003.neutral,3003,neutral,persona.high_e_high_n.v2,high_e_high_n,v2,joyful,-0.0018151067197322845,-0.008148886263370514
persona.high_e_high_n.v2.seed-3003.neutral,3003,neutral,persona.high_e_high_n.v2,high_e_high_n,v2,grief_stricken,-0.001441393792629242,-0.006887316703796387
persona.high_e_high_n.v2.seed-3003.neutral,3003,neutral,persona.high_e_high_n.v2,high_e_high_n,v2,furious,0.0019091233611106873,0.009990345686674118
persona.high_e_high_n.v2.seed-3004.feedback_only,3004,feedback_only,persona.high_e_high_n.v2,high_e_high_n,v2,joyful,-0.0012856148183345794,-0.006643667817115784
persona.high_e_high_n.v2.seed-3004.feedback_only,3004,feedback_only,persona.high_e_high_n.v2,high_e_high_n,v2,grief_stricken,0.0032296866178512574,0.008281320333480835
persona.high_e_high_n.v2.seed-3004.feedback_only,3004,feedback_only,persona.high_e_high_n.v2,high_e_high_n,v2,furious,0.0029969457536935806,0.014142829924821854
persona.high_e_high_n.v2.seed-3004.supportive,3004,supportive,persona.high_e_high_n.v2,high_e_high_n,v2,joyful,8.842125535011292e-05,-0.0036686062812805176
persona.high_e_high_n.v2.seed-3004.supportive,3004,supportive,persona.high_e_high_n.v2,high_e_high_n,v2,grief_stricken,0.001753629744052887,0.003205627202987671
persona.high_e_high_n.v2.seed-3004.supportive,3004,supportive,persona.high_e_high_n.v2,high_e_high_n,v2,furious,0.0035549096763134004,0.01347256451845169
persona.high_e_high_n.v2.seed-3004.neutral,3004,neutral,persona.high_e_high_n.v2,high_e_high_n,v2,joyful,-0.00045919492840766906,-0.003294236958026886
persona.high_e_high_n.v2.seed-3004.neutral,3004,neutral,persona.high_e_high_n.v2,high_e_high_n,v2,grief_stricken,0.0005068749189376831,-0.00018280744552612305
persona.high_e_high_n.v2.seed-3004.neutral,3004,neutral,persona.high_e_high_n.v2,high_e_high_n,v2,furious,0.004263437911868095,0.016072344034910202
persona.high_e_high_n.v2.seed-3005.feedback_only,3005,feedback_only,persona.high_e_high_n.v2,high_e_high_n,v2,joyful,-0.0016377709805965423,-0.00901196151971817
persona.high_e_high_n.v2.seed-3005.feedback_only,3005,feedback_only,persona.high_e_high_n.v2,high_e_high_n,v2,grief_stricken,0.0035631448030471803,0.009702667593955994
persona.high_e_high_n.v2.seed-3005.feedback_only,3005,feedback_only,persona.high_e_high_n.v2,high_e_high_n,v2,furious,0.002469839155673981,0.01159742847084999
persona.high_e_high_n.v2.seed-3005.supportive,3005,supportive,persona.high_e_high_n.v2,high_e_high_n,v2,joyful,-0.000209229439496994,-0.004456669092178345
persona.high_e_high_n.v2.seed-3005.supportive,3005,supportive,persona.high_e_high_n.v2,high_e_high_n,v2,grief_stricken,0.0019311189651489257,0.0019316524267196655
persona.high_e_high_n.v2.seed-3005.supportive,3005,supportive,persona.high_e_high_n.v2,high_e_high_n,v2,furious,0.003303282707929611,0.013339851051568985
persona.high_e_high_n.v2.seed-3005.neutral,3005,neutral,persona.high_e_high_n.v2,high_e_high_n,v2,joyful,-0.0026379838585853578,-0.012355618178844452
persona.high_e_high_n.v2.seed-3005.neutral,3005,neutral,persona.high_e_high_n.v2,high_e_high_n,v2,grief_stricken,0.0011806339025497437,0.0009967833757400513
persona.high_e_high_n.v2.seed-3005.neutral,3005,neutral,persona.high_e_high_n.v2,high_e_high_n,v2,furious,0.004586095735430717,0.018141087144613266
persona.high_e_high_n.v2.seed-3006.feedback_only,3006,feedback_only,persona.high_e_high_n.v2,high_e_high_n,v2,joyful,-0.0013868555426597596,-0.008005201816558838
persona.high_e_high_n.v2.seed-3006.feedback_only,3006,feedback_only,persona.high_e_high_n.v2,high_e_high_n,v2,grief_stricken,0.004705898463726044,0.013464510440826416
persona.high_e_high_n.v2.seed-3006.feedback_only,3006,feedback_only,persona.high_e_high_n.v2,high_e_high_n,v2,furious,0.0035598773509263994,0.01798027753829956
persona.high_e_high_n.v2.seed-3006.supportive,3006,supportive,persona.high_e_high_n.v2,high_e_high_n,v2,joyful,0.00037393867969512937,-0.0013493970036506653
persona.high_e_high_n.v2.seed-3006.supportive,3006,supportive,persona.high_e_high_n.v2,high_e_high_n,v2,grief_stricken,0.004985111951828003,0.015141099691390991
persona.high_e_high_n.v2.seed-3006.supportive,3006,supportive,persona.high_e_high_n.v2,high_e_high_n,v2,furious,0.0025069527328014374,0.011088021099567413
persona.high_e_high_n.v2.seed-3006.neutral,3006,neutral,persona.high_e_high_n.v2,high_e_high_n,v2,joyful,-0.0008421942591667175,-0.004011236131191254
persona.high_e_high_n.v2.seed-3006.neutral,3006,neutral,persona.high_e_high_n.v2,high_e_high_n,v2,grief_stricken,0.002762070298194885,0.0077887773513793945
persona.high_e_high_n.v2.seed-3006.neutral,3006,neutral,persona.high_e_high_n.v2,high_e_high_n,v2,furious,0.003323720768094063,0.013091307133436203
persona.high_e_high_n.v2.seed-3007.feedback_only,3007,feedback_only,persona.high_e_high_n.v2,high_e_high_n,v2,joyful,-0.0016377709805965423,-0.00901196151971817
persona.high_e_high_n.v2.seed-3007.feedback_only,3007,feedback_only,persona.high_e_high_n.v2,high_e_high_n,v2,grief_stricken,0.0035631448030471803,0.009702667593955994
persona.high_e_high_n.v2.seed-3007.feedback_only,3007,feedback_only,persona.high_e_high_n.v2,high_e_high_n,v2,furious,0.002469839155673981,0.01159742847084999
persona.high_e_high_n.v2.seed-3007.supportive,3007,supportive,persona.high_e_high_n.v2,high_e_high_n,v2,joyful,-0.0007581271231174469,-0.0068782418966293335
persona.high_e_high_n.v2.seed-3007.supportive,3007,supportive,persona.high_e_high_n.v2,high_e_high_n,v2,grief_stricken,0.002502423524856567,0.004999488592147827
persona.high_e_high_n.v2.seed-3007.supportive,3007,supportive,persona.high_e_high_n.v2,high_e_high_n,v2,furious,0.00320923812687397,0.012767579406499863
persona.high_e_high_n.v2.seed-3007.neutral,3007,neutral,persona.high_e_high_n.v2,high_e_high_n,v2,joyful,-0.0031592711806297303,-0.014788910746574402
persona.high_e_high_n.v2.seed-3007.neutral,3007,neutral,persona.high_e_high_n.v2,high_e_high_n,v2,grief_stricken,0.0018508702516555787,0.004399731755256653
persona.high_e_high_n.v2.seed-3007.neutral,3007,neutral,persona.high_e_high_n.v2,high_e_high_n,v2,furious,0.004384591430425644,0.017059165984392166
persona.high_e_high_n.v2.seed-3008.feedback_only,3008,feedback_only,persona.high_e_high_n.v2,high_e_high_n,v2,joyful,0.0006487734615802764,0.002420760691165924
persona.high_e_high_n.v2.seed-3008.feedback_only,3008,feedback_only,persona.high_e_high_n.v2,high_e_high_n,v2,grief_stricken,-0.0019474387168884276,-0.017850250005722046
persona.high_e_high_n.v2.seed-3008.feedback_only,3008,feedback_only,persona.high_e_high_n.v2,high_e_high_n,v2,furious,-0.0022338926792144775,-0.0119212307035923
persona.high_e_high_n.v2.seed-3008.supportive,3008,supportive,persona.high_e_high_n.v2,high_e_high_n,v2,joyful,0.0015138216316699983,0.004158586263656616
persona.high_e_high_n.v2.seed-3008.supportive,3008,supportive,persona.high_e_high_n.v2,high_e_high_n,v2,grief_stricken,-0.0022232115268707277,-0.0188400000333786
persona.high_e_high_n.v2.seed-3008.supportive,3008,supportive,persona.high_e_high_n.v2,high_e_high_n,v2,furious,-0.00020417198538780212,-0.004197422415018082
persona.high_e_high_n.v2.seed-3008.neutral,3008,neutral,persona.high_e_high_n.v2,high_e_high_n,v2,joyful,-0.00028231143951416013,-0.0005772560834884644
persona.high_e_high_n.v2.seed-3008.neutral,3008,neutral,persona.high_e_high_n.v2,high_e_high_n,v2,grief_stricken,-0.0029002636671066283,-0.01940770447254181
persona.high_e_high_n.v2.seed-3008.neutral,3008,neutral,persona.high_e_high_n.v2,high_e_high_n,v2,furious,-0.0009919453412294387,-0.009749118238687515
persona.high_e_high_n.v2.seed-3009.feedback_only,3009,feedback_only,persona.high_e_high_n.v2,high_e_high_n,v2,joyful,-0.0010235682129859924,-0.003916822373867035
persona.high_e_high_n.v2.seed-3009.feedback_only,3009,feedback_only,persona.high_e_high_n.v2,high_e_high_n,v2,grief_stricken,0.0025331437587738036,0.007408738136291504
persona.high_e_high_n.v2.seed-3009.feedback_only,3009,feedback_only,persona.high_e_high_n.v2,high_e_high_n,v2,furious,0.004644825682044029,0.01770734414458275
persona.high_e_high_n.v2.seed-3009.supportive,3009,supportive,persona.high_e_high_n.v2,high_e_high_n,v2,joyful,0.0013582445681095123,0.0033411905169487
persona.high_e_high_n.v2.seed-3009.supportive,3009,supportive,persona.high_e_high_n.v2,high_e_high_n,v2,grief_stricken,0.001216597855091095,-0.001357927918434143
persona.high_e_high_n.v2.seed-3009.supportive,3009,supportive,persona.high_e_high_n.v2,high_e_high_n,v2,furious,0.00411887988448143,0.015273109078407288
persona.high_e_high_n.v2.seed-3009.neutral,3009,neutral,persona.high_e_high_n.v2,high_e_high_n,v2,joyful,-0.0019327081739902497,-0.009336717426776886
persona.high_e_high_n.v2.seed-3009.neutral,3009,neutral,persona.high_e_high_n.v2,high_e_high_n,v2,grief_stricken,0.0010853946208953858,0.001878395676612854
persona.high_e_high_n.v2.seed-3009.neutral,3009,neutral,persona.high_e_high_n.v2,high_e_high_n,v2,furious,0.005074688047170639,0.018955066800117493
persona.high_e_high_n.v2.seed-3010.feedback_only,3010,feedback_only,persona.high_e_high_n.v2,high_e_high_n,v2,joyful,-0.004823809862136841,-0.016839735209941864
persona.high_e_high_n.v2.seed-3010.feedback_only,3010,feedback_only,persona.high_e_high_n.v2,high_e_high_n,v2,grief_stricken,0.00206003338098526,0.005054011940956116
persona.high_e_high_n.v2.seed-3010.feedback_only,3010,feedback_only,persona.high_e_high_n.v2,high_e_high_n,v2,furious,0.0075374733656644825,0.02880062907934189
persona.high_e_high_n.v2.seed-3010.supportive,3010,supportive,persona.high_e_high_n.v2,high_e_high_n,v2,joyful,-0.004751439392566681,-0.018200576305389404
persona.high_e_high_n.v2.seed-3010.supportive,3010,supportive,persona.high_e_high_n.v2,high_e_high_n,v2,grief_stricken,0.000915701687335968,-7.045269012451172e-05
persona.high_e_high_n.v2.seed-3010.supportive,3010,supportive,persona.high_e_high_n.v2,high_e_high_n,v2,furious,0.008375154808163643,0.03135569393634796
persona.high_e_high_n.v2.seed-3010.neutral,3010,neutral,persona.high_e_high_n.v2,high_e_high_n,v2,joyful,-0.005392748862504959,-0.01973947137594223
persona.high_e_high_n.v2.seed-3010.neutral,3010,neutral,persona.high_e_high_n.v2,high_e_high_n,v2,grief_stricken,0.00034465789794921873,-0.002102404832839966
persona.high_e_high_n.v2.seed-3010.neutral,3010,neutral,persona.high_e_high_n.v2,high_e_high_n,v2,furious,0.01016729585826397,0.0379626527428627
persona.high_e_high_n.v3.seed-3001.feedback_only,3001,feedback_only,persona.high_e_high_n.v3,high_e_high_n,v3,joyful,-0.0013727501034736633,-0.007772892713546753
persona.high_e_high_n.v3.seed-3001.feedback_only,3001,feedback_only,persona.high_e_high_n.v3,high_e_high_n,v3,grief_stricken,0.0034990161657333374,0.009826406836509705
persona.high_e_high_n.v3.seed-3001.feedback_only,3001,feedback_only,persona.high_e_high_n.v3,high_e_high_n,v3,furious,0.0020325876772403716,0.009124800562858582
persona.high_e_high_n.v3.seed-3001.supportive,3001,supportive,persona.high_e_high_n.v3,high_e_high_n,v3,joyful,0.0003169514238834381,-0.0021755099296569824
persona.high_e_high_n.v3.seed-3001.supportive,3001,supportive,persona.high_e_high_n.v3,high_e_high_n,v3,grief_stricken,0.0019555315375328064,0.0021581053733825684
persona.high_e_high_n.v3.seed-3001.supportive,3001,supportive,persona.high_e_high_n.v3,high_e_high_n,v3,furious,0.002800627797842026,0.010888300836086273
persona.high_e_high_n.v3.seed-3001.neutral,3001,neutral,persona.high_e_high_n.v3,high_e_high_n,v3,joyful,-0.002178831398487091,-0.010241247713565826
persona.high_e_high_n.v3.seed-3001.neutral,3001,neutral,persona.high_e_high_n.v3,high_e_high_n,v3,grief_stricken,0.0011226221919059753,0.0010977685451507568
persona.high_e_high_n.v3.seed-3001.neutral,3001,neutral,persona.high_e_high_n.v3,high_e_high_n,v3,furious,0.00414678268134594,0.01589192822575569
persona.high_e_high_n.v3.seed-3002.feedback_only,3002,feedback_only,persona.high_e_high_n.v3,high_e_high_n,v3,joyful,-0.0013727501034736633,-0.007772892713546753
persona.high_e_high_n.v3.seed-3002.feedback_only,3002,feedback_only,persona.high_e_high_n.v3,high_e_high_n,v3,grief_stricken,0.0034990161657333374,0.009826406836509705
persona.high_e_high_n.v3.seed-3002.feedback_only,3002,feedback_only,persona.high_e_high_n.v3,high_e_high_n,v3,furious,0.0020325876772403716,0.009124800562858582
persona.high_e_high_n.v3.seed-3002.supportive,3002,supportive,persona.high_e_high_n.v3,high_e_high_n,v3,joyful,0.0003169514238834381,-0.0021755099296569824
persona.high_e_high_n.v3.seed-3002.supportive,3002,supportive,persona.high_e_high_n.v3,high_e_high_n,v3,grief_stricken,0.0019555315375328064,0.0021581053733825684
persona.high_e_high_n.v3.seed-3002.supportive,3002,supportive,persona.high_e_high_n.v3,high_e_high_n,v3,furious,0.002800627797842026,0.010888300836086273
persona.high_e_high_n.v3.seed-3002.neutral,3002,neutral,persona.high_e_high_n.v3,high_e_high_n,v3,joyful,-0.002178831398487091,-0.010241247713565826
persona.high_e_high_n.v3.seed-3002.neutral,3002,neutral,persona.high_e_high_n.v3,high_e_high_n,v3,grief_stricken,0.0011226221919059753,0.0010977685451507568
persona.high_e_high_n.v3.seed-3002.neutral,3002,neutral,persona.high_e_high_n.v3,high_e_high_n,v3,furious,0.00414678268134594,0.01589192822575569
persona.high_e_high_n.v3.seed-3003.feedback_only,3003,feedback_only,persona.high_e_high_n.v3,high_e_high_n,v3,joyful,0.0006269708275794983,0.0007626712322235107
persona.high_e_high_n.v3.seed-3003.feedback_only,3003,feedback_only,persona.high_e_high_n.v3,high_e_high_n,v3,grief_stricken,0.0005579635500907898,0.0010884255170822144
persona.high_e_high_n.v3.seed-3003.feedback_only,3003,feedback_only,persona.high_e_high_n.v3,high_e_high_n,v3,furious,-0.0015762746334075928,0.0009465441107749939
persona.high_e_high_n.v3.seed-3003.supportive,3003,supportive,persona.high_e_high_n.v3,high_e_high_n,v3,joyful,0.001166786253452301,0.002067558467388153
persona.high_e_high_n.v3.seed-3003.supportive,3003,supportive,persona.high_e_high_n.v3,high_e_high_n,v3,grief_stricken,-0.0007288262248039245,-0.005018576979637146
persona.high_e_high_n.v3.seed-3003.supportive,3003,supportive,persona.high_e_high_n.v3,high_e_high_n,v3,furious,-0.00020573101937770844,0.0026802606880664825
persona.high_e_high_n.v3.seed-3003.neutral,3003,neutral,persona.high_e_high_n.v3,high_e_high_n,v3,joyful,-0.001263958215713501,-0.005807667970657349
persona.high_e_high_n.v3.seed-3003.neutral,3003,neutral,persona.high_e_high_n.v3,high_e_high_n,v3,grief_stricken,-0.00155390202999115,-0.0069609880447387695
persona.high_e_high_n.v3.seed-3003.neutral,3003,neutral,persona.high_e_high_n.v3,high_e_high_n,v3,furious,0.0013342507183551789,0.007173504680395126
persona.high_e_high_n.v3.seed-3004.feedback_only,3004,feedback_only,persona.high_e_high_n.v3,high_e_high_n,v3,joyful,0.0008276835083961487,0.002848289906978607
persona.high_e_high_n.v3.seed-3004.feedback_only,3004,feedback_only,persona.high_e_high_n.v3,high_e_high_n,v3,grief_stricken,0.0022812604904174803,0.00675356388092041
persona.high_e_high_n.v3.seed-3004.feedback_only,3004,feedback_only,persona.high_e_high_n.v3,high_e_high_n,v3,furious,0.0028944503515958785,0.012884840369224548
persona.high_e_high_n.v3.seed-3004.supportive,3004,supportive,persona.high_e_high_n.v3,high_e_high_n,v3,joyful,0.0005695991218090058,-6.714463233947754e-05
persona.high_e_high_n.v3.seed-3004.supportive,3004,supportive,persona.high_e_high_n.v3,high_e_high_n,v3,grief_stricken,0.00229199081659317,0.004159852862358093
persona.high_e_high_n.v3.seed-3004.supportive,3004,supportive,persona.high_e_high_n.v3,high_e_high_n,v3,furious,0.0029403511434793472,0.009676780551671982
persona.high_e_high_n.v3.seed-3004.neutral,3004,neutral,persona.high_e_high_n.v3,high_e_high_n,v3,joyful,-0.00013385862112045289,-0.00161830335855484
persona.high_e_high_n.v3.seed-3004.neutral,3004,neutral,persona.high_e_high_n.v3,high_e_high_n,v3,grief_stricken,0.00041033774614334105,-0.0004319697618484497
persona.high_e_high_n.v3.seed-3004.neutral,3004,neutral,persona.high_e_high_n.v3,high_e_high_n,v3,furious,0.0038668431341648104,0.013979427516460419
persona.high_e_high_n.v3.seed-3005.feedback_only,3005,feedback_only,persona.high_e_high_n.v3,high_e_high_n,v3,joyful,-0.0013727501034736633,-0.007772892713546753
persona.high_e_high_n.v3.seed-3005.feedback_only,3005,feedback_only,persona.high_e_high_n.v3,high_e_high_n,v3,grief_stricken,0.0034990161657333374,0.009826406836509705
persona.high_e_high_n.v3.seed-3005.feedback_only,3005,feedback_only,persona.high_e_high_n.v3,high_e_high_n,v3,furious,0.0020325876772403716,0.009124800562858582
persona.high_e_high_n.v3.seed-3005.supportive,3005,supportive,persona.high_e_high_n.v3,high_e_high_n,v3,joyful,0.0003169514238834381,-0.0021755099296569824
persona.high_e_high_n.v3.seed-3005.supportive,3005,supportive,persona.high_e_high_n.v3,high_e_high_n,v3,grief_stricken,0.0019555315375328064,0.0021581053733825684
persona.high_e_high_n.v3.seed-3005.supportive,3005,supportive,persona.high_e_high_n.v3,high_e_high_n,v3,furious,0.002800627797842026,0.010888300836086273
persona.high_e_high_n.v3.seed-3005.neutral,3005,neutral,persona.high_e_high_n.v3,high_e_high_n,v3,joyful,-0.002178831398487091,-0.010241247713565826
persona.high_e_high_n.v3.seed-3005.neutral,3005,neutral,persona.high_e_high_n.v3,high_e_high_n,v3,grief_stricken,0.0011226221919059753,0.0010977685451507568
persona.high_e_high_n.v3.seed-3005.neutral,3005,neutral,persona.high_e_high_n.v3,high_e_high_n,v3,furious,0.00414678268134594,0.01589192822575569
persona.high_e_high_n.v3.seed-3006.feedback_only,3006,feedback_only,persona.high_e_high_n.v3,high_e_high_n,v3,joyful,-0.0010946929454803468,-0.006696127355098724
persona.high_e_high_n.v3.seed-3006.feedback_only,3006,feedback_only,persona.high_e_high_n.v3,high_e_high_n,v3,grief_stricken,0.0044144406914710995,0.012386739253997803
persona.high_e_high_n.v3.seed-3006.feedback_only,3006,feedback_only,persona.high_e_high_n.v3,high_e_high_n,v3,furious,0.003283094987273216,0.016945011913776398
persona.high_e_high_n.v3.seed-3006.supportive,3006,supportive,persona.high_e_high_n.v3,high_e_high_n,v3,joyful,0.000727013498544693,0.00023620575666427612
persona.high_e_high_n.v3.seed-3006.supportive,3006,supportive,persona.high_e_high_n.v3,high_e_high_n,v3,grief_stricken,0.004804323613643646,0.014375895261764526
persona.high_e_high_n.v3.seed-3006.supportive,3006,supportive,persona.high_e_high_n.v3,high_e_high_n,v3,furious,0.002171899750828743,0.009595777839422226
persona.high_e_high_n.v3.seed-3006.neutral,3006,neutral,persona.high_e_high_n.v3,high_e_high_n,v3,joyful,-0.00033538490533828734,-0.0017793923616409302
persona.high_e_high_n.v3.seed-3006.neutral,3006,neutral,persona.high_e_high_n.v3,high_e_high_n,v3,grief_stricken,0.0026120573282241823,0.007321655750274658
persona.high_e_high_n.v3.seed-3006.neutral,3006,neutral,persona.high_e_high_n.v3,high_e_high_n,v3,furious,0.0030993193387985228,0.012088160961866379
persona.high_e_high_n.v3.seed-3007.feedback_only,3007,feedback_only,persona.high_e_high_n.v3,high_e_high_n,v3,joyful,-0.0013727501034736633,-0.007772892713546753
persona.high_e_high_n.v3.seed-3007.feedback_only,3007,feedback_only,persona.high_e_high_n.v3,high_e_high_n,v3,grief_stricken,0.0034990161657333374,0.009826406836509705
persona.high_e_high_n.v3.seed-3007.feedback_only,3007,feedback_only,persona.high_e_high_n.v3,high_e_high_n,v3,furious,0.0020325876772403716,0.009124800562858582
persona.high_e_high_n.v3.seed-3007.supportive,3007,supportive,persona.high_e_high_n.v3,high_e_high_n,v3,joyful,0.0003169514238834381,-0.0021755099296569824
persona.high_e_high_n.v3.seed-3007.supportive,3007,supportive,persona.high_e_high_n.v3,high_e_high_n,v3,grief_stricken,0.0019555315375328064,0.0021581053733825684
persona.high_e_high_n.v3.seed-3007.supportive,3007,supportive,persona.high_e_high_n.v3,high_e_high_n,v3,furious,0.002800627797842026,0.010888300836086273
persona.high_e_high_n.v3.seed-3007.neutral,3007,neutral,persona.high_e_high_n.v3,high_e_high_n,v3,joyful,-0.002178831398487091,-0.010241247713565826
persona.high_e_high_n.v3.seed-3007.neutral,3007,neutral,persona.high_e_high_n.v3,high_e_high_n,v3,grief_stricken,0.0011226221919059753,0.0010977685451507568
persona.high_e_high_n.v3.seed-3007.neutral,3007,neutral,persona.high_e_high_n.v3,high_e_high_n,v3,furious,0.00414678268134594,0.01589192822575569
persona.high_e_high_n.v3.seed-3008.feedback_only,3008,feedback_only,persona.high_e_high_n.v3,high_e_high_n,v3,joyful,0.0008599698543548584,0.0033907070755958557
persona.high_e_high_n.v3.seed-3008.feedback_only,3008,feedback_only,persona.high_e_high_n.v3,high_e_high_n,v3,grief_stricken,-0.002135789394378662,-0.018347620964050293
persona.high_e_high_n.v3.seed-3008.feedback_only,3008,feedback_only,persona.high_e_high_n.v3,high_e_high_n,v3,furious,-0.0025526434183120728,-0.01380135491490364
persona.high_e_high_n.v3.seed-3008.supportive,3008,supportive,persona.high_e_high_n.v3,high_e_high_n,v3,joyful,0.001853499561548233,0.005507230758666992
persona.high_e_high_n.v3.seed-3008.supportive,3008,supportive,persona.high_e_high_n.v3,high_e_high_n,v3,grief_stricken,-0.002265201508998871,-0.018945559859275818
persona.high_e_high_n.v3.seed-3008.supportive,3008,supportive,persona.high_e_high_n.v3,high_e_high_n,v3,furious,-0.0005446106195449829,-0.00583789125084877
persona.high_e_high_n.v3.seed-3008.neutral,3008,neutral,persona.high_e_high_n.v3,high_e_high_n,v3,joyful,7.317960262298584e-06,0.0006894990801811218
persona.high_e_high_n.v3.seed-3008.neutral,3008,neutral,persona.high_e_high_n.v3,high_e_high_n,v3,grief_stricken,-0.003032185137271881,-0.019676268100738525
persona.high_e_high_n.v3.seed-3008.neutral,3008,neutral,persona.high_e_high_n.v3,high_e_high_n,v3,furious,-0.0012722034007310867,-0.01120300218462944
persona.high_e_high_n.v3.seed-3009.feedback_only,3009,feedback_only,persona.high_e_high_n.v3,high_e_high_n,v3,joyful,-0.0013727501034736633,-0.007772892713546753
persona.high_e_high_n.v3.seed-3009.feedback_only,3009,feedback_only,persona.high_e_high_n.v3,high_e_high_n,v3,grief_stricken,0.0034990161657333374,0.009826406836509705
persona.high_e_high_n.v3.seed-3009.feedback_only,3009,feedback_only,persona.high_e_high_n.v3,high_e_high_n,v3,furious,0.0020325876772403716,0.009124800562858582
persona.high_e_high_n.v3.seed-3009.supportive,3009,supportive,persona.high_e_high_n.v3,high_e_high_n,v3,joyful,0.0003169514238834381,-0.0021755099296569824
persona.high_e_high_n.v3.seed-3009.supportive,3009,supportive,persona.high_e_high_n.v3,high_e_high_n,v3,grief_stricken,0.0019555315375328064,0.0021581053733825684
persona.high_e_high_n.v3.seed-3009.supportive,3009,supportive,persona.high_e_high_n.v3,high_e_high_n,v3,furious,0.002800627797842026,0.010888300836086273
persona.high_e_high_n.v3.seed-3009.neutral,3009,neutral,persona.high_e_high_n.v3,high_e_high_n,v3,joyful,-0.002178831398487091,-0.010241247713565826
persona.high_e_high_n.v3.seed-3009.neutral,3009,neutral,persona.high_e_high_n.v3,high_e_high_n,v3,grief_stricken,0.0011226221919059753,0.0010977685451507568
persona.high_e_high_n.v3.seed-3009.neutral,3009,neutral,persona.high_e_high_n.v3,high_e_high_n,v3,furious,0.00414678268134594,0.01589192822575569
persona.high_e_high_n.v3.seed-3010.feedback_only,3010,feedback_only,persona.high_e_high_n.v3,high_e_high_n,v3,joyful,-0.004386083036661148,-0.015278168022632599
persona.high_e_high_n.v3.seed-3010.feedback_only,3010,feedback_only,persona.high_e_high_n.v3,high_e_high_n,v3,grief_stricken,0.0021025568246841432,0.005017146468162537
persona.high_e_high_n.v3.seed-3010.feedback_only,3010,feedback_only,persona.high_e_high_n.v3,high_e_high_n,v3,furious,0.0070788063108921054,0.027162857353687286
persona.high_e_high_n.v3.seed-3010.supportive,3010,supportive,persona.high_e_high_n.v3,high_e_high_n,v3,joyful,-0.004072453826665878,-0.015636175870895386
persona.high_e_high_n.v3.seed-3010.supportive,3010,supportive,persona.high_e_high_n.v3,high_e_high_n,v3,grief_stricken,0.0009564831852912903,-0.00016120076179504395
persona.high_e_high_n.v3.seed-3010.supportive,3010,supportive,persona.high_e_high_n.v3,high_e_high_n,v3,furious,0.007856026291847229,0.02936432510614395
persona.high_e_high_n.v3.seed-3010.neutral,3010,neutral,persona.high_e_high_n.v3,high_e_high_n,v3,joyful,-0.004872501641511917,-0.017667442560195923
persona.high_e_high_n.v3.seed-3010.neutral,3010,neutral,persona.high_e_high_n.v3,high_e_high_n,v3,grief_stricken,0.00036754757165908815,-0.002095744013786316
persona.high_e_high_n.v3.seed-3010.neutral,3010,neutral,persona.high_e_high_n.v3,high_e_high_n,v3,furious,0.009780872985720635,0.036629367619752884
persona.high_e_low_n.seed-3001.feedback_only,3001,feedback_only,persona.high_e_low_n,high_e_low_n,v1,joyful,-0.0012739554047584533,-0.007326334714889526
persona.high_e_low_n.seed-3001.feedback_only,3001,feedback_only,persona.high_e_low_n,high_e_low_n,v1,grief_stricken,0.0035493999719619753,0.010013893246650696
persona.high_e_low_n.seed-3001.feedback_only,3001,feedback_only,persona.high_e_low_n,high_e_low_n,v1,furious,0.002367115020751953,0.011088810861110687
persona.high_e_low_n.seed-3001.supportive,3001,supportive,persona.high_e_low_n,high_e_low_n,v1,joyful,4.0458887815475465e-05,-0.0033056214451789856
persona.high_e_low_n.seed-3001.supportive,3001,supportive,persona.high_e_low_n,high_e_low_n,v1,grief_stricken,0.0019578590989112856,0.002267017960548401
persona.high_e_low_n.seed-3001.supportive,3001,supportive,persona.high_e_low_n,high_e_low_n,v1,furious,0.0031281162053346636,0.012540910392999649
persona.high_e_low_n.seed-3001.neutral,3001,neutral,persona.high_e_low_n,high_e_low_n,v1,joyful,-0.0022141873836517335,-0.010185405611991882
persona.high_e_low_n.seed-3001.neutral,3001,neutral,persona.high_e_low_n,high_e_low_n,v1,grief_stricken,0.0010763555765151978,0.0006730407476425171
persona.high_e_low_n.seed-3001.neutral,3001,neutral,persona.high_e_low_n,high_e_low_n,v1,furious,0.004515383392572403,0.017775118350982666
persona.high_e_low_n.seed-3002.feedback_only,3002,feedback_only,persona.high_e_low_n,high_e_low_n,v1,joyful,-0.0012739554047584533,-0.007326334714889526
persona.high_e_low_n.seed-3002.feedback_only,3002,feedback_only,persona.high_e_low_n,high_e_low_n,v1,grief_stricken,0.0035493999719619753,0.010013893246650696
persona.high_e_low_n.seed-3002.feedback_only,3002,feedback_only,persona.high_e_low_n,high_e_low_n,v1,furious,0.002367115020751953,0.011088810861110687
persona.high_e_low_n.seed-3002.supportive,3002,supportive,persona.high_e_low_n,high_e_low_n,v1,joyful,4.0458887815475465e-05,-0.0033056214451789856
persona.high_e_low_n.seed-3002.supportive,3002,supportive,persona.high_e_low_n,high_e_low_n,v1,grief_stricken,0.0019578590989112856,0.002267017960548401
persona.high_e_low_n.seed-3002.supportive,3002,supportive,persona.high_e_low_n,high_e_low_n,v1,furious,0.0031281162053346636,0.012540910392999649
persona.high_e_low_n.seed-3002.neutral,3002,neutral,persona.high_e_low_n,high_e_low_n,v1,joyful,-0.0022141873836517335,-0.010185405611991882
persona.high_e_low_n.seed-3002.neutral,3002,neutral,persona.high_e_low_n,high_e_low_n,v1,grief_stricken,0.0010763555765151978,0.0006730407476425171
persona.high_e_low_n.seed-3002.neutral,3002,neutral,persona.high_e_low_n,high_e_low_n,v1,furious,0.004515383392572403,0.017775118350982666
persona.high_e_low_n.seed-3003.feedback_only,3003,feedback_only,persona.high_e_low_n,high_e_low_n,v1,joyful,0.0006785847246646882,0.0009629055857658386
persona.high_e_low_n.seed-3003.feedback_only,3003,feedback_only,persona.high_e_low_n,high_e_low_n,v1,grief_stricken,0.0006401881575584412,0.001337498426437378
persona.high_e_low_n.seed-3003.feedback_only,3003,feedback_only,persona.high_e_low_n,high_e_low_n,v1,furious,-0.0013326536864042282,0.002619437873363495
persona.high_e_low_n.seed-3003.supportive,3003,supportive,persona.high_e_low_n,high_e_low_n,v1,joyful,0.0009278856217861175,0.001035436987876892
persona.high_e_low_n.seed-3003.supportive,3003,supportive,persona.high_e_low_n,high_e_low_n,v1,grief_stricken,-0.0008007034659385682,-0.00519193708896637
persona.high_e_low_n.seed-3003.supportive,3003,supportive,persona.high_e_low_n,high_e_low_n,v1,furious,9.834021329879761e-06,0.004181485623121262
persona.high_e_low_n.seed-3003.neutral,3003,neutral,persona.high_e_low_n,high_e_low_n,v1,joyful,-0.0012935250997543335,-0.0059106796979904175
persona.high_e_low_n.seed-3003.neutral,3003,neutral,persona.high_e_low_n,high_e_low_n,v1,grief_stricken,-0.001610429584980011,-0.007348686456680298
persona.high_e_low_n.seed-3003.neutral,3003,neutral,persona.high_e_low_n,high_e_low_n,v1,furious,0.0016488846391439437,0.009040936827659607
persona.high_e_low_n.seed-3004.feedback_only,3004,feedback_only,persona.high_e_low_n,high_e_low_n,v1,joyful,0.0009521491825580597,0.003313034772872925
persona.high_e_low_n.seed-3004.feedback_only,3004,feedback_only,persona.high_e_low_n,high_e_low_n,v1,grief_stricken,0.002433992922306061,0.007512494921684265
persona.high_e_low_n.seed-3004.feedback_only,3004,feedback_only,persona.high_e_low_n,high_e_low_n,v1,furious,0.0031772684305906296,0.014499619603157043
persona.high_e_low_n.seed-3004.supportive,3004,supportive,persona.high_e_low_n,high_e_low_n,v1,joyful,0.00035759285092353823,-0.001134723424911499
persona.high_e_low_n.seed-3004.supportive,3004,supportive,persona.high_e_low_n,high_e_low_n,v1,grief_stricken,0.002300529181957245,0.004306897521018982
persona.high_e_low_n.seed-3004.supportive,3004,supportive,persona.high_e_low_n,high_e_low_n,v1,furious,0.003293315693736076,0.011473458260297775
persona.high_e_low_n.seed-3004.neutral,3004,neutral,persona.high_e_low_n,high_e_low_n,v1,joyful,-0.00012080594897270202,-0.0014871880412101746
persona.high_e_low_n.seed-3004.neutral,3004,neutral,persona.high_e_low_n,high_e_low_n,v1,grief_stricken,0.0005073443055152894,-6.864964962005615e-05
persona.high_e_low_n.seed-3004.neutral,3004,neutral,persona.high_e_low_n,high_e_low_n,v1,furious,0.004211524128913879,0.015721004456281662
persona.high_e_low_n.seed-3005.feedback_only,3005,feedback_only,persona.high_e_low_n,high_e_low_n,v1,joyful,-0.0012739554047584533,-0.007326334714889526
persona.high_e_low_n.seed-3005.feedback_only,3005,feedback_only,persona.high_e_low_n,high_e_low_n,v1,grief_stricken,0.0035493999719619753,0.010013893246650696
persona.high_e_low_n.seed-3005.feedback_only,3005,feedback_only,persona.high_e_low_n,high_e_low_n,v1,furious,0.002367115020751953,0.011088810861110687
persona.high_e_low_n.seed-3005.supportive,3005,supportive,persona.high_e_low_n,high_e_low_n,v1,joyful,4.0458887815475465e-05,-0.0033056214451789856
persona.high_e_low_n.seed-3005.supportive,3005,supportive,persona.high_e_low_n,high_e_low_n,v1,grief_stricken,0.0019578590989112856,0.002267017960548401
persona.high_e_low_n.seed-3005.supportive,3005,supportive,persona.high_e_low_n,high_e_low_n,v1,furious,0.0031281162053346636,0.012540910392999649
persona.high_e_low_n.seed-3005.neutral,3005,neutral,persona.high_e_low_n,high_e_low_n,v1,joyful,-0.0022141873836517335,-0.010185405611991882
persona.high_e_low_n.seed-3005.neutral,3005,neutral,persona.high_e_low_n,high_e_low_n,v1,grief_stricken,0.0010763555765151978,0.0006730407476425171
persona.high_e_low_n.seed-3005.neutral,3005,neutral,persona.high_e_low_n,high_e_low_n,v1,furious,0.004515383392572403,0.017775118350982666
persona.high_e_low_n.seed-3006.feedback_only,3006,feedback_only,persona.high_e_low_n,high_e_low_n,v1,joyful,-0.0011146314442157744,-0.0068359375
persona.high_e_low_n.seed-3006.feedback_only,3006,feedback_only,persona.high_e_low_n,high_e_low_n,v1,grief_stricken,0.004472894966602326,0.012781843543052673
persona.high_e_low_n.seed-3006.feedback_only,3006,feedback_only,persona.high_e_low_n,high_e_low_n,v1,furious,0.003618210181593895,0.018434809520840645
persona.high_e_low_n.seed-3006.supportive,3006,supportive,persona.high_e_low_n,high_e_low_n,v1,joyful,0.0005200333893299103,-0.0007072314620018005
persona.high_e_low_n.seed-3006.supportive,3006,supportive,persona.high_e_low_n,high_e_low_n,v1,grief_stricken,0.0048464775085449215,0.014668896794319153
persona.high_e_low_n.seed-3006.supportive,3006,supportive,persona.high_e_low_n,high_e_low_n,v1,furious,0.0024364665150642395,0.011020168662071228
persona.high_e_low_n.seed-3006.neutral,3006,neutral,persona.high_e_low_n,high_e_low_n,v1,joyful,-0.0003311842679977417,-0.0016693994402885437
persona.high_e_low_n.seed-3006.neutral,3006,neutral,persona.high_e_low_n,high_e_low_n,v1,grief_stricken,0.00266462117433548,0.007521539926528931
persona.high_e_low_n.seed-3006.neutral,3006,neutral,persona.high_e_low_n,high_e_low_n,v1,furious,0.0032763179391622544,0.013008557260036469
persona.high_e_low_n.seed-3007.feedback_only,3007,feedback_only,persona.high_e_low_n,high_e_low_n,v1,joyful,-0.0012739554047584533,-0.007326334714889526
persona.high_e_low_n.seed-3007.feedback_only,3007,feedback_only,persona.high_e_low_n,high_e_low_n,v1,grief_stricken,0.0035493999719619753,0.010013893246650696
persona.high_e_low_n.seed-3007.feedback_only,3007,feedback_only,persona.high_e_low_n,high_e_low_n,v1,furious,0.002367115020751953,0.011088810861110687
persona.high_e_low_n.seed-3007.supportive,3007,supportive,persona.high_e_low_n,high_e_low_n,v1,joyful,-0.0005537346005439758,-0.0059402212500572205
persona.high_e_low_n.seed-3007.supportive,3007,supportive,persona.high_e_low_n,high_e_low_n,v1,grief_stricken,0.0024836331605911253,0.005106315016746521
persona.high_e_low_n.seed-3007.supportive,3007,supportive,persona.high_e_low_n,high_e_low_n,v1,furious,0.003036632016301155,0.012003455311059952
persona.high_e_low_n.seed-3007.neutral,3007,neutral,persona.high_e_low_n,high_e_low_n,v1,joyful,-0.0027347415685653686,-0.012615770101547241
persona.high_e_low_n.seed-3007.neutral,3007,neutral,persona.high_e_low_n,high_e_low_n,v1,grief_stricken,0.0017313927412033081,0.003973275423049927
persona.high_e_low_n.seed-3007.neutral,3007,neutral,persona.high_e_low_n,high_e_low_n,v1,furious,0.00434274859726429,0.016844145953655243
persona.high_e_low_n.seed-3008.feedback_only,3008,feedback_only,persona.high_e_low_n,high_e_low_n,v1,joyful,0.0007864683866500854,0.0029757842421531677
persona.high_e_low_n.seed-3008.feedback_only,3008,feedback_only,persona.high_e_low_n,high_e_low_n,v1,grief_stricken,-0.0020223259925842285,-0.017844736576080322
persona.high_e_low_n.seed-3008.feedback_only,3008,feedback_only,persona.high_e_low_n,high_e_low_n,v1,furious,-0.0022439710795879365,-0.01196661964058876
persona.high_e_low_n.seed-3008.supportive,3008,supportive,persona.high_e_low_n,high_e_low_n,v1,joyful,0.0015311084687709808,0.004147626459598541
persona.high_e_low_n.seed-3008.supportive,3008,supportive,persona.high_e_low_n,high_e_low_n,v1,grief_stricken,-0.0022954091429710386,-0.01899932324886322
persona.high_e_low_n.seed-3008.supportive,3008,supportive,persona.high_e_low_n,high_e_low_n,v1,furious,-0.00025043301284313204,-0.004351835697889328
persona.high_e_low_n.seed-3008.neutral,3008,neutral,persona.high_e_low_n,high_e_low_n,v1,joyful,-0.0002367362380027771,-0.00029814988374710083
persona.high_e_low_n.seed-3008.neutral,3008,neutral,persona.high_e_low_n,high_e_low_n,v1,grief_stricken,-0.0029772490262985228,-0.019594982266426086
persona.high_e_low_n.seed-3008.neutral,3008,neutral,persona.high_e_low_n,high_e_low_n,v1,furious,-0.0010327041149139405,-0.009965319186449051
persona.high_e_low_n.seed-3009.feedback_only,3009,feedback_only,persona.high_e_low_n,high_e_low_n,v1,joyful,-0.0006595447659492493,-0.002484142780303955
persona.high_e_low_n.seed-3009.feedback_only,3009,feedback_only,persona.high_e_low_n,high_e_low_n,v1,grief_stricken,0.0025903210043907166,0.007864698767662048
persona.high_e_low_n.seed-3009.feedback_only,3009,feedback_only,persona.high_e_low_n,high_e_low_n,v1,furious,0.004709153994917869,0.017781641334295273
persona.high_e_low_n.seed-3009.supportive,3009,supportive,persona.high_e_low_n,high_e_low_n,v1,joyful,0.00146966353058815,0.0036801397800445557
persona.high_e_low_n.seed-3009.supportive,3009,supportive,persona.high_e_low_n,high_e_low_n,v1,grief_stricken,0.0012477830052375794,-0.00113619863986969
persona.high_e_low_n.seed-3009.supportive,3009,supportive,persona.high_e_low_n,high_e_low_n,v1,furious,0.004003783687949181,0.014440257102251053
persona.high_e_low_n.seed-3009.neutral,3009,neutral,persona.high_e_low_n,high_e_low_n,v1,joyful,-0.0017542824149131774,-0.008569173514842987
persona.high_e_low_n.seed-3009.neutral,3009,neutral,persona.high_e_low_n,high_e_low_n,v1,grief_stricken,0.0009935617446899414,0.001646682620048523
persona.high_e_low_n.seed-3009.neutral,3009,neutral,persona.high_e_low_n,high_e_low_n,v1,furious,0.005232842639088631,0.01945088431239128
persona.high_e_low_n.seed-3010.feedback_only,3010,feedback_only,persona.high_e_low_n,high_e_low_n,v1,joyful,-0.004321353882551194,-0.014989271759986877
persona.high_e_low_n.seed-3010.feedback_only,3010,feedback_only,persona.high_e_low_n,high_e_low_n,v1,grief_stricken,0.0021405547857284548,0.005286470055580139
persona.high_e_low_n.seed-3010.feedback_only,3010,feedback_only,persona.high_e_low_n,high_e_low_n,v1,furious,0.007521847635507584,0.028623834252357483
persona.high_e_low_n.seed-3010.supportive,3010,supportive,persona.high_e_low_n,high_e_low_n,v1,joyful,-0.0041677579283714294,-0.016101419925689697
persona.high_e_low_n.seed-3010.supportive,3010,supportive,persona.high_e_low_n,high_e_low_n,v1,grief_stricken,0.0009512230753898621,-4.988908767700195e-05
persona.high_e_low_n.seed-3010.supportive,3010,supportive,persona.high_e_low_n,high_e_low_n,v1,furious,0.008430417627096176,0.03128163516521454
persona.high_e_low_n.seed-3010.neutral,3010,neutral,persona.high_e_low_n,high_e_low_n,v1,joyful,-0.004886628687381744,-0.017813317477703094
persona.high_e_low_n.seed-3010.neutral,3010,neutral,persona.high_e_low_n,high_e_low_n,v1,grief_stricken,0.0004018023610115051,-0.0019124001264572144
persona.high_e_low_n.seed-3010.neutral,3010,neutral,persona.high_e_low_n,high_e_low_n,v1,furious,0.010351242870092392,0.03867374733090401
persona.high_e_low_n.v2.seed-3001.feedback_only,3001,feedback_only,persona.high_e_low_n.v2,high_e_low_n,v2,joyful,-0.001483272761106491,-0.008247815072536469
persona.high_e_low_n.v2.seed-3001.feedback_only,3001,feedback_only,persona.high_e_low_n.v2,high_e_low_n,v2,grief_stricken,0.0034409016370773315,0.00907161831855774
persona.high_e_low_n.v2.seed-3001.feedback_only,3001,feedback_only,persona.high_e_low_n.v2,high_e_low_n,v2,furious,0.00243479497730732,0.011577591300010681
persona.high_e_low_n.v2.seed-3001.supportive,3001,supportive,persona.high_e_low_n.v2,high_e_low_n,v2,joyful,-0.00023459717631340026,-0.004472546279430389
persona.high_e_low_n.v2.seed-3001.supportive,3001,supportive,persona.high_e_low_n.v2,high_e_low_n,v2,grief_stricken,0.0018336609005928039,0.0014195144176483154
persona.high_e_low_n.v2.seed-3001.supportive,3001,supportive,persona.high_e_low_n.v2,high_e_low_n,v2,furious,0.0032739866524934768,0.013196859508752823
persona.high_e_low_n.v2.seed-3001.neutral,3001,neutral,persona.high_e_low_n.v2,high_e_low_n,v2,joyful,-0.002413520961999893,-0.011183492839336395
persona.high_e_low_n.v2.seed-3001.neutral,3001,neutral,persona.high_e_low_n.v2,high_e_low_n,v2,grief_stricken,0.0010772421956062317,0.00029934942722320557
persona.high_e_low_n.v2.seed-3001.neutral,3001,neutral,persona.high_e_low_n.v2,high_e_low_n,v2,furious,0.004562990739941597,0.018094465136528015
persona.high_e_low_n.v2.seed-3002.feedback_only,3002,feedback_only,persona.high_e_low_n.v2,high_e_low_n,v2,joyful,-0.001483272761106491,-0.008247815072536469
persona.high_e_low_n.v2.seed-3002.feedback_only,3002,feedback_only,persona.high_e_low_n.v2,high_e_low_n,v2,grief_stricken,0.0034409016370773315,0.00907161831855774
persona.high_e_low_n.v2.seed-3002.feedback_only,3002,feedback_only,persona.high_e_low_n.v2,high_e_low_n,v2,furious,0.00243479497730732,0.011577591300010681
persona.high_e_low_n.v2.seed-3002.supportive,3002,supportive,persona.high_e_low_n.v2,high_e_low_n,v2,joyful,-0.00023459717631340026,-0.004472546279430389
persona.high_e_low_n.v2.seed-3002.supportive,3002,supportive,persona.high_e_low_n.v2,high_e_low_n,v2,grief_stricken,0.0018336609005928039,0.0014195144176483154
persona.high_e_low_n.v2.seed-3002.supportive,3002,supportive,persona.high_e_low_n.v2,high_e_low_n,v2,furious,0.0032739866524934768,0.013196859508752823
persona.high_e_low_n.v2.seed-3002.neutral,3002,neutral,persona.high_e_low_n.v2,high_e_low_n,v2,joyful,-0.002413520961999893,-0.011183492839336395
persona.high_e_low_n.v2.seed-3002.neutral,3002,neutral,persona.high_e_low_n.v2,high_e_low_n,v2,grief_stricken,0.0010772421956062317,0.00029934942722320557
persona.high_e_low_n.v2.seed-3002.neutral,3002,neutral,persona.high_e_low_n.v2,high_e_low_n,v2,furious,0.004562990739941597,0.018094465136528015
persona.high_e_low_n.v2.seed-3003.feedback_only,3003,feedback_only,persona.high_e_low_n.v2,high_e_low_n,v2,joyful,0.00029005929827690123,-0.0005931109189987183
persona.high_e_low_n.v2.seed-3003.feedback_only,3003,feedback_only,persona.high_e_low_n.v2,high_e_low_n,v2,grief_stricken,0.0006633922457695007,0.0009876042604446411
persona.high_e_low_n.v2.seed-3003.feedback_only,3003,feedback_only,persona.high_e_low_n.v2,high_e_low_n,v2,furious,-0.0008889727294445037,0.0041855089366436005
persona.high_e_low_n.v2.seed-3003.supportive,3003,supportive,persona.high_e_low_n.v2,high_e_low_n,v2,joyful,0.0005209863185882569,-0.0005551427602767944
persona.high_e_low_n.v2.seed-3003.supportive,3003,supportive,persona.high_e_low_n.v2,high_e_low_n,v2,grief_stricken,-0.0007473543286323547,-0.005526676774024963
persona.high_e_low_n.v2.seed-3003.supportive,3003,supportive,persona.high_e_low_n.v2,high_e_low_n,v2,furious,0.0005116943269968033,0.005860734730958939
persona.high_e_low_n.v2.seed-3003.neutral,3003,neutral,persona.high_e_low_n.v2,high_e_low_n,v2,joyful,-0.001637866348028183,-0.007473021745681763
persona.high_e_low_n.v2.seed-3003.neutral,3003,neutral,persona.high_e_low_n.v2,high_e_low_n,v2,grief_stricken,-0.001487627625465393,-0.007344380021095276
persona.high_e_low_n.v2.seed-3003.neutral,3003,neutral,persona.high_e_low_n.v2,high_e_low_n,v2,furious,0.0019617479294538496,0.010202378034591675
persona.high_e_low_n.v2.seed-3004.feedback_only,3004,feedback_only,persona.high_e_low_n.v2,high_e_low_n,v2,joyful,-0.0011351950466632842,-0.005898557603359222
persona.high_e_low_n.v2.seed-3004.feedback_only,3004,feedback_only,persona.high_e_low_n.v2,high_e_low_n,v2,grief_stricken,0.0031264171004295347,0.007667362689971924
persona.high_e_low_n.v2.seed-3004.feedback_only,3004,feedback_only,persona.high_e_low_n.v2,high_e_low_n,v2,furious,0.0030250661075115204,0.014375660568475723
persona.high_e_low_n.v2.seed-3004.supportive,3004,supportive,persona.high_e_low_n.v2,high_e_low_n,v2,joyful,6.915703415870667e-05,-0.0038874149322509766
persona.high_e_low_n.v2.seed-3004.supportive,3004,supportive,persona.high_e_low_n.v2,high_e_low_n,v2,grief_stricken,0.0016462251543998719,0.0026153773069381714
persona.high_e_low_n.v2.seed-3004.supportive,3004,supportive,persona.high_e_low_n.v2,high_e_low_n,v2,furious,0.003515525162220001,0.013378322124481201
persona.high_e_low_n.v2.seed-3004.neutral,3004,neutral,persona.high_e_low_n.v2,high_e_low_n,v2,joyful,-0.0021199718117713927,-0.009540311992168427
persona.high_e_low_n.v2.seed-3004.neutral,3004,neutral,persona.high_e_low_n.v2,high_e_low_n,v2,grief_stricken,0.001084020733833313,0.0017091482877731323
persona.high_e_low_n.v2.seed-3004.neutral,3004,neutral,persona.high_e_low_n.v2,high_e_low_n,v2,furious,0.004211496189236641,0.015532813966274261
persona.high_e_low_n.v2.seed-3005.feedback_only,3005,feedback_only,persona.high_e_low_n.v2,high_e_low_n,v2,joyful,-0.001483272761106491,-0.008247815072536469
persona.high_e_low_n.v2.seed-3005.feedback_only,3005,feedback_only,persona.high_e_low_n.v2,high_e_low_n,v2,grief_stricken,0.0034409016370773315,0.00907161831855774
persona.high_e_low_n.v2.seed-3005.feedback_only,3005,feedback_only,persona.high_e_low_n.v2,high_e_low_n,v2,furious,0.00243479497730732,0.011577591300010681
persona.high_e_low_n.v2.seed-3005.supportive,3005,supportive,persona.high_e_low_n.v2,high_e_low_n,v2,joyful,-0.00023459717631340026,-0.004472546279430389
persona.high_e_low_n.v2.seed-3005.supportive,3005,supportive,persona.high_e_low_n.v2,high_e_low_n,v2,grief_stricken,0.0018336609005928039,0.0014195144176483154
persona.high_e_low_n.v2.seed-3005.supportive,3005,supportive,persona.high_e_low_n.v2,high_e_low_n,v2,furious,0.0032739866524934768,0.013196859508752823
persona.high_e_low_n.v2.seed-3005.neutral,3005,neutral,persona.high_e_low_n.v2,high_e_low_n,v2,joyful,-0.002413520961999893,-0.011183492839336395
persona.high_e_low_n.v2.seed-3005.neutral,3005,neutral,persona.high_e_low_n.v2,high_e_low_n,v2,grief_stricken,0.0010772421956062317,0.00029934942722320557
persona.high_e_low_n.v2.seed-3005.neutral,3005,neutral,persona.high_e_low_n.v2,high_e_low_n,v2,furious,0.004562990739941597,0.018094465136528015
persona.high_e_low_n.v2.seed-3006.feedback_only,3006,feedback_only,persona.high_e_low_n.v2,high_e_low_n,v2,joyful,-0.001339402049779892,-0.007790647447109222
persona.high_e_low_n.v2.seed-3006.feedback_only,3006,feedback_only,persona.high_e_low_n.v2,high_e_low_n,v2,grief_stricken,0.004613593220710754,0.013101458549499512
persona.high_e_low_n.v2.seed-3006.feedback_only,3006,feedback_only,persona.high_e_low_n.v2,high_e_low_n,v2,furious,0.003635435551404953,0.01842859759926796
persona.high_e_low_n.v2.seed-3006.supportive,3006,supportive,persona.high_e_low_n.v2,high_e_low_n,v2,joyful,0.0002847373485565186,-0.001811787486076355
persona.high_e_low_n.v2.seed-3006.supportive,3006,supportive,persona.high_e_low_n.v2,high_e_low_n,v2,grief_stricken,0.004915946722030639,0.014850392937660217
persona.high_e_low_n.v2.seed-3006.supportive,3006,supportive,persona.high_e_low_n.v2,high_e_low_n,v2,furious,0.0025678303092718123,0.011334408074617386
persona.high_e_low_n.v2.seed-3006.neutral,3006,neutral,persona.high_e_low_n.v2,high_e_low_n,v2,joyful,-0.000650874525308609,-0.003255195915699005
persona.high_e_low_n.v2.seed-3006.neutral,3006,neutral,persona.high_e_low_n.v2,high_e_low_n,v2,grief_stricken,0.002652028203010559,0.0072285085916519165
persona.high_e_low_n.v2.seed-3006.neutral,3006,neutral,persona.high_e_low_n.v2,high_e_low_n,v2,furious,0.0033375971019268037,0.01320977509021759
persona.high_e_low_n.v2.seed-3007.feedback_only,3007,feedback_only,persona.high_e_low_n.v2,high_e_low_n,v2,joyful,-0.001483272761106491,-0.008247815072536469
persona.high_e_low_n.v2.seed-3007.feedback_only,3007,feedback_only,persona.high_e_low_n.v2,high_e_low_n,v2,grief_stricken,0.0034409016370773315,0.00907161831855774
persona.high_e_low_n.v2.seed-3007.feedback_only,3007,feedback_only,persona.high_e_low_n.v2,high_e_low_n,v2,furious,0.00243479497730732,0.011577591300010681
persona.high_e_low_n.v2.seed-3007.supportive,3007,supportive,persona.high_e_low_n.v2,high_e_low_n,v2,joyful,-0.0008129581809043884,-0.007013589143753052
persona.high_e_low_n.v2.seed-3007.supportive,3007,supportive,persona.high_e_low_n.v2,high_e_low_n,v2,grief_stricken,0.002414761483669281,0.00451149046421051
persona.high_e_low_n.v2.seed-3007.supportive,3007,supportive,persona.high_e_low_n.v2,high_e_low_n,v2,furious,0.0031685050576925277,0.012659136205911636
persona.high_e_low_n.v2.seed-3007.neutral,3007,neutral,persona.high_e_low_n.v2,high_e_low_n,v2,joyful,-0.002952249348163605,-0.013659760355949402
persona.high_e_low_n.v2.seed-3007.neutral,3007,neutral,persona.high_e_low_n.v2,high_e_low_n,v2,grief_stricken,0.0017616212368011474,0.003787904977798462
persona.high_e_low_n.v2.seed-3007.neutral,3007,neutral,persona.high_e_low_n.v2,high_e_low_n,v2,furious,0.004381294548511505,0.01707206666469574
persona.high_e_low_n.v2.seed-3008.feedback_only,3008,feedback_only,persona.high_e_low_n.v2,high_e_low_n,v2,joyful,0.0006507731974124909,0.002422414720058441
persona.high_e_low_n.v2.seed-3008.feedback_only,3008,feedback_only,persona.high_e_low_n.v2,high_e_low_n,v2,grief_stricken,-0.0019575685262680055,-0.017920732498168945
persona.high_e_low_n.v2.seed-3008.feedback_only,3008,feedback_only,persona.high_e_low_n.v2,high_e_low_n,v2,furious,-0.0021883461624383925,-0.01153811439871788
persona.high_e_low_n.v2.seed-3008.supportive,3008,supportive,persona.high_e_low_n.v2,high_e_low_n,v2,joyful,0.0013881362974643707,0.0036411210894584656
persona.high_e_low_n.v2.seed-3008.supportive,3008,supportive,persona.high_e_low_n.v2,high_e_low_n,v2,grief_stricken,-0.002264072000980377,-0.01906915009021759
persona.high_e_low_n.v2.seed-3008.supportive,3008,supportive,persona.high_e_low_n.v2,high_e_low_n,v2,furious,-9.327493607997894e-05,-0.003639448434114456
persona.high_e_low_n.v2.seed-3008.neutral,3008,neutral,persona.high_e_low_n.v2,high_e_low_n,v2,joyful,-0.0003551103174686432,-0.0008914396166801453
persona.high_e_low_n.v2.seed-3008.neutral,3008,neutral,persona.high_e_low_n.v2,high_e_low_n,v2,grief_stricken,-0.002890188992023468,-0.019537806510925293
persona.high_e_low_n.v2.seed-3008.neutral,3008,neutral,persona.high_e_low_n.v2,high_e_low_n,v2,furious,-0.0009690340608358383,-0.009565658867359161
persona.high_e_low_n.v2.seed-3009.feedback_only,3009,feedback_only,persona.high_e_low_n.v2,high_e_low_n,v2,joyful,-0.0008960701525211334,-0.0034423694014549255
persona.high_e_low_n.v2.seed-3009.feedback_only,3009,feedback_only,persona.high_e_low_n.v2,high_e_low_n,v2,grief_stricken,0.002443470060825348,0.006984278559684753
persona.high_e_low_n.v2.seed-3009.feedback_only,3009,feedback_only,persona.high_e_low_n.v2,high_e_low_n,v2,furious,0.004747526720166206,0.018240120261907578
persona.high_e_low_n.v2.seed-3009.supportive,3009,supportive,persona.high_e_low_n.v2,high_e_low_n,v2,joyful,0.001322406530380249,0.0031281039118766785
persona.high_e_low_n.v2.seed-3009.supportive,3009,supportive,persona.high_e_low_n.v2,high_e_low_n,v2,grief_stricken,0.0011447250843048095,-0.0017653405666351318
persona.high_e_low_n.v2.seed-3009.supportive,3009,supportive,persona.high_e_low_n.v2,high_e_low_n,v2,furious,0.0040667768567800525,0.01524554193019867
persona.high_e_low_n.v2.seed-3009.neutral,3009,neutral,persona.high_e_low_n.v2,high_e_low_n,v2,joyful,-0.0019007064402103424,-0.009230703115463257
persona.high_e_low_n.v2.seed-3009.neutral,3009,neutral,persona.high_e_low_n.v2,high_e_low_n,v2,grief_stricken,0.0009408354759216309,0.0011645108461380005
persona.high_e_low_n.v2.seed-3009.neutral,3009,neutral,persona.high_e_low_n.v2,high_e_low_n,v2,furious,0.005221311002969742,0.019690923392772675
persona.high_e_low_n.v2.seed-3010.feedback_only,3010,feedback_only,persona.high_e_low_n.v2,high_e_low_n,v2,joyful,-0.004909706115722656,-0.017152391374111176
persona.high_e_low_n.v2.seed-3010.feedback_only,3010,feedback_only,persona.high_e_low_n.v2,high_e_low_n,v2,grief_stricken,0.0018237337470054626,0.004335656762123108
persona.high_e_low_n.v2.seed-3010.feedback_only,3010,feedback_only,persona.high_e_low_n.v2,high_e_low_n,v2,furious,0.00759878121316433,0.028972633183002472
persona.high_e_low_n.v2.seed-3010.supportive,3010,supportive,persona.high_e_low_n.v2,high_e_low_n,v2,joyful,-0.004667362570762635,-0.01794038712978363
persona.high_e_low_n.v2.seed-3010.supportive,3010,supportive,persona.high_e_low_n.v2,high_e_low_n,v2,grief_stricken,0.0008375570178031921,-0.00040887296199798584
persona.high_e_low_n.v2.seed-3010.supportive,3010,supportive,persona.high_e_low_n.v2,high_e_low_n,v2,furious,0.008335927128791809,0.031208708882331848
persona.high_e_low_n.v2.seed-3010.neutral,3010,neutral,persona.high_e_low_n.v2,high_e_low_n,v2,joyful,-0.005164777487516403,-0.018937043845653534
persona.high_e_low_n.v2.seed-3010.neutral,3010,neutral,persona.high_e_low_n.v2,high_e_low_n,v2,grief_stricken,0.000294870138168335,-0.0022969841957092285
persona.high_e_low_n.v2.seed-3010.neutral,3010,neutral,persona.high_e_low_n.v2,high_e_low_n,v2,furious,0.010126567631959914,0.037835441529750824
persona.high_e_low_n.v3.seed-3001.feedback_only,3001,feedback_only,persona.high_e_low_n.v3,high_e_low_n,v3,joyful,-0.00121866837143898,-0.006853468716144562
persona.high_e_low_n.v3.seed-3001.feedback_only,3001,feedback_only,persona.high_e_low_n.v3,high_e_low_n,v3,grief_stricken,0.003284485638141632,0.008686989545822144
persona.high_e_low_n.v3.seed-3001.feedback_only,3001,feedback_only,persona.high_e_low_n.v3,high_e_low_n,v3,furious,0.002072980999946594,0.009576268494129181
persona.high_e_low_n.v3.seed-3001.supportive,3001,supportive,persona.high_e_low_n.v3,high_e_low_n,v3,joyful,0.00029231756925582884,-0.0021446123719215393
persona.high_e_low_n.v3.seed-3001.supportive,3001,supportive,persona.high_e_low_n.v3,high_e_low_n,v3,grief_stricken,0.0017347842454910277,0.001236051321029663
persona.high_e_low_n.v3.seed-3001.supportive,3001,supportive,persona.high_e_low_n.v3,high_e_low_n,v3,furious,0.0027929719537496565,0.010951299220323563
persona.high_e_low_n.v3.seed-3001.neutral,3001,neutral,persona.high_e_low_n.v3,high_e_low_n,v3,joyful,-0.001976209878921509,-0.009016275405883789
persona.high_e_low_n.v3.seed-3001.neutral,3001,neutral,persona.high_e_low_n.v3,high_e_low_n,v3,grief_stricken,0.0009112879633903503,-3.0502676963806152e-05
persona.high_e_low_n.v3.seed-3001.neutral,3001,neutral,persona.high_e_low_n.v3,high_e_low_n,v3,furious,0.0042052317410707475,0.016306616365909576
persona.high_e_low_n.v3.seed-3002.feedback_only,3002,feedback_only,persona.high_e_low_n.v3,high_e_low_n,v3,joyful,-0.00121866837143898,-0.006853468716144562
persona.high_e_low_n.v3.seed-3002.feedback_only,3002,feedback_only,persona.high_e_low_n.v3,high_e_low_n,v3,grief_stricken,0.003284485638141632,0.008686989545822144
persona.high_e_low_n.v3.seed-3002.feedback_only,3002,feedback_only,persona.high_e_low_n.v3,high_e_low_n,v3,furious,0.002072980999946594,0.009576268494129181
persona.high_e_low_n.v3.seed-3002.supportive,3002,supportive,persona.high_e_low_n.v3,high_e_low_n,v3,joyful,0.00029231756925582884,-0.0021446123719215393
persona.high_e_low_n.v3.seed-3002.supportive,3002,supportive,persona.high_e_low_n.v3,high_e_low_n,v3,grief_stricken,0.0017347842454910277,0.001236051321029663
persona.high_e_low_n.v3.seed-3002.supportive,3002,supportive,persona.high_e_low_n.v3,high_e_low_n,v3,furious,0.0027929719537496565,0.010951299220323563
persona.high_e_low_n.v3.seed-3002.neutral,3002,neutral,persona.high_e_low_n.v3,high_e_low_n,v3,joyful,-0.001976209878921509,-0.009016275405883789
persona.high_e_low_n.v3.seed-3002.neutral,3002,neutral,persona.high_e_low_n.v3,high_e_low_n,v3,grief_stricken,0.0009112879633903503,-3.0502676963806152e-05
persona.high_e_low_n.v3.seed-3002.neutral,3002,neutral,persona.high_e_low_n.v3,high_e_low_n,v3,furious,0.0042052317410707475,0.016306616365909576
persona.high_e_low_n.v3.seed-3003.feedback_only,3003,feedback_only,persona.high_e_low_n.v3,high_e_low_n,v3,joyful,0.0007265225052833557,0.0011087730526924133
persona.high_e_low_n.v3.seed-3003.feedback_only,3003,feedback_only,persona.high_e_low_n.v3,high_e_low_n,v3,grief_stricken,0.000490143895149231,0.0004281550645828247
persona.high_e_low_n.v3.seed-3003.feedback_only,3003,feedback_only,persona.high_e_low_n.v3,high_e_low_n,v3,furious,-0.0014065563678741454,0.0019007734954357147
persona.high_e_low_n.v3.seed-3003.supportive,3003,supportive,persona.high_e_low_n.v3,high_e_low_n,v3,joyful,0.001134715974330902,0.0017964467406272888
persona.high_e_low_n.v3.seed-3003.supportive,3003,supportive,persona.high_e_low_n.v3,high_e_low_n,v3,grief_stricken,-0.0009414851665496826,-0.00599120557308197
persona.high_e_low_n.v3.seed-3003.supportive,3003,supportive,persona.high_e_low_n.v3,high_e_low_n,v3,furious,-0.0001072067767381668,0.0030610375106334686
persona.high_e_low_n.v3.seed-3003.neutral,3003,neutral,persona.high_e_low_n.v3,high_e_low_n,v3,joyful,-0.0011331863701343537,-0.005234383046627045
persona.high_e_low_n.v3.seed-3003.neutral,3003,neutral,persona.high_e_low_n.v3,high_e_low_n,v3,grief_stricken,-0.001739482581615448,-0.007976070046424866
persona.high_e_low_n.v3.seed-3003.neutral,3003,neutral,persona.high_e_low_n.v3,high_e_low_n,v3,furious,0.0014898747205734253,0.00798405334353447
persona.high_e_low_n.v3.seed-3004.feedback_only,3004,feedback_only,persona.high_e_low_n.v3,high_e_low_n,v3,joyful,0.0006215095520019532,0.0017850622534751892
persona.high_e_low_n.v3.seed-3004.feedback_only,3004,feedback_only,persona.high_e_low_n.v3,high_e_low_n,v3,grief_stricken,0.0025590091943740846,0.0080241858959198
persona.high_e_low_n.v3.seed-3004.feedback_only,3004,feedback_only,persona.high_e_low_n.v3,high_e_low_n,v3,furious,0.002999317646026611,0.01362820714712143
persona.high_e_low_n.v3.seed-3004.supportive,3004,supportive,persona.high_e_low_n.v3,high_e_low_n,v3,joyful,0.0005609728395938873,-0.00011561810970306396
persona.high_e_low_n.v3.seed-3004.supportive,3004,supportive,persona.high_e_low_n.v3,high_e_low_n,v3,grief_stricken,0.0020992875099182127,0.0032292604446411133
persona.high_e_low_n.v3.seed-3004.supportive,3004,supportive,persona.high_e_low_n.v3,high_e_low_n,v3,furious,0.0029066745191812515,0.009668391197919846
persona.high_e_low_n.v3.seed-3004.neutral,3004,neutral,persona.high_e_low_n.v3,high_e_low_n,v3,joyful,-2.4893879890441893e-05,-0.0009935945272445679
persona.high_e_low_n.v3.seed-3004.neutral,3004,neutral,persona.high_e_low_n.v3,high_e_low_n,v3,grief_stricken,0.0002414509654045105,-0.001379266381263733
persona.high_e_low_n.v3.seed-3004.neutral,3004,neutral,persona.high_e_low_n.v3,high_e_low_n,v3,furious,0.00394832156598568,0.01444881409406662
persona.high_e_low_n.v3.seed-3005.feedback_only,3005,feedback_only,persona.high_e_low_n.v3,high_e_low_n,v3,joyful,-0.00121866837143898,-0.006853468716144562
persona.high_e_low_n.v3.seed-3005.feedback_only,3005,feedback_only,persona.high_e_low_n.v3,high_e_low_n,v3,grief_stricken,0.003284485638141632,0.008686989545822144
persona.high_e_low_n.v3.seed-3005.feedback_only,3005,feedback_only,persona.high_e_low_n.v3,high_e_low_n,v3,furious,0.002072980999946594,0.009576268494129181
persona.high_e_low_n.v3.seed-3005.supportive,3005,supportive,persona.high_e_low_n.v3,high_e_low_n,v3,joyful,0.00029231756925582884,-0.0021446123719215393
persona.high_e_low_n.v3.seed-3005.supportive,3005,supportive,persona.high_e_low_n.v3,high_e_low_n,v3,grief_stricken,0.0017347842454910277,0.001236051321029663
persona.high_e_low_n.v3.seed-3005.supportive,3005,supportive,persona.high_e_low_n.v3,high_e_low_n,v3,furious,0.0027929719537496565,0.010951299220323563
persona.high_e_low_n.v3.seed-3005.neutral,3005,neutral,persona.high_e_low_n.v3,high_e_low_n,v3,joyful,-0.001976209878921509,-0.009016275405883789
persona.high_e_low_n.v3.seed-3005.neutral,3005,neutral,persona.high_e_low_n.v3,high_e_low_n,v3,grief_stricken,0.0009112879633903503,-3.0502676963806152e-05
persona.high_e_low_n.v3.seed-3005.neutral,3005,neutral,persona.high_e_low_n.v3,high_e_low_n,v3,furious,0.0042052317410707475,0.016306616365909576
persona.high_e_low_n.v3.seed-3006.feedback_only,3006,feedback_only,persona.high_e_low_n.v3,high_e_low_n,v3,joyful,-0.0010545268654823304,-0.006507396697998047
persona.high_e_low_n.v3.seed-3006.feedback_only,3006,feedback_only,persona.high_e_low_n.v3,high_e_low_n,v3,grief_stricken,0.004284104704856873,0.011804431676864624
persona.high_e_low_n.v3.seed-3006.feedback_only,3006,feedback_only,persona.high_e_low_n.v3,high_e_low_n,v3,furious,0.0034184113144874574,0.017670854926109314
persona.high_e_low_n.v3.seed-3006.supportive,3006,supportive,persona.high_e_low_n.v3,high_e_low_n,v3,joyful,0.0006752975285053253,-4.503875970840454e-05
persona.high_e_low_n.v3.seed-3006.supportive,3006,supportive,persona.high_e_low_n.v3,high_e_low_n,v3,grief_stricken,0.004683063924312591,0.013961553573608398
persona.high_e_low_n.v3.seed-3006.supportive,3006,supportive,persona.high_e_low_n.v3,high_e_low_n,v3,furious,0.0022088296711444853,0.009787291288375854
persona.high_e_low_n.v3.seed-3006.neutral,3006,neutral,persona.high_e_low_n.v3,high_e_low_n,v3,joyful,-0.00016783550381660461,-0.0011007487773895264
persona.high_e_low_n.v3.seed-3006.neutral,3006,neutral,persona.high_e_low_n.v3,high_e_low_n,v3,grief_stricken,0.0024177223443984986,0.006376996636390686
persona.high_e_low_n.v3.seed-3006.neutral,3006,neutral,persona.high_e_low_n.v3,high_e_low_n,v3,furious,0.0031499575823545458,0.012364983558654785
persona.high_e_low_n.v3.seed-3007.feedback_only,3007,feedback_only,persona.high_e_low_n.v3,high_e_low_n,v3,joyful,-0.00121866837143898,-0.006853468716144562
persona.high_e_low_n.v3.seed-3007.feedback_only,3007,feedback_only,persona.high_e_low_n.v3,high_e_low_n,v3,grief_stricken,0.003284485638141632,0.008686989545822144
persona.high_e_low_n.v3.seed-3007.feedback_only,3007,feedback_only,persona.high_e_low_n.v3,high_e_low_n,v3,furious,0.002072980999946594,0.009576268494129181
persona.high_e_low_n.v3.seed-3007.supportive,3007,supportive,persona.high_e_low_n.v3,high_e_low_n,v3,joyful,-0.0003203511238098145,-0.0048059746623039246
persona.high_e_low_n.v3.seed-3007.supportive,3007,supportive,persona.high_e_low_n.v3,high_e_low_n,v3,grief_stricken,0.0022650852799415587,0.004086807370185852
persona.high_e_low_n.v3.seed-3007.supportive,3007,supportive,persona.high_e_low_n.v3,high_e_low_n,v3,furious,0.002702103927731514,0.010351330041885376
persona.high_e_low_n.v3.seed-3007.neutral,3007,neutral,persona.high_e_low_n.v3,high_e_low_n,v3,joyful,-0.001976209878921509,-0.009016275405883789
persona.high_e_low_n.v3.seed-3007.neutral,3007,neutral,persona.high_e_low_n.v3,high_e_low_n,v3,grief_stricken,0.0009112879633903503,-3.0502676963806152e-05
persona.high_e_low_n.v3.seed-3007.neutral,3007,neutral,persona.high_e_low_n.v3,high_e_low_n,v3,furious,0.0042052317410707475,0.016306616365909576
persona.high_e_low_n.v3.seed-3008.feedback_only,3008,feedback_only,persona.high_e_low_n.v3,high_e_low_n,v3,joyful,0.000804496556520462,0.003262355923652649
persona.high_e_low_n.v3.seed-3008.feedback_only,3008,feedback_only,persona.high_e_low_n.v3,high_e_low_n,v3,grief_stricken,-0.0021462336182594298,-0.018466606736183167
persona.high_e_low_n.v3.seed-3008.feedback_only,3008,feedback_only,persona.high_e_low_n.v3,high_e_low_n,v3,furious,-0.0024922877550125123,-0.013250075280666351
persona.high_e_low_n.v3.seed-3008.supportive,3008,supportive,persona.high_e_low_n.v3,high_e_low_n,v3,joyful,0.0016611069440841675,0.004699334502220154
persona.high_e_low_n.v3.seed-3008.supportive,3008,supportive,persona.high_e_low_n.v3,high_e_low_n,v3,grief_stricken,-0.002336069941520691,-0.01911821961402893
persona.high_e_low_n.v3.seed-3008.supportive,3008,supportive,persona.high_e_low_n.v3,high_e_low_n,v3,furious,-0.00046536512672901154,-0.0053403861820697784
persona.high_e_low_n.v3.seed-3008.neutral,3008,neutral,persona.high_e_low_n.v3,high_e_low_n,v3,joyful,-0.0001118496060371399,0.0003055259585380554
persona.high_e_low_n.v3.seed-3008.neutral,3008,neutral,persona.high_e_low_n.v3,high_e_low_n,v3,grief_stricken,-0.0030710920691490173,-0.019942402839660645
persona.high_e_low_n.v3.seed-3008.neutral,3008,neutral,persona.high_e_low_n.v3,high_e_low_n,v3,furious,-0.0011977802962064743,-0.010708443820476532
persona.high_e_low_n.v3.seed-3009.feedback_only,3009,feedback_only,persona.high_e_low_n.v3,high_e_low_n,v3,joyful,-0.00121866837143898,-0.006853468716144562
persona.high_e_low_n.v3.seed-3009.feedback_only,3009,feedback_only,persona.high_e_low_n.v3,high_e_low_n,v3,grief_stricken,0.003284485638141632,0.008686989545822144
persona.high_e_low_n.v3.seed-3009.feedback_only,3009,feedback_only,persona.high_e_low_n.v3,high_e_low_n,v3,furious,0.002072980999946594,0.009576268494129181
persona.high_e_low_n.v3.seed-3009.supportive,3009,supportive,persona.high_e_low_n.v3,high_e_low_n,v3,joyful,0.00029231756925582884,-0.0021446123719215393
persona.high_e_low_n.v3.seed-3009.supportive,3009,supportive,persona.high_e_low_n.v3,high_e_low_n,v3,grief_stricken,0.0017347842454910277,0.001236051321029663
persona.high_e_low_n.v3.seed-3009.supportive,3009,supportive,persona.high_e_low_n.v3,high_e_low_n,v3,furious,0.0027929719537496565,0.010951299220323563
persona.high_e_low_n.v3.seed-3009.neutral,3009,neutral,persona.high_e_low_n.v3,high_e_low_n,v3,joyful,-0.001976209878921509,-0.009016275405883789
persona.high_e_low_n.v3.seed-3009.neutral,3009,neutral,persona.high_e_low_n.v3,high_e_low_n,v3,grief_stricken,0.0009112879633903503,-3.0502676963806152e-05
persona.high_e_low_n.v3.seed-3009.neutral,3009,neutral,persona.high_e_low_n.v3,high_e_low_n,v3,furious,0.0042052317410707475,0.016306616365909576
persona.high_e_low_n.v3.seed-3010.feedback_only,3010,feedback_only,persona.high_e_low_n.v3,high_e_low_n,v3,joyful,-0.004195310920476913,-0.014446213841438293
persona.high_e_low_n.v3.seed-3010.feedback_only,3010,feedback_only,persona.high_e_low_n.v3,high_e_low_n,v3,grief_stricken,0.0018927142024040221,0.004208162426948547
persona.high_e_low_n.v3.seed-3010.feedback_only,3010,feedback_only,persona.high_e_low_n.v3,high_e_low_n,v3,furious,0.007106009870767593,0.027025729417800903
persona.high_e_low_n.v3.seed-3010.supportive,3010,supportive,persona.high_e_low_n.v3,high_e_low_n,v3,joyful,-0.003980359435081482,-0.0153127983212471
persona.high_e_low_n.v3.seed-3010.supportive,3010,supportive,persona.high_e_low_n.v3,high_e_low_n,v3,grief_stricken,0.0007319718599319458,-0.0010684281587600708
persona.high_e_low_n.v3.seed-3010.supportive,3010,supportive,persona.high_e_low_n.v3,high_e_low_n,v3,furious,0.00786506086587906,0.02922561764717102
persona.high_e_low_n.v3.seed-3010.neutral,3010,neutral,persona.high_e_low_n.v3,high_e_low_n,v3,joyful,-0.004679130017757415,-0.016931496560573578
persona.high_e_low_n.v3.seed-3010.neutral,3010,neutral,persona.high_e_low_n.v3,high_e_low_n,v3,grief_stricken,0.0002002030611038208,-0.0027500540018081665
persona.high_e_low_n.v3.seed-3010.neutral,3010,neutral,persona.high_e_low_n.v3,high_e_low_n,v3,furious,0.009779861941933633,0.03650705888867378
persona.low_e_high_n.seed-3001.feedback_only,3001,feedback_only,persona.low_e_high_n,low_e_high_n,v1,joyful,-0.0017454572021961211,-0.009972050786018372
persona.low_e_high_n.seed-3001.feedback_only,3001,feedback_only,persona.low_e_high_n,low_e_high_n,v1,grief_stricken,0.003941953182220459,0.011900022625923157
persona.low_e_high_n.seed-3001.feedback_only,3001,feedback_only,persona.low_e_high_n,low_e_high_n,v1,furious,0.0020807743072509765,0.00971941277384758
persona.low_e_high_n.seed-3001.supportive,3001,supportive,persona.low_e_high_n,low_e_high_n,v1,joyful,-0.00014073178172111512,-0.004388399422168732
persona.low_e_high_n.seed-3001.supportive,3001,supportive,persona.low_e_high_n,low_e_high_n,v1,grief_stricken,0.0023545220494270323,0.004245728254318237
persona.low_e_high_n.seed-3001.supportive,3001,supportive,persona.low_e_high_n,low_e_high_n,v1,furious,0.0028445538133382796,0.011218730360269547
persona.low_e_high_n.seed-3001.neutral,3001,neutral,persona.low_e_high_n,low_e_high_n,v1,joyful,-0.002762088179588318,-0.013546057045459747
persona.low_e_high_n.seed-3001.neutral,3001,neutral,persona.low_e_high_n,low_e_high_n,v1,grief_stricken,0.001690077781677246,0.003987058997154236
persona.low_e_high_n.seed-3001.neutral,3001,neutral,persona.low_e_high_n,low_e_high_n,v1,furious,0.004113661125302315,0.015717804431915283
persona.low_e_high_n.seed-3002.feedback_only,3002,feedback_only,persona.low_e_high_n,low_e_high_n,v1,joyful,-0.0017454572021961211,-0.009972050786018372
persona.low_e_high_n.seed-3002.feedback_only,3002,feedback_only,persona.low_e_high_n,low_e_high_n,v1,grief_stricken,0.003941953182220459,0.011900022625923157
persona.low_e_high_n.seed-3002.feedback_only,3002,feedback_only,persona.low_e_high_n,low_e_high_n,v1,furious,0.0020807743072509765,0.00971941277384758
persona.low_e_high_n.seed-3002.supportive,3002,supportive,persona.low_e_high_n,low_e_high_n,v1,joyful,-0.00014073178172111512,-0.004388399422168732
persona.low_e_high_n.seed-3002.supportive,3002,supportive,persona.low_e_high_n,low_e_high_n,v1,grief_stricken,0.0023545220494270323,0.004245728254318237
persona.low_e_high_n.seed-3002.supportive,3002,supportive,persona.low_e_high_n,low_e_high_n,v1,furious,0.0028445538133382796,0.011218730360269547
persona.low_e_high_n.seed-3002.neutral,3002,neutral,persona.low_e_high_n,low_e_high_n,v1,joyful,-0.002762088179588318,-0.013546057045459747
persona.low_e_high_n.seed-3002.neutral,3002,neutral,persona.low_e_high_n,low_e_high_n,v1,grief_stricken,0.001690077781677246,0.003987058997154236
persona.low_e_high_n.seed-3002.neutral,3002,neutral,persona.low_e_high_n,low_e_high_n,v1,furious,0.004113661125302315,0.015717804431915283
persona.low_e_high_n.seed-3003.feedback_only,3003,feedback_only,persona.low_e_high_n,low_e_high_n,v1,joyful,0.000275488942861557,-0.0007973462343215942
persona.low_e_high_n.seed-3003.feedback_only,3003,feedback_only,persona.low_e_high_n,low_e_high_n,v1,grief_stricken,0.0008722439408302308,0.002713412046432495
persona.low_e_high_n.seed-3003.feedback_only,3003,feedback_only,persona.low_e_high_n,low_e_high_n,v1,furious,-0.0017233822494745255,0.000761471688747406
persona.low_e_high_n.seed-3003.supportive,3003,supportive,persona.low_e_high_n,low_e_high_n,v1,joyful,0.000708906352519989,0.00020739436149597168
persona.low_e_high_n.seed-3003.supportive,3003,supportive,persona.low_e_high_n,low_e_high_n,v1,grief_stricken,-0.00039578527212142945,-0.0032837390899658203
persona.low_e_high_n.seed-3003.supportive,3003,supportive,persona.low_e_high_n,low_e_high_n,v1,furious,-0.00034805908799171446,0.0023869387805461884
persona.low_e_high_n.seed-3003.neutral,3003,neutral,persona.low_e_high_n,low_e_high_n,v1,joyful,-0.0017075009644031524,-0.00814356654882431
persona.low_e_high_n.seed-3003.neutral,3003,neutral,persona.low_e_high_n,low_e_high_n,v1,grief_stricken,-0.0010654017329216003,-0.004395514726638794
persona.low_e_high_n.seed-3003.neutral,3003,neutral,persona.low_e_high_n,low_e_high_n,v1,furious,0.0011315908282995223,0.006430435925722122
persona.low_e_high_n.seed-3004.feedback_only,3004,feedback_only,persona.low_e_high_n,low_e_high_n,v1,joyful,0.0004812970757484436,0.0010445863008499146
persona.low_e_high_n.seed-3004.feedback_only,3004,feedback_only,persona.low_e_high_n,low_e_high_n,v1,grief_stricken,0.0027412712574005128,0.009167402982711792
persona.low_e_high_n.seed-3004.feedback_only,3004,feedback_only,persona.low_e_high_n,low_e_high_n,v1,furious,0.003018014132976532,0.01372530311346054
persona.low_e_high_n.seed-3004.supportive,3004,supportive,persona.low_e_high_n,low_e_high_n,v1,joyful,4.808306694030762e-05,-0.004141315817832947
persona.low_e_high_n.seed-3004.supportive,3004,supportive,persona.low_e_high_n,low_e_high_n,v1,grief_stricken,0.002130258083343506,0.005248218774795532
persona.low_e_high_n.seed-3004.supportive,3004,supportive,persona.low_e_high_n,low_e_high_n,v1,furious,0.0031457558274269105,0.011648409068584442
persona.low_e_high_n.seed-3004.neutral,3004,neutral,persona.low_e_high_n,low_e_high_n,v1,joyful,-0.0005102433264255523,-0.003920920193195343
persona.low_e_high_n.seed-3004.neutral,3004,neutral,persona.low_e_high_n,low_e_high_n,v1,grief_stricken,0.0009837120771408081,0.0026687830686569214
persona.low_e_high_n.seed-3004.neutral,3004,neutral,persona.low_e_high_n,low_e_high_n,v1,furious,0.0037458721548318864,0.013454869389533997
persona.low_e_high_n.seed-3005.feedback_only,3005,feedback_only,persona.low_e_high_n,low_e_high_n,v1,joyful,-0.0017454572021961211,-0.009972050786018372
persona.low_e_high_n.seed-3005.feedback_only,3005,feedback_only,persona.low_e_high_n,low_e_high_n,v1,grief_stricken,0.003941953182220459,0.011900022625923157
persona.low_e_high_n.seed-3005.feedback_only,3005,feedback_only,persona.low_e_high_n,low_e_high_n,v1,furious,0.0020807743072509765,0.00971941277384758
persona.low_e_high_n.seed-3005.supportive,3005,supportive,persona.low_e_high_n,low_e_high_n,v1,joyful,-0.00014073178172111512,-0.004388399422168732
persona.low_e_high_n.seed-3005.supportive,3005,supportive,persona.low_e_high_n,low_e_high_n,v1,grief_stricken,0.0023545220494270323,0.004245728254318237
persona.low_e_high_n.seed-3005.supportive,3005,supportive,persona.low_e_high_n,low_e_high_n,v1,furious,0.0028445538133382796,0.011218730360269547
persona.low_e_high_n.seed-3005.neutral,3005,neutral,persona.low_e_high_n,low_e_high_n,v1,joyful,-0.002762088179588318,-0.013546057045459747
persona.low_e_high_n.seed-3005.neutral,3005,neutral,persona.low_e_high_n,low_e_high_n,v1,grief_stricken,0.001690077781677246,0.003987058997154236
persona.low_e_high_n.seed-3005.neutral,3005,neutral,persona.low_e_high_n,low_e_high_n,v1,furious,0.004113661125302315,0.015717804431915283
persona.low_e_high_n.seed-3006.feedback_only,3006,feedback_only,persona.low_e_high_n,low_e_high_n,v1,joyful,-0.0012799181044101716,-0.0073731690645217896
persona.low_e_high_n.seed-3006.feedback_only,3006,feedback_only,persona.low_e_high_n,low_e_high_n,v1,grief_stricken,0.0045609250664711,0.013098865747451782
persona.low_e_high_n.seed-3006.feedback_only,3006,feedback_only,persona.low_e_high_n,low_e_high_n,v1,furious,0.003359648212790489,0.017242886126041412
persona.low_e_high_n.seed-3006.supportive,3006,supportive,persona.low_e_high_n,low_e_high_n,v1,joyful,0.00035996735095977783,-0.0010135248303413391
persona.low_e_high_n.seed-3006.supportive,3006,supportive,persona.low_e_high_n,low_e_high_n,v1,grief_stricken,0.005010339617729187,0.01514539122581482
persona.low_e_high_n.seed-3006.supportive,3006,supportive,persona.low_e_high_n,low_e_high_n,v1,furious,0.0022574417293071748,0.010123804211616516
persona.low_e_high_n.seed-3006.neutral,3006,neutral,persona.low_e_high_n,low_e_high_n,v1,joyful,-0.0008164897561073303,-0.003714911639690399
persona.low_e_high_n.seed-3006.neutral,3006,neutral,persona.low_e_high_n,low_e_high_n,v1,grief_stricken,0.003091996908187866,0.009496062994003296
persona.low_e_high_n.seed-3006.neutral,3006,neutral,persona.low_e_high_n,low_e_high_n,v1,furious,0.003051437810063362,0.011780507862567902
persona.low_e_high_n.seed-3007.feedback_only,3007,feedback_only,persona.low_e_high_n,low_e_high_n,v1,joyful,-0.0017454572021961211,-0.009972050786018372
persona.low_e_high_n.seed-3007.feedback_only,3007,feedback_only,persona.low_e_high_n,low_e_high_n,v1,grief_stricken,0.003941953182220459,0.011900022625923157
persona.low_e_high_n.seed-3007.feedback_only,3007,feedback_only,persona.low_e_high_n,low_e_high_n,v1,furious,0.0020807743072509765,0.00971941277384758
persona.low_e_high_n.seed-3007.supportive,3007,supportive,persona.low_e_high_n,low_e_high_n,v1,joyful,-0.00014073178172111512,-0.004388399422168732
persona.low_e_high_n.seed-3007.supportive,3007,supportive,persona.low_e_high_n,low_e_high_n,v1,grief_stricken,0.0023545220494270323,0.004245728254318237
persona.low_e_high_n.seed-3007.supportive,3007,supportive,persona.low_e_high_n,low_e_high_n,v1,furious,0.0028445538133382796,0.011218730360269547
persona.low_e_high_n.seed-3007.neutral,3007,neutral,persona.low_e_high_n,low_e_high_n,v1,joyful,-0.002762088179588318,-0.013546057045459747
persona.low_e_high_n.seed-3007.neutral,3007,neutral,persona.low_e_high_n,low_e_high_n,v1,grief_stricken,0.001690077781677246,0.003987058997154236
persona.low_e_high_n.seed-3007.neutral,3007,neutral,persona.low_e_high_n,low_e_high_n,v1,furious,0.004113661125302315,0.015717804431915283
persona.low_e_high_n.seed-3008.feedback_only,3008,feedback_only,persona.low_e_high_n,low_e_high_n,v1,joyful,0.0008799217641353608,0.003154844045639038
persona.low_e_high_n.seed-3008.feedback_only,3008,feedback_only,persona.low_e_high_n,low_e_high_n,v1,grief_stricken,-0.0020179837942123414,-0.017899662256240845
persona.low_e_high_n.seed-3008.feedback_only,3008,feedback_only,persona.low_e_high_n,low_e_high_n,v1,furious,-0.002651986479759216,-0.013944391161203384
persona.low_e_high_n.seed-3008.supportive,3008,supportive,persona.low_e_high_n,low_e_high_n,v1,joyful,0.0017885573208332062,0.005258046090602875
persona.low_e_high_n.seed-3008.supportive,3008,supportive,persona.low_e_high_n,low_e_high_n,v1,grief_stricken,-0.002087278664112091,-0.01796327531337738
persona.low_e_high_n.seed-3008.supportive,3008,supportive,persona.low_e_high_n,low_e_high_n,v1,furious,-0.0007405173033475876,-0.00670662522315979
persona.low_e_high_n.seed-3008.neutral,3008,neutral,persona.low_e_high_n,low_e_high_n,v1,joyful,-4.4448673725128175e-05,4.214048385620117e-05
persona.low_e_high_n.seed-3008.neutral,3008,neutral,persona.low_e_high_n,low_e_high_n,v1,grief_stricken,-0.002707558870315552,-0.018001124262809753
persona.low_e_high_n.seed-3008.neutral,3008,neutral,persona.low_e_high_n,low_e_high_n,v1,furious,-0.00156179778277874,-0.01265949010848999
persona.low_e_high_n.seed-3009.feedback_only,3009,feedback_only,persona.low_e_high_n,low_e_high_n,v1,joyful,-0.0010389089584350586,-0.004241831600666046
persona.low_e_high_n.seed-3009.feedback_only,3009,feedback_only,persona.low_e_high_n,low_e_high_n,v1,grief_stricken,0.0026694267988204958,0.008347511291503906
persona.low_e_high_n.seed-3009.feedback_only,3009,feedback_only,persona.low_e_high_n,low_e_high_n,v1,furious,0.004411669448018074,0.01634952798485756
persona.low_e_high_n.seed-3009.supportive,3009,supportive,persona.low_e_high_n,low_e_high_n,v1,joyful,0.0014379240572452545,0.0035625100135803223
persona.low_e_high_n.seed-3009.supportive,3009,supportive,persona.low_e_high_n,low_e_high_n,v1,grief_stricken,0.0014792293310165404,-0.0002279430627822876
persona.low_e_high_n.seed-3009.supportive,3009,supportive,persona.low_e_high_n,low_e_high_n,v1,furious,0.0036957263946533203,0.013093408197164536
persona.low_e_high_n.seed-3009.neutral,3009,neutral,persona.low_e_high_n,low_e_high_n,v1,joyful,-0.0019985832273960113,-0.009727060794830322
persona.low_e_high_n.seed-3009.neutral,3009,neutral,persona.low_e_high_n,low_e_high_n,v1,grief_stricken,0.001491042971611023,0.0040473490953445435
persona.low_e_high_n.seed-3009.neutral,3009,neutral,persona.low_e_high_n,low_e_high_n,v1,furious,0.004580552503466606,0.016426481306552887
persona.low_e_high_n.seed-3010.feedback_only,3010,feedback_only,persona.low_e_high_n,low_e_high_n,v1,joyful,-0.004654666036367416,-0.016183435916900635
persona.low_e_high_n.seed-3010.feedback_only,3010,feedback_only,persona.low_e_high_n,low_e_high_n,v1,grief_stricken,0.0025143101811408997,0.006790965795516968
persona.low_e_high_n.seed-3010.feedback_only,3010,feedback_only,persona.low_e_high_n,low_e_high_n,v1,furious,0.0074467815458774565,0.028616711497306824
persona.low_e_high_n.seed-3010.supportive,3010,supportive,persona.low_e_high_n,low_e_high_n,v1,joyful,-0.004325935989618302,-0.01668459177017212
persona.low_e_high_n.seed-3010.supportive,3010,supportive,persona.low_e_high_n,low_e_high_n,v1,grief_stricken,0.0013973191380500793,0.0018156617879867554
persona.low_e_high_n.seed-3010.supportive,3010,supportive,persona.low_e_high_n,low_e_high_n,v1,furious,0.008211738988757133,0.03059493750333786
persona.low_e_high_n.seed-3010.neutral,3010,neutral,persona.low_e_high_n,low_e_high_n,v1,joyful,-0.005119498819112778,-0.018688760697841644
persona.low_e_high_n.seed-3010.neutral,3010,neutral,persona.low_e_high_n,low_e_high_n,v1,grief_stricken,0.0009112969040870666,0.0002339482307434082
persona.low_e_high_n.seed-3010.neutral,3010,neutral,persona.low_e_high_n,low_e_high_n,v1,furious,0.010100474208593368,0.037820879369974136
persona.low_e_high_n.v2.seed-3001.feedback_only,3001,feedback_only,persona.low_e_high_n.v2,low_e_high_n,v2,joyful,-0.0017817966639995576,-0.00984327495098114
persona.low_e_high_n.v2.seed-3001.feedback_only,3001,feedback_only,persona.low_e_high_n.v2,low_e_high_n,v2,grief_stricken,0.003716990351676941,0.010477781295776367
persona.low_e_high_n.v2.seed-3001.feedback_only,3001,feedback_only,persona.low_e_high_n.v2,low_e_high_n,v2,furious,0.0023012254387140274,0.01071663573384285
persona.low_e_high_n.v2.seed-3001.supportive,3001,supportive,persona.low_e_high_n.v2,low_e_high_n,v2,joyful,-0.0001924455165863037,-0.0046907588839530945
persona.low_e_high_n.v2.seed-3001.supportive,3001,supportive,persona.low_e_high_n.v2,low_e_high_n,v2,grief_stricken,0.0021316617727279662,0.002880990505218506
persona.low_e_high_n.v2.seed-3001.supportive,3001,supportive,persona.low_e_high_n.v2,low_e_high_n,v2,furious,0.0030279092490673063,0.012069005519151688
persona.low_e_high_n.v2.seed-3001.neutral,3001,neutral,persona.low_e_high_n.v2,low_e_high_n,v2,joyful,-0.0028310611844062803,-0.013963043689727783
persona.low_e_high_n.v2.seed-3001.neutral,3001,neutral,persona.low_e_high_n.v2,low_e_high_n,v2,grief_stricken,0.0014885053038597106,0.002598285675048828
persona.low_e_high_n.v2.seed-3001.neutral,3001,neutral,persona.low_e_high_n.v2,low_e_high_n,v2,furious,0.00428558848798275,0.016700472682714462
persona.low_e_high_n.v2.seed-3002.feedback_only,3002,feedback_only,persona.low_e_high_n.v2,low_e_high_n,v2,joyful,-0.0017817966639995576,-0.00984327495098114
persona.low_e_high_n.v2.seed-3002.feedback_only,3002,feedback_only,persona.low_e_high_n.v2,low_e_high_n,v2,grief_stricken,0.003716990351676941,0.010477781295776367
persona.low_e_high_n.v2.seed-3002.feedback_only,3002,feedback_only,persona.low_e_high_n.v2,low_e_high_n,v2,furious,0.0023012254387140274,0.01071663573384285
persona.low_e_high_n.v2.seed-3002.supportive,3002,supportive,persona.low_e_high_n.v2,low_e_high_n,v2,joyful,-0.0001924455165863037,-0.0046907588839530945
persona.low_e_high_n.v2.seed-3002.supportive,3002,supportive,persona.low_e_high_n.v2,low_e_high_n,v2,grief_stricken,0.0021316617727279662,0.002880990505218506
persona.low_e_high_n.v2.seed-3002.supportive,3002,supportive,persona.low_e_high_n.v2,low_e_high_n,v2,furious,0.0030279092490673063,0.012069005519151688
persona.low_e_high_n.v2.seed-3002.neutral,3002,neutral,persona.low_e_high_n.v2,low_e_high_n,v2,joyful,-0.0028310611844062803,-0.013963043689727783
persona.low_e_high_n.v2.seed-3002.neutral,3002,neutral,persona.low_e_high_n.v2,low_e_high_n,v2,grief_stricken,0.0014885053038597106,0.002598285675048828
persona.low_e_high_n.v2.seed-3002.neutral,3002,neutral,persona.low_e_high_n.v2,low_e_high_n,v2,furious,0.00428558848798275,0.016700472682714462
persona.low_e_high_n.v2.seed-3003.feedback_only,3003,feedback_only,persona.low_e_high_n.v2,low_e_high_n,v2,joyful,3.5628676414489746e-05,-0.0014840289950370789
persona.low_e_high_n.v2.seed-3003.feedback_only,3003,feedback_only,persona.low_e_high_n.v2,low_e_high_n,v2,grief_stricken,0.0008558183908462524,0.002155795693397522
persona.low_e_high_n.v2.seed-3003.feedback_only,3003,feedback_only,persona.low_e_high_n.v2,low_e_high_n,v2,furious,-0.0010225638747215272,0.003318626433610916
persona.low_e_high_n.v2.seed-3003.supportive,3003,supportive,persona.low_e_high_n.v2,low_e_high_n,v2,joyful,0.0005034185945987701,-0.0006808042526245117
persona.low_e_high_n.v2.seed-3003.supportive,3003,supportive,persona.low_e_high_n.v2,low_e_high_n,v2,grief_stricken,-0.0004356473684310913,-0.004062429070472717
persona.low_e_high_n.v2.seed-3003.supportive,3003,supportive,persona.low_e_high_n.v2,low_e_high_n,v2,furious,0.00026044249534606934,0.004706691950559616
persona.low_e_high_n.v2.seed-3003.neutral,3003,neutral,persona.low_e_high_n.v2,low_e_high_n,v2,joyful,-0.0019408315420150757,-0.009118728339672089
persona.low_e_high_n.v2.seed-3003.neutral,3003,neutral,persona.low_e_high_n.v2,low_e_high_n,v2,grief_stricken,-0.0011109039187431335,-0.005247235298156738
persona.low_e_high_n.v2.seed-3003.neutral,3003,neutral,persona.low_e_high_n.v2,low_e_high_n,v2,furious,0.0017365440726280212,0.008873894810676575
persona.low_e_high_n.v2.seed-3004.feedback_only,3004,feedback_only,persona.low_e_high_n.v2,low_e_high_n,v2,joyful,-0.0015141814947128296,-0.007890172302722931
persona.low_e_high_n.v2.seed-3004.feedback_only,3004,feedback_only,persona.low_e_high_n.v2,low_e_high_n,v2,grief_stricken,0.003394994139671326,0.009031236171722412
persona.low_e_high_n.v2.seed-3004.feedback_only,3004,feedback_only,persona.low_e_high_n.v2,low_e_high_n,v2,furious,0.002861448377370834,0.013429097831249237
persona.low_e_high_n.v2.seed-3004.supportive,3004,supportive,persona.low_e_high_n.v2,low_e_high_n,v2,joyful,0.00011038109660148621,-0.003843441605567932
persona.low_e_high_n.v2.seed-3004.supportive,3004,supportive,persona.low_e_high_n.v2,low_e_high_n,v2,grief_stricken,0.0018542200326919557,0.003889918327331543
persona.low_e_high_n.v2.seed-3004.supportive,3004,supportive,persona.low_e_high_n.v2,low_e_high_n,v2,furious,0.00334782674908638,0.012440517544746399
persona.low_e_high_n.v2.seed-3004.neutral,3004,neutral,persona.low_e_high_n.v2,low_e_high_n,v2,joyful,-0.0005802474915981293,-0.004282832145690918
persona.low_e_high_n.v2.seed-3004.neutral,3004,neutral,persona.low_e_high_n.v2,low_e_high_n,v2,grief_stricken,0.0007535070180892944,0.001275286078453064
persona.low_e_high_n.v2.seed-3004.neutral,3004,neutral,persona.low_e_high_n.v2,low_e_high_n,v2,furious,0.004014789685606956,0.014635059982538223
persona.low_e_high_n.v2.seed-3005.feedback_only,3005,feedback_only,persona.low_e_high_n.v2,low_e_high_n,v2,joyful,-0.0017817966639995576,-0.00984327495098114
persona.low_e_high_n.v2.seed-3005.feedback_only,3005,feedback_only,persona.low_e_high_n.v2,low_e_high_n,v2,grief_stricken,0.003716990351676941,0.010477781295776367
persona.low_e_high_n.v2.seed-3005.feedback_only,3005,feedback_only,persona.low_e_high_n.v2,low_e_high_n,v2,furious,0.0023012254387140274,0.01071663573384285
persona.low_e_high_n.v2.seed-3005.supportive,3005,supportive,persona.low_e_high_n.v2,low_e_high_n,v2,joyful,-0.0001924455165863037,-0.0046907588839530945
persona.low_e_high_n.v2.seed-3005.supportive,3005,supportive,persona.low_e_high_n.v2,low_e_high_n,v2,grief_stricken,0.0021316617727279662,0.002880990505218506
persona.low_e_high_n.v2.seed-3005.supportive,3005,supportive,persona.low_e_high_n.v2,low_e_high_n,v2,furious,0.0030279092490673063,0.012069005519151688
persona.low_e_high_n.v2.seed-3005.neutral,3005,neutral,persona.low_e_high_n.v2,low_e_high_n,v2,joyful,-0.0028310611844062803,-0.013963043689727783
persona.low_e_high_n.v2.seed-3005.neutral,3005,neutral,persona.low_e_high_n.v2,low_e_high_n,v2,grief_stricken,0.0014885053038597106,0.002598285675048828
persona.low_e_high_n.v2.seed-3005.neutral,3005,neutral,persona.low_e_high_n.v2,low_e_high_n,v2,furious,0.00428558848798275,0.016700472682714462
persona.low_e_high_n.v2.seed-3006.feedback_only,3006,feedback_only,persona.low_e_high_n.v2,low_e_high_n,v2,joyful,-0.0013402640819549561,-0.007605217397212982
persona.low_e_high_n.v2.seed-3006.feedback_only,3006,feedback_only,persona.low_e_high_n.v2,low_e_high_n,v2,grief_stricken,0.004714782536029816,0.0134829580783844
persona.low_e_high_n.v2.seed-3006.feedback_only,3006,feedback_only,persona.low_e_high_n.v2,low_e_high_n,v2,furious,0.003368639573454857,0.017138957977294922
persona.low_e_high_n.v2.seed-3006.supportive,3006,supportive,persona.low_e_high_n.v2,low_e_high_n,v2,joyful,0.0003923632204532623,-0.0011097714304924011
persona.low_e_high_n.v2.seed-3006.supportive,3006,supportive,persona.low_e_high_n.v2,low_e_high_n,v2,grief_stricken,0.005049517750740052,0.015249446034431458
persona.low_e_high_n.v2.seed-3006.supportive,3006,supportive,persona.low_e_high_n.v2,low_e_high_n,v2,furious,0.0023578371852636336,0.010534077882766724
persona.low_e_high_n.v2.seed-3006.neutral,3006,neutral,persona.low_e_high_n.v2,low_e_high_n,v2,joyful,-0.0009583756327629089,-0.004513554275035858
persona.low_e_high_n.v2.seed-3006.neutral,3006,neutral,persona.low_e_high_n.v2,low_e_high_n,v2,grief_stricken,0.0030356839299201964,0.009008526802062988
persona.low_e_high_n.v2.seed-3006.neutral,3006,neutral,persona.low_e_high_n.v2,low_e_high_n,v2,furious,0.0031256135553121567,0.012077964842319489
persona.low_e_high_n.v2.seed-3007.feedback_only,3007,feedback_only,persona.low_e_high_n.v2,low_e_high_n,v2,joyful,-0.0017817966639995576,-0.00984327495098114
persona.low_e_high_n.v2.seed-3007.feedback_only,3007,feedback_only,persona.low_e_high_n.v2,low_e_high_n,v2,grief_stricken,0.003716990351676941,0.010477781295776367
persona.low_e_high_n.v2.seed-3007.feedback_only,3007,feedback_only,persona.low_e_high_n.v2,low_e_high_n,v2,furious,0.0023012254387140274,0.01071663573384285
persona.low_e_high_n.v2.seed-3007.supportive,3007,supportive,persona.low_e_high_n.v2,low_e_high_n,v2,joyful,-0.0001924455165863037,-0.0046907588839530945
persona.low_e_high_n.v2.seed-3007.supportive,3007,supportive,persona.low_e_high_n.v2,low_e_high_n,v2,grief_stricken,0.0021316617727279662,0.002880990505218506
persona.low_e_high_n.v2.seed-3007.supportive,3007,supportive,persona.low_e_high_n.v2,low_e_high_n,v2,furious,0.0030279092490673063,0.012069005519151688
persona.low_e_high_n.v2.seed-3007.neutral,3007,neutral,persona.low_e_high_n.v2,low_e_high_n,v2,joyful,-0.0028310611844062803,-0.013963043689727783
persona.low_e_high_n.v2.seed-3007.neutral,3007,neutral,persona.low_e_high_n.v2,low_e_high_n,v2,grief_stricken,0.0014885053038597106,0.002598285675048828
persona.low_e_high_n.v2.seed-3007.neutral,3007,neutral,persona.low_e_high_n.v2,low_e_high_n,v2,furious,0.00428558848798275,0.016700472682714462
persona.low_e_high_n.v2.seed-3008.feedback_only,3008,feedback_only,persona.low_e_high_n.v2,low_e_high_n,v2,joyful,0.0007849939167499543,0.0029906779527664185
persona.low_e_high_n.v2.seed-3008.feedback_only,3008,feedback_only,persona.low_e_high_n.v2,low_e_high_n,v2,grief_stricken,-0.0019465386867523193,-0.017839863896369934
persona.low_e_high_n.v2.seed-3008.feedback_only,3008,feedback_only,persona.low_e_high_n.v2,low_e_high_n,v2,furious,-0.0023998308926820753,-0.012788645923137665
persona.low_e_high_n.v2.seed-3008.supportive,3008,supportive,persona.low_e_high_n.v2,low_e_high_n,v2,joyful,0.001780661940574646,0.005174778401851654
persona.low_e_high_n.v2.seed-3008.supportive,3008,supportive,persona.low_e_high_n.v2,low_e_high_n,v2,grief_stricken,-0.0020802080631256103,-0.018178358674049377
persona.low_e_high_n.v2.seed-3008.supportive,3008,supportive,persona.low_e_high_n.v2,low_e_high_n,v2,furious,-0.00048317238688468935,-0.005486402660608292
persona.low_e_high_n.v2.seed-3008.neutral,3008,neutral,persona.low_e_high_n.v2,low_e_high_n,v2,joyful,-0.00011809170246124268,-0.000398196280002594
persona.low_e_high_n.v2.seed-3008.neutral,3008,neutral,persona.low_e_high_n.v2,low_e_high_n,v2,grief_stricken,-0.0027189508080482485,-0.018438994884490967
persona.low_e_high_n.v2.seed-3008.neutral,3008,neutral,persona.low_e_high_n.v2,low_e_high_n,v2,furious,-0.0012395236641168593,-0.010925088077783585
persona.low_e_high_n.v2.seed-3009.feedback_only,3009,feedback_only,persona.low_e_high_n.v2,low_e_high_n,v2,joyful,-0.0017817966639995576,-0.00984327495098114
persona.low_e_high_n.v2.seed-3009.feedback_only,3009,feedback_only,persona.low_e_high_n.v2,low_e_high_n,v2,grief_stricken,0.003716990351676941,0.010477781295776367
persona.low_e_high_n.v2.seed-3009.feedback_only,3009,feedback_only,persona.low_e_high_n.v2,low_e_high_n,v2,furious,0.0023012254387140274,0.01071663573384285
persona.low_e_high_n.v2.seed-3009.supportive,3009,supportive,persona.low_e_high_n.v2,low_e_high_n,v2,joyful,-0.0001924455165863037,-0.0046907588839530945
persona.low_e_high_n.v2.seed-3009.supportive,3009,supportive,persona.low_e_high_n.v2,low_e_high_n,v2,grief_stricken,0.0021316617727279662,0.002880990505218506
persona.low_e_high_n.v2.seed-3009.supportive,3009,supportive,persona.low_e_high_n.v2,low_e_high_n,v2,furious,0.0030279092490673063,0.012069005519151688
persona.low_e_high_n.v2.seed-3009.neutral,3009,neutral,persona.low_e_high_n.v2,low_e_high_n,v2,joyful,-0.0028310611844062803,-0.013963043689727783
persona.low_e_high_n.v2.seed-3009.neutral,3009,neutral,persona.low_e_high_n.v2,low_e_high_n,v2,grief_stricken,0.0014885053038597106,0.002598285675048828
persona.low_e_high_n.v2.seed-3009.neutral,3009,neutral,persona.low_e_high_n.v2,low_e_high_n,v2,furious,0.00428558848798275,0.016700472682714462
persona.low_e_high_n.v2.seed-3010.feedback_only,3010,feedback_only,persona.low_e_high_n.v2,low_e_high_n,v2,joyful,-0.004882221668958664,-0.017087101936340332
persona.low_e_high_n.v2.seed-3010.feedback_only,3010,feedback_only,persona.low_e_high_n.v2,low_e_high_n,v2,grief_stricken,0.002248653769493103,0.005731567740440369
persona.low_e_high_n.v2.seed-3010.feedback_only,3010,feedback_only,persona.low_e_high_n.v2,low_e_high_n,v2,furious,0.007407229393720627,0.028490480035543442
persona.low_e_high_n.v2.seed-3010.supportive,3010,supportive,persona.low_e_high_n.v2,low_e_high_n,v2,joyful,-0.004760096222162247,-0.018337026238441467
persona.low_e_high_n.v2.seed-3010.supportive,3010,supportive,persona.low_e_high_n.v2,low_e_high_n,v2,grief_stricken,0.0010837167501449585,0.0005242824554443359
persona.low_e_high_n.v2.seed-3010.supportive,3010,supportive,persona.low_e_high_n.v2,low_e_high_n,v2,furious,0.00815993994474411,0.030529029667377472
persona.low_e_high_n.v2.seed-3010.neutral,3010,neutral,persona.low_e_high_n.v2,low_e_high_n,v2,joyful,-0.005455120652914047,-0.020050115883350372
persona.low_e_high_n.v2.seed-3010.neutral,3010,neutral,persona.low_e_high_n.v2,low_e_high_n,v2,grief_stricken,0.0006267756223678588,-0.0010207444429397583
persona.low_e_high_n.v2.seed-3010.neutral,3010,neutral,persona.low_e_high_n.v2,low_e_high_n,v2,furious,0.00998625047504902,0.03725267946720123
persona.low_e_high_n.v3.seed-3001.feedback_only,3001,feedback_only,persona.low_e_high_n.v3,low_e_high_n,v3,joyful,-0.0016275592148303985,-0.00920182466506958
persona.low_e_high_n.v3.seed-3001.feedback_only,3001,feedback_only,persona.low_e_high_n.v3,low_e_high_n,v3,grief_stricken,0.0037946775555610657,0.0112343430519104
persona.low_e_high_n.v3.seed-3001.feedback_only,3001,feedback_only,persona.low_e_high_n.v3,low_e_high_n,v3,furious,0.0017115984112024308,0.007660627365112305
persona.low_e_high_n.v3.seed-3001.supportive,3001,supportive,persona.low_e_high_n.v3,low_e_high_n,v3,joyful,0.00010627210140228272,-0.0033697932958602905
persona.low_e_high_n.v3.seed-3001.supportive,3001,supportive,persona.low_e_high_n.v3,low_e_high_n,v3,grief_stricken,0.002349027991294861,0.0040461719036102295
persona.low_e_high_n.v3.seed-3001.supportive,3001,supportive,persona.low_e_high_n.v3,low_e_high_n,v3,furious,0.002339666709303856,0.00893455371260643
persona.low_e_high_n.v3.seed-3001.neutral,3001,neutral,persona.low_e_high_n.v3,low_e_high_n,v3,joyful,-0.002558576315641403,-0.012934401631355286
persona.low_e_high_n.v3.seed-3001.neutral,3001,neutral,persona.low_e_high_n.v3,low_e_high_n,v3,grief_stricken,0.0016813084483146667,0.0038295984268188477
persona.low_e_high_n.v3.seed-3001.neutral,3001,neutral,persona.low_e_high_n.v3,low_e_high_n,v3,furious,0.0035491153597831727,0.013316281139850616
persona.low_e_high_n.v3.seed-3002.feedback_only,3002,feedback_only,persona.low_e_high_n.v3,low_e_high_n,v3,joyful,-0.0016275592148303985,-0.00920182466506958
persona.low_e_high_n.v3.seed-3002.feedback_only,3002,feedback_only,persona.low_e_high_n.v3,low_e_high_n,v3,grief_stricken,0.0037946775555610657,0.0112343430519104
persona.low_e_high_n.v3.seed-3002.feedback_only,3002,feedback_only,persona.low_e_high_n.v3,low_e_high_n,v3,furious,0.0017115984112024308,0.007660627365112305
persona.low_e_high_n.v3.seed-3002.supportive,3002,supportive,persona.low_e_high_n.v3,low_e_high_n,v3,joyful,0.00010627210140228272,-0.0033697932958602905
persona.low_e_high_n.v3.seed-3002.supportive,3002,supportive,persona.low_e_high_n.v3,low_e_high_n,v3,grief_stricken,0.002349027991294861,0.0040461719036102295
persona.low_e_high_n.v3.seed-3002.supportive,3002,supportive,persona.low_e_high_n.v3,low_e_high_n,v3,furious,0.002339666709303856,0.00893455371260643
persona.low_e_high_n.v3.seed-3002.neutral,3002,neutral,persona.low_e_high_n.v3,low_e_high_n,v3,joyful,-0.002558576315641403,-0.012934401631355286
persona.low_e_high_n.v3.seed-3002.neutral,3002,neutral,persona.low_e_high_n.v3,low_e_high_n,v3,grief_stricken,0.0016813084483146667,0.0038295984268188477
persona.low_e_high_n.v3.seed-3002.neutral,3002,neutral,persona.low_e_high_n.v3,low_e_high_n,v3,furious,0.0035491153597831727,0.013316281139850616
persona.low_e_high_n.v3.seed-3003.feedback_only,3003,feedback_only,persona.low_e_high_n.v3,low_e_high_n,v3,joyful,0.00046451836824417113,9.670108556747437e-05
persona.low_e_high_n.v3.seed-3003.feedback_only,3003,feedback_only,persona.low_e_high_n.v3,low_e_high_n,v3,grief_stricken,0.0008943751454353333,0.0024961382150650024
persona.low_e_high_n.v3.seed-3003.feedback_only,3003,feedback_only,persona.low_e_high_n.v3,low_e_high_n,v3,furious,-0.0017737384885549545,-0.00022384896874427795
persona.low_e_high_n.v3.seed-3003.supportive,3003,supportive,persona.low_e_high_n.v3,low_e_high_n,v3,joyful,0.0009285353124141693,0.0010024309158325195
persona.low_e_high_n.v3.seed-3003.supportive,3003,supportive,persona.low_e_high_n.v3,low_e_high_n,v3,grief_stricken,-0.00022728443145751952,-0.002952203154563904
persona.low_e_high_n.v3.seed-3003.supportive,3003,supportive,persona.low_e_high_n.v3,low_e_high_n,v3,furious,-0.0006122995167970657,0.0008303448557853699
persona.low_e_high_n.v3.seed-3003.neutral,3003,neutral,persona.low_e_high_n.v3,low_e_high_n,v3,joyful,-0.001576513797044754,-0.00775446742773056
persona.low_e_high_n.v3.seed-3003.neutral,3003,neutral,persona.low_e_high_n.v3,low_e_high_n,v3,grief_stricken,-0.000923822820186615,-0.004100695252418518
persona.low_e_high_n.v3.seed-3003.neutral,3003,neutral,persona.low_e_high_n.v3,low_e_high_n,v3,furious,0.0009248372167348862,0.005294065922498703
persona.low_e_high_n.v3.seed-3004.feedback_only,3004,feedback_only,persona.low_e_high_n.v3,low_e_high_n,v3,joyful,-0.0014108069241046905,-0.007563605904579163
persona.low_e_high_n.v3.seed-3004.feedback_only,3004,feedback_only,persona.low_e_high_n.v3,low_e_high_n,v3,grief_stricken,0.00348690003156662,0.009694963693618774
persona.low_e_high_n.v3.seed-3004.feedback_only,3004,feedback_only,persona.low_e_high_n.v3,low_e_high_n,v3,furious,0.0022246621549129484,0.0102522112429142
persona.low_e_high_n.v3.seed-3004.supportive,3004,supportive,persona.low_e_high_n.v3,low_e_high_n,v3,joyful,0.0002608180046081543,-0.0030882805585861206
persona.low_e_high_n.v3.seed-3004.supportive,3004,supportive,persona.low_e_high_n.v3,low_e_high_n,v3,grief_stricken,0.002044479548931122,0.004726961255073547
persona.low_e_high_n.v3.seed-3004.supportive,3004,supportive,persona.low_e_high_n.v3,low_e_high_n,v3,furious,0.0027207102626562118,0.009530603885650635
persona.low_e_high_n.v3.seed-3004.neutral,3004,neutral,persona.low_e_high_n.v3,low_e_high_n,v3,joyful,-0.0019637525081634523,-0.01132936030626297
persona.low_e_high_n.v3.seed-3004.neutral,3004,neutral,persona.low_e_high_n.v3,low_e_high_n,v3,grief_stricken,0.0012228980660438538,0.0037979334592819214
persona.low_e_high_n.v3.seed-3004.neutral,3004,neutral,persona.low_e_high_n.v3,low_e_high_n,v3,furious,0.003499210625886917,0.0122964046895504
persona.low_e_high_n.v3.seed-3005.feedback_only,3005,feedback_only,persona.low_e_high_n.v3,low_e_high_n,v3,joyful,-0.0016275592148303985,-0.00920182466506958
persona.low_e_high_n.v3.seed-3005.feedback_only,3005,feedback_only,persona.low_e_high_n.v3,low_e_high_n,v3,grief_stricken,0.0037946775555610657,0.0112343430519104
persona.low_e_high_n.v3.seed-3005.feedback_only,3005,feedback_only,persona.low_e_high_n.v3,low_e_high_n,v3,furious,0.0017115984112024308,0.007660627365112305
persona.low_e_high_n.v3.seed-3005.supportive,3005,supportive,persona.low_e_high_n.v3,low_e_high_n,v3,joyful,0.00010627210140228272,-0.0033697932958602905
persona.low_e_high_n.v3.seed-3005.supportive,3005,supportive,persona.low_e_high_n.v3,low_e_high_n,v3,grief_stricken,0.002349027991294861,0.0040461719036102295
persona.low_e_high_n.v3.seed-3005.supportive,3005,supportive,persona.low_e_high_n.v3,low_e_high_n,v3,furious,0.002339666709303856,0.00893455371260643
persona.low_e_high_n.v3.seed-3005.neutral,3005,neutral,persona.low_e_high_n.v3,low_e_high_n,v3,joyful,-0.002558576315641403,-0.012934401631355286
persona.low_e_high_n.v3.seed-3005.neutral,3005,neutral,persona.low_e_high_n.v3,low_e_high_n,v3,grief_stricken,0.0016813084483146667,0.0038295984268188477
persona.low_e_high_n.v3.seed-3005.neutral,3005,neutral,persona.low_e_high_n.v3,low_e_high_n,v3,furious,0.0035491153597831727,0.013316281139850616
persona.low_e_high_n.v3.seed-3006.feedback_only,3006,feedback_only,persona.low_e_high_n.v3,low_e_high_n,v3,joyful,-0.0012037515640258788,-0.007007494568824768
persona.low_e_high_n.v3.seed-3006.feedback_only,3006,feedback_only,persona.low_e_high_n.v3,low_e_high_n,v3,grief_stricken,0.004514673352241516,0.012736380100250244
persona.low_e_high_n.v3.seed-3006.feedback_only,3006,feedback_only,persona.low_e_high_n.v3,low_e_high_n,v3,furious,0.0029573321342468263,0.015588801354169846
persona.low_e_high_n.v3.seed-3006.supportive,3006,supportive,persona.low_e_high_n.v3,low_e_high_n,v3,joyful,0.0006225183606147766,7.440149784088135e-05
persona.low_e_high_n.v3.seed-3006.supportive,3006,supportive,persona.low_e_high_n.v3,low_e_high_n,v3,grief_stricken,0.005034889280796051,0.015128523111343384
persona.low_e_high_n.v3.seed-3006.supportive,3006,supportive,persona.low_e_high_n.v3,low_e_high_n,v3,furious,0.0018240638077259065,0.008165933191776276
persona.low_e_high_n.v3.seed-3006.neutral,3006,neutral,persona.low_e_high_n.v3,low_e_high_n,v3,joyful,-0.0006059028208255767,-0.0030588507652282715
persona.low_e_high_n.v3.seed-3006.neutral,3006,neutral,persona.low_e_high_n.v3,low_e_high_n,v3,grief_stricken,0.003102944791316986,0.009463191032409668
persona.low_e_high_n.v3.seed-3006.neutral,3006,neutral,persona.low_e_high_n.v3,low_e_high_n,v3,furious,0.0027280978858470915,0.010345458984375
persona.low_e_high_n.v3.seed-3007.feedback_only,3007,feedback_only,persona.low_e_high_n.v3,low_e_high_n,v3,joyful,-0.0016275592148303985,-0.00920182466506958
persona.low_e_high_n.v3.seed-3007.feedback_only,3007,feedback_only,persona.low_e_high_n.v3,low_e_high_n,v3,grief_stricken,0.0037946775555610657,0.0112343430519104
persona.low_e_high_n.v3.seed-3007.feedback_only,3007,feedback_only,persona.low_e_high_n.v3,low_e_high_n,v3,furious,0.0017115984112024308,0.007660627365112305
persona.low_e_high_n.v3.seed-3007.supportive,3007,supportive,persona.low_e_high_n.v3,low_e_high_n,v3,joyful,0.00010627210140228272,-0.0033697932958602905
persona.low_e_high_n.v3.seed-3007.supportive,3007,supportive,persona.low_e_high_n.v3,low_e_high_n,v3,grief_stricken,0.002349027991294861,0.0040461719036102295
persona.low_e_high_n.v3.seed-3007.supportive,3007,supportive,persona.low_e_high_n.v3,low_e_high_n,v3,furious,0.002339666709303856,0.00893455371260643
persona.low_e_high_n.v3.seed-3007.neutral,3007,neutral,persona.low_e_high_n.v3,low_e_high_n,v3,joyful,-0.002558576315641403,-0.012934401631355286
persona.low_e_high_n.v3.seed-3007.neutral,3007,neutral,persona.low_e_high_n.v3,low_e_high_n,v3,grief_stricken,0.0016813084483146667,0.0038295984268188477
persona.low_e_high_n.v3.seed-3007.neutral,3007,neutral,persona.low_e_high_n.v3,low_e_high_n,v3,furious,0.0035491153597831727,0.013316281139850616
persona.low_e_high_n.v3.seed-3008.feedback_only,3008,feedback_only,persona.low_e_high_n.v3,low_e_high_n,v3,joyful,0.0009694688022136688,0.003783315420150757
persona.low_e_high_n.v3.seed-3008.feedback_only,3008,feedback_only,persona.low_e_high_n.v3,low_e_high_n,v3,grief_stricken,-0.002115194499492645,-0.018315017223358154
persona.low_e_high_n.v3.seed-3008.feedback_only,3008,feedback_only,persona.low_e_high_n.v3,low_e_high_n,v3,furious,-0.0027978066354990005,-0.014886397868394852
persona.low_e_high_n.v3.seed-3008.supportive,3008,supportive,persona.low_e_high_n.v3,low_e_high_n,v3,joyful,0.002026674151420593,0.006232216954231262
persona.low_e_high_n.v3.seed-3008.supportive,3008,supportive,persona.low_e_high_n.v3,low_e_high_n,v3,grief_stricken,-0.0020232021808624266,-0.01781497895717621
persona.low_e_high_n.v3.seed-3008.supportive,3008,supportive,persona.low_e_high_n.v3,low_e_high_n,v3,furious,-0.0010221119970083236,-0.007874339818954468
persona.low_e_high_n.v3.seed-3008.neutral,3008,neutral,persona.low_e_high_n.v3,low_e_high_n,v3,joyful,0.00014086738228797914,0.000562816858291626
persona.low_e_high_n.v3.seed-3008.neutral,3008,neutral,persona.low_e_high_n.v3,low_e_high_n,v3,grief_stricken,-0.002706761658191681,-0.01811075210571289
persona.low_e_high_n.v3.seed-3008.neutral,3008,neutral,persona.low_e_high_n.v3,low_e_high_n,v3,furious,-0.00177871435880661,-0.013322867453098297
persona.low_e_high_n.v3.seed-3009.feedback_only,3009,feedback_only,persona.low_e_high_n.v3,low_e_high_n,v3,joyful,-0.0009728327393531799,-0.0037999227643013
persona.low_e_high_n.v3.seed-3009.feedback_only,3009,feedback_only,persona.low_e_high_n.v3,low_e_high_n,v3,grief_stricken,0.002574467658996582,0.007679447531700134
persona.low_e_high_n.v3.seed-3009.feedback_only,3009,feedback_only,persona.low_e_high_n.v3,low_e_high_n,v3,furious,0.003922972455620765,0.014139972627162933
persona.low_e_high_n.v3.seed-3009.supportive,3009,supportive,persona.low_e_high_n.v3,low_e_high_n,v3,joyful,0.0015316888689994811,0.0038729459047317505
persona.low_e_high_n.v3.seed-3009.supportive,3009,supportive,persona.low_e_high_n.v3,low_e_high_n,v3,grief_stricken,0.0013548091053962707,-0.0009416490793228149
persona.low_e_high_n.v3.seed-3009.supportive,3009,supportive,persona.low_e_high_n.v3,low_e_high_n,v3,furious,0.0032878972589969633,0.011308185756206512
persona.low_e_high_n.v3.seed-3009.neutral,3009,neutral,persona.low_e_high_n.v3,low_e_high_n,v3,joyful,-0.0019580043852329256,-0.009670592844486237
persona.low_e_high_n.v3.seed-3009.neutral,3009,neutral,persona.low_e_high_n.v3,low_e_high_n,v3,grief_stricken,0.0013377174735069274,0.003256067633628845
persona.low_e_high_n.v3.seed-3009.neutral,3009,neutral,persona.low_e_high_n.v3,low_e_high_n,v3,furious,0.004245596379041672,0.014920972287654877
persona.low_e_high_n.v3.seed-3010.feedback_only,3010,feedback_only,persona.low_e_high_n.v3,low_e_high_n,v3,joyful,-0.004444213211536407,-0.015331849455833435
persona.low_e_high_n.v3.seed-3010.feedback_only,3010,feedback_only,persona.low_e_high_n.v3,low_e_high_n,v3,grief_stricken,0.002372218668460846,0.006061092019081116
persona.low_e_high_n.v3.seed-3010.feedback_only,3010,feedback_only,persona.low_e_high_n.v3,low_e_high_n,v3,furious,0.006908576935529709,0.02668023854494095
persona.low_e_high_n.v3.seed-3010.supportive,3010,supportive,persona.low_e_high_n.v3,low_e_high_n,v3,joyful,-0.00415823757648468,-0.01594797521829605
persona.low_e_high_n.v3.seed-3010.supportive,3010,supportive,persona.low_e_high_n.v3,low_e_high_n,v3,grief_stricken,0.0013147294521331787,0.0012700855731964111
persona.low_e_high_n.v3.seed-3010.supportive,3010,supportive,persona.low_e_high_n.v3,low_e_high_n,v3,furious,0.007544226199388504,0.02828783541917801
persona.low_e_high_n.v3.seed-3010.neutral,3010,neutral,persona.low_e_high_n.v3,low_e_high_n,v3,joyful,-0.004901921749114991,-0.017713405191898346
persona.low_e_high_n.v3.seed-3010.neutral,3010,neutral,persona.low_e_high_n.v3,low_e_high_n,v3,grief_stricken,0.0008405759930610657,-0.0002069920301437378
persona.low_e_high_n.v3.seed-3010.neutral,3010,neutral,persona.low_e_high_n.v3,low_e_high_n,v3,furious,0.00942356325685978,0.0352957658469677
persona.low_e_low_n.seed-3001.feedback_only,3001,feedback_only,persona.low_e_low_n,low_e_low_n,v1,joyful,-0.0016464844346046447,-0.009143650531768799
persona.low_e_low_n.seed-3001.feedback_only,3001,feedback_only,persona.low_e_low_n,low_e_low_n,v1,grief_stricken,0.0037634924054145815,0.011004313826560974
persona.low_e_low_n.seed-3001.feedback_only,3001,feedback_only,persona.low_e_low_n,low_e_low_n,v1,furious,0.0020879048854112623,0.009894143790006638
persona.low_e_low_n.seed-3001.supportive,3001,supportive,persona.low_e_low_n,low_e_low_n,v1,joyful,-0.00015665814280509948,-0.004308350384235382
persona.low_e_low_n.seed-3001.supportive,3001,supportive,persona.low_e_low_n,low_e_low_n,v1,grief_stricken,0.002145947515964508,0.0031686127185821533
persona.low_e_low_n.seed-3001.supportive,3001,supportive,persona.low_e_low_n,low_e_low_n,v1,furious,0.0027833353728055955,0.011086482554674149
persona.low_e_low_n.seed-3001.neutral,3001,neutral,persona.low_e_low_n,low_e_low_n,v1,joyful,-0.0025369256734848024,-0.012143008410930634
persona.low_e_low_n.seed-3001.neutral,3001,neutral,persona.low_e_low_n,low_e_low_n,v1,grief_stricken,0.001450394093990326,0.0026389211416244507
persona.low_e_low_n.seed-3001.neutral,3001,neutral,persona.low_e_low_n,low_e_low_n,v1,furious,0.004092235118150711,0.015889126807451248
persona.low_e_low_n.seed-3002.feedback_only,3002,feedback_only,persona.low_e_low_n,low_e_low_n,v1,joyful,-0.0016464844346046447,-0.009143650531768799
persona.low_e_low_n.seed-3002.feedback_only,3002,feedback_only,persona.low_e_low_n,low_e_low_n,v1,grief_stricken,0.0037634924054145815,0.011004313826560974
persona.low_e_low_n.seed-3002.feedback_only,3002,feedback_only,persona.low_e_low_n,low_e_low_n,v1,furious,0.0020879048854112623,0.009894143790006638
persona.low_e_low_n.seed-3002.supportive,3002,supportive,persona.low_e_low_n,low_e_low_n,v1,joyful,-0.00015665814280509948,-0.004308350384235382
persona.low_e_low_n.seed-3002.supportive,3002,supportive,persona.low_e_low_n,low_e_low_n,v1,grief_stricken,0.002145947515964508,0.0031686127185821533
persona.low_e_low_n.seed-3002.supportive,3002,supportive,persona.low_e_low_n,low_e_low_n,v1,furious,0.0027833353728055955,0.011086482554674149
persona.low_e_low_n.seed-3002.neutral,3002,neutral,persona.low_e_low_n,low_e_low_n,v1,joyful,-0.0025369256734848024,-0.012143008410930634
persona.low_e_low_n.seed-3002.neutral,3002,neutral,persona.low_e_low_n,low_e_low_n,v1,grief_stricken,0.001450394093990326,0.0026389211416244507
persona.low_e_low_n.seed-3002.neutral,3002,neutral,persona.low_e_low_n,low_e_low_n,v1,furious,0.004092235118150711,0.015889126807451248
persona.low_e_low_n.seed-3003.feedback_only,3003,feedback_only,persona.low_e_low_n,low_e_low_n,v1,joyful,0.0003781460225582123,-0.00029081106185913086
persona.low_e_low_n.seed-3003.feedback_only,3003,feedback_only,persona.low_e_low_n,low_e_low_n,v1,grief_stricken,0.0008106842637062073,0.002148240804672241
persona.low_e_low_n.seed-3003.feedback_only,3003,feedback_only,persona.low_e_low_n,low_e_low_n,v1,furious,-0.0016749009490013122,0.0010111480951309204
persona.low_e_low_n.seed-3003.supportive,3003,supportive,persona.low_e_low_n,low_e_low_n,v1,joyful,0.0007026247680187225,0.0001871734857559204
persona.low_e_low_n.seed-3003.supportive,3003,supportive,persona.low_e_low_n,low_e_low_n,v1,grief_stricken,-0.0005505010485649109,-0.004038631916046143
persona.low_e_low_n.seed-3003.supportive,3003,supportive,persona.low_e_low_n,low_e_low_n,v1,furious,-0.00030112676322460177,0.0025700218975543976
persona.low_e_low_n.seed-3003.neutral,3003,neutral,persona.low_e_low_n,low_e_low_n,v1,joyful,-0.00153006911277771,-0.007339209318161011
persona.low_e_low_n.seed-3003.neutral,3003,neutral,persona.low_e_low_n,low_e_low_n,v1,grief_stricken,-0.0012121424078941345,-0.005402609705924988
persona.low_e_low_n.seed-3003.neutral,3003,neutral,persona.low_e_low_n,low_e_low_n,v1,furious,0.0012207522988319397,0.007057778537273407
persona.low_e_low_n.seed-3004.feedback_only,3004,feedback_only,persona.low_e_low_n,low_e_low_n,v1,joyful,0.0005631379783153534,0.0015133768320083618
persona.low_e_low_n.seed-3004.feedback_only,3004,feedback_only,persona.low_e_low_n,low_e_low_n,v1,grief_stricken,0.0026148751378059385,0.008427739143371582
persona.low_e_low_n.seed-3004.feedback_only,3004,feedback_only,persona.low_e_low_n,low_e_low_n,v1,furious,0.002936316654086113,0.013384085148572922
persona.low_e_low_n.seed-3004.supportive,3004,supportive,persona.low_e_low_n,low_e_low_n,v1,joyful,5.822181701660156e-05,-0.003983646631240845
persona.low_e_low_n.seed-3004.supportive,3004,supportive,persona.low_e_low_n,low_e_low_n,v1,grief_stricken,0.0019025951623916626,0.0041061341762542725
persona.low_e_low_n.seed-3004.supportive,3004,supportive,persona.low_e_low_n,low_e_low_n,v1,furious,0.0030214007943868636,0.011092528700828552
persona.low_e_low_n.seed-3004.neutral,3004,neutral,persona.low_e_low_n,low_e_low_n,v1,joyful,-0.0004615887999534607,-0.0034108981490135193
persona.low_e_low_n.seed-3004.neutral,3004,neutral,persona.low_e_low_n,low_e_low_n,v1,grief_stricken,0.0007995635271072388,0.0015130788087844849
persona.low_e_low_n.seed-3004.neutral,3004,neutral,persona.low_e_low_n,low_e_low_n,v1,furious,0.003855784982442856,0.014017730951309204
persona.low_e_low_n.seed-3005.feedback_only,3005,feedback_only,persona.low_e_low_n,low_e_low_n,v1,joyful,-0.0016464844346046447,-0.009143650531768799
persona.low_e_low_n.seed-3005.feedback_only,3005,feedback_only,persona.low_e_low_n,low_e_low_n,v1,grief_stricken,0.0037634924054145815,0.011004313826560974
persona.low_e_low_n.seed-3005.feedback_only,3005,feedback_only,persona.low_e_low_n,low_e_low_n,v1,furious,0.0020879048854112623,0.009894143790006638
persona.low_e_low_n.seed-3005.supportive,3005,supportive,persona.low_e_low_n,low_e_low_n,v1,joyful,-0.00015665814280509948,-0.004308350384235382
persona.low_e_low_n.seed-3005.supportive,3005,supportive,persona.low_e_low_n,low_e_low_n,v1,grief_stricken,0.002145947515964508,0.0031686127185821533
persona.low_e_low_n.seed-3005.supportive,3005,supportive,persona.low_e_low_n,low_e_low_n,v1,furious,0.0027833353728055955,0.011086482554674149
persona.low_e_low_n.seed-3005.neutral,3005,neutral,persona.low_e_low_n,low_e_low_n,v1,joyful,-0.0025369256734848024,-0.012143008410930634
persona.low_e_low_n.seed-3005.neutral,3005,neutral,persona.low_e_low_n,low_e_low_n,v1,grief_stricken,0.001450394093990326,0.0026389211416244507
persona.low_e_low_n.seed-3005.neutral,3005,neutral,persona.low_e_low_n,low_e_low_n,v1,furious,0.004092235118150711,0.015889126807451248
persona.low_e_low_n.seed-3006.feedback_only,3006,feedback_only,persona.low_e_low_n,low_e_low_n,v1,joyful,-0.0012270614504814148,-0.007213138043880463
persona.low_e_low_n.seed-3006.feedback_only,3006,feedback_only,persona.low_e_low_n,low_e_low_n,v1,grief_stricken,0.004477143287658691,0.012746915221214294
persona.low_e_low_n.seed-3006.feedback_only,3006,feedback_only,persona.low_e_low_n,low_e_low_n,v1,furious,0.0034252364188432694,0.017659015953540802
persona.low_e_low_n.seed-3006.supportive,3006,supportive,persona.low_e_low_n,low_e_low_n,v1,joyful,0.0004276081919670105,-0.0008066222071647644
persona.low_e_low_n.seed-3006.supportive,3006,supportive,persona.low_e_low_n,low_e_low_n,v1,grief_stricken,0.004981282353401184,0.015158399939537048
persona.low_e_low_n.seed-3006.supportive,3006,supportive,persona.low_e_low_n,low_e_low_n,v1,furious,0.002192762494087219,0.009912747889757156
persona.low_e_low_n.seed-3006.neutral,3006,neutral,persona.low_e_low_n,low_e_low_n,v1,joyful,-0.0005571417510509491,-0.0026172101497650146
persona.low_e_low_n.seed-3006.neutral,3006,neutral,persona.low_e_low_n,low_e_low_n,v1,grief_stricken,0.0029290303587913512,0.008731186389923096
persona.low_e_low_n.seed-3006.neutral,3006,neutral,persona.low_e_low_n,low_e_low_n,v1,furious,0.003013390675187111,0.011717170476913452
persona.low_e_low_n.seed-3007.feedback_only,3007,feedback_only,persona.low_e_low_n,low_e_low_n,v1,joyful,-0.0016464844346046447,-0.009143650531768799
persona.low_e_low_n.seed-3007.feedback_only,3007,feedback_only,persona.low_e_low_n,low_e_low_n,v1,grief_stricken,0.0037634924054145815,0.011004313826560974
persona.low_e_low_n.seed-3007.feedback_only,3007,feedback_only,persona.low_e_low_n,low_e_low_n,v1,furious,0.0020879048854112623,0.009894143790006638
persona.low_e_low_n.seed-3007.supportive,3007,supportive,persona.low_e_low_n,low_e_low_n,v1,joyful,-0.00015665814280509948,-0.004308350384235382
persona.low_e_low_n.seed-3007.supportive,3007,supportive,persona.low_e_low_n,low_e_low_n,v1,grief_stricken,0.002145947515964508,0.0031686127185821533
persona.low_e_low_n.seed-3007.supportive,3007,supportive,persona.low_e_low_n,low_e_low_n,v1,furious,0.0027833353728055955,0.011086482554674149
persona.low_e_low_n.seed-3007.neutral,3007,neutral,persona.low_e_low_n,low_e_low_n,v1,joyful,-0.0025369256734848024,-0.012143008410930634
persona.low_e_low_n.seed-3007.neutral,3007,neutral,persona.low_e_low_n,low_e_low_n,v1,grief_stricken,0.001450394093990326,0.0026389211416244507
persona.low_e_low_n.seed-3007.neutral,3007,neutral,persona.low_e_low_n,low_e_low_n,v1,furious,0.004092235118150711,0.015889126807451248
persona.low_e_low_n.seed-3008.feedback_only,3008,feedback_only,persona.low_e_low_n,low_e_low_n,v1,joyful,0.0008629858493804932,0.003403700888156891
persona.low_e_low_n.seed-3008.feedback_only,3008,feedback_only,persona.low_e_low_n,low_e_low_n,v1,grief_stricken,-0.0019043818116188048,-0.017335057258605957
persona.low_e_low_n.seed-3008.feedback_only,3008,feedback_only,persona.low_e_low_n,low_e_low_n,v1,furious,-0.002582867816090584,-0.013459719717502594
persona.low_e_low_n.seed-3008.supportive,3008,supportive,persona.low_e_low_n,low_e_low_n,v1,joyful,0.00164075568318367,0.004678718745708466
persona.low_e_low_n.seed-3008.supportive,3008,supportive,persona.low_e_low_n,low_e_low_n,v1,grief_stricken,-0.0021472111344337463,-0.01829718053340912
persona.low_e_low_n.seed-3008.supportive,3008,supportive,persona.low_e_low_n,low_e_low_n,v1,furious,-0.000660642609000206,-0.006133407354354858
persona.low_e_low_n.seed-3008.neutral,3008,neutral,persona.low_e_low_n,low_e_low_n,v1,joyful,-0.00018753260374069214,-0.000396043062210083
persona.low_e_low_n.seed-3008.neutral,3008,neutral,persona.low_e_low_n,low_e_low_n,v1,grief_stricken,-0.0027774527668952944,-0.01850031316280365
persona.low_e_low_n.seed-3008.neutral,3008,neutral,persona.low_e_low_n,low_e_low_n,v1,furious,-0.0014689505100250245,-0.01191680133342743
persona.low_e_low_n.seed-3009.feedback_only,3009,feedback_only,persona.low_e_low_n,low_e_low_n,v1,joyful,-0.0009096845984458924,-0.003531910479068756
persona.low_e_low_n.seed-3009.feedback_only,3009,feedback_only,persona.low_e_low_n,low_e_low_n,v1,grief_stricken,0.0025836318731307984,0.007854416966438293
persona.low_e_low_n.seed-3009.feedback_only,3009,feedback_only,persona.low_e_low_n,low_e_low_n,v1,furious,0.004421020299196244,0.016521170735359192
persona.low_e_low_n.seed-3009.supportive,3009,supportive,persona.low_e_low_n,low_e_low_n,v1,joyful,0.0014365144073963166,0.00348585844039917
persona.low_e_low_n.seed-3009.supportive,3009,supportive,persona.low_e_low_n,low_e_low_n,v1,grief_stricken,0.0012850701808929444,-0.0010969936847686768
persona.low_e_low_n.seed-3009.supportive,3009,supportive,persona.low_e_low_n,low_e_low_n,v1,furious,0.003668951615691185,0.013109322637319565
persona.low_e_low_n.seed-3009.neutral,3009,neutral,persona.low_e_low_n,low_e_low_n,v1,joyful,-0.001949138194322586,-0.009474784135818481
persona.low_e_low_n.seed-3009.neutral,3009,neutral,persona.low_e_low_n,low_e_low_n,v1,grief_stricken,0.0011653080582618713,0.0023333877325057983
persona.low_e_low_n.seed-3009.neutral,3009,neutral,persona.low_e_low_n,low_e_low_n,v1,furious,0.004802215471863746,0.017543576657772064
persona.low_e_low_n.seed-3010.feedback_only,3010,feedback_only,persona.low_e_low_n,low_e_low_n,v1,joyful,-0.00449494868516922,-0.015741117298603058
persona.low_e_low_n.seed-3010.feedback_only,3010,feedback_only,persona.low_e_low_n,low_e_low_n,v1,grief_stricken,0.0022215813398361204,0.0056685954332351685
persona.low_e_low_n.seed-3010.feedback_only,3010,feedback_only,persona.low_e_low_n,low_e_low_n,v1,furious,0.007488393783569336,0.02867535501718521
persona.low_e_low_n.seed-3010.supportive,3010,supportive,persona.low_e_low_n,low_e_low_n,v1,joyful,-0.004214390367269516,-0.01642199605703354
persona.low_e_low_n.seed-3010.supportive,3010,supportive,persona.low_e_low_n,low_e_low_n,v1,grief_stricken,0.0011047095060348511,0.0006173104047775269
persona.low_e_low_n.seed-3010.supportive,3010,supportive,persona.low_e_low_n,low_e_low_n,v1,furious,0.008272643759846687,0.030726507306098938
persona.low_e_low_n.seed-3010.neutral,3010,neutral,persona.low_e_low_n,low_e_low_n,v1,joyful,-0.004869548231363296,-0.017822206020355225
persona.low_e_low_n.seed-3010.neutral,3010,neutral,persona.low_e_low_n,low_e_low_n,v1,grief_stricken,0.0006512880325317382,-0.0008258819580078125
persona.low_e_low_n.seed-3010.neutral,3010,neutral,persona.low_e_low_n,low_e_low_n,v1,furious,0.010228867828845977,0.03827416151762009
persona.low_e_low_n.v2.seed-3001.feedback_only,3001,feedback_only,persona.low_e_low_n.v2,low_e_low_n,v2,joyful,-0.001684674620628357,-0.00929773598909378
persona.low_e_low_n.v2.seed-3001.feedback_only,3001,feedback_only,persona.low_e_low_n.v2,low_e_low_n,v2,grief_stricken,0.0035596922039985656,0.009650439023971558
persona.low_e_low_n.v2.seed-3001.feedback_only,3001,feedback_only,persona.low_e_low_n.v2,low_e_low_n,v2,furious,0.0022874072194099425,0.010837391018867493
persona.low_e_low_n.v2.seed-3001.supportive,3001,supportive,persona.low_e_low_n.v2,low_e_low_n,v2,joyful,-0.00024483054876327514,-0.004774346947669983
persona.low_e_low_n.v2.seed-3001.supportive,3001,supportive,persona.low_e_low_n.v2,low_e_low_n,v2,grief_stricken,0.0019303992390632629,0.0018813908100128174
persona.low_e_low_n.v2.seed-3001.supportive,3001,supportive,persona.low_e_low_n.v2,low_e_low_n,v2,furious,0.003016563132405281,0.01213468611240387
persona.low_e_low_n.v2.seed-3001.neutral,3001,neutral,persona.low_e_low_n.v2,low_e_low_n,v2,joyful,-0.0025970816612243654,-0.012577690184116364
persona.low_e_low_n.v2.seed-3001.neutral,3001,neutral,persona.low_e_low_n.v2,low_e_low_n,v2,grief_stricken,0.001291075348854065,0.0016290098428726196
persona.low_e_low_n.v2.seed-3001.neutral,3001,neutral,persona.low_e_low_n.v2,low_e_low_n,v2,furious,0.0042978603392839435,0.016831740736961365
persona.low_e_low_n.v2.seed-3002.feedback_only,3002,feedback_only,persona.low_e_low_n.v2,low_e_low_n,v2,joyful,-0.001684674620628357,-0.00929773598909378
persona.low_e_low_n.v2.seed-3002.feedback_only,3002,feedback_only,persona.low_e_low_n.v2,low_e_low_n,v2,grief_stricken,0.0035596922039985656,0.009650439023971558
persona.low_e_low_n.v2.seed-3002.feedback_only,3002,feedback_only,persona.low_e_low_n.v2,low_e_low_n,v2,furious,0.0022874072194099425,0.010837391018867493
persona.low_e_low_n.v2.seed-3002.supportive,3002,supportive,persona.low_e_low_n.v2,low_e_low_n,v2,joyful,-0.00024483054876327514,-0.004774346947669983
persona.low_e_low_n.v2.seed-3002.supportive,3002,supportive,persona.low_e_low_n.v2,low_e_low_n,v2,grief_stricken,0.0019303992390632629,0.0018813908100128174
persona.low_e_low_n.v2.seed-3002.supportive,3002,supportive,persona.low_e_low_n.v2,low_e_low_n,v2,furious,0.003016563132405281,0.01213468611240387
persona.low_e_low_n.v2.seed-3002.neutral,3002,neutral,persona.low_e_low_n.v2,low_e_low_n,v2,joyful,-0.0025970816612243654,-0.012577690184116364
persona.low_e_low_n.v2.seed-3002.neutral,3002,neutral,persona.low_e_low_n.v2,low_e_low_n,v2,grief_stricken,0.001291075348854065,0.0016290098428726196
persona.low_e_low_n.v2.seed-3002.neutral,3002,neutral,persona.low_e_low_n.v2,low_e_low_n,v2,furious,0.0042978603392839435,0.016831740736961365
persona.low_e_low_n.v2.seed-3003.feedback_only,3003,feedback_only,persona.low_e_low_n.v2,low_e_low_n,v2,joyful,0.00011646673083305359,-0.0012870728969573975
persona.low_e_low_n.v2.seed-3003.feedback_only,3003,feedback_only,persona.low_e_low_n.v2,low_e_low_n,v2,grief_stricken,0.0007780849933624268,0.0015779584646224976
persona.low_e_low_n.v2.seed-3003.feedback_only,3003,feedback_only,persona.low_e_low_n.v2,low_e_low_n,v2,furious,-0.0010184511542320252,0.0034455880522727966
persona.low_e_low_n.v2.seed-3003.supportive,3003,supportive,persona.low_e_low_n.v2,low_e_low_n,v2,joyful,0.0005183897912502289,-0.0006855130195617676
persona.low_e_low_n.v2.seed-3003.supportive,3003,supportive,persona.low_e_low_n.v2,low_e_low_n,v2,grief_stricken,-0.0005820423364639282,-0.00479578971862793
persona.low_e_low_n.v2.seed-3003.supportive,3003,supportive,persona.low_e_low_n.v2,low_e_low_n,v2,furious,0.0002549782395362854,0.004660293459892273
persona.low_e_low_n.v2.seed-3003.neutral,3003,neutral,persona.low_e_low_n.v2,low_e_low_n,v2,joyful,-0.001743483543395996,-0.00837099552154541
persona.low_e_low_n.v2.seed-3003.neutral,3003,neutral,persona.low_e_low_n.v2,low_e_low_n,v2,grief_stricken,-0.001243939995765686,-0.005987197160720825
persona.low_e_low_n.v2.seed-3003.neutral,3003,neutral,persona.low_e_low_n.v2,low_e_low_n,v2,furious,0.0017624713480472564,0.009156450629234314
persona.low_e_low_n.v2.seed-3004.feedback_only,3004,feedback_only,persona.low_e_low_n.v2,low_e_low_n,v2,joyful,-0.0013952314853668212,-0.007158517837524414
persona.low_e_low_n.v2.seed-3004.feedback_only,3004,feedback_only,persona.low_e_low_n.v2,low_e_low_n,v2,grief_stricken,0.0032492175698280333,0.008309677243232727
persona.low_e_low_n.v2.seed-3004.feedback_only,3004,feedback_only,persona.low_e_low_n.v2,low_e_low_n,v2,furious,0.0028578929603099825,0.013484388589859009
persona.low_e_low_n.v2.seed-3004.supportive,3004,supportive,persona.low_e_low_n.v2,low_e_low_n,v2,joyful,6.593540310859681e-05,-0.004012532532215118
persona.low_e_low_n.v2.seed-3004.supportive,3004,supportive,persona.low_e_low_n.v2,low_e_low_n,v2,grief_stricken,0.0017170697450637818,0.003136172890663147
persona.low_e_low_n.v2.seed-3004.supportive,3004,supportive,persona.low_e_low_n.v2,low_e_low_n,v2,furious,0.0032718174159526827,0.01210324838757515
persona.low_e_low_n.v2.seed-3004.neutral,3004,neutral,persona.low_e_low_n.v2,low_e_low_n,v2,joyful,-0.00043926239013671877,-0.0035028457641601562
persona.low_e_low_n.v2.seed-3004.neutral,3004,neutral,persona.low_e_low_n.v2,low_e_low_n,v2,grief_stricken,0.0006526201963424682,0.0006707757711410522
persona.low_e_low_n.v2.seed-3004.neutral,3004,neutral,persona.low_e_low_n.v2,low_e_low_n,v2,furious,0.003998665139079094,0.014627315104007721
persona.low_e_low_n.v2.seed-3005.feedback_only,3005,feedback_only,persona.low_e_low_n.v2,low_e_low_n,v2,joyful,-0.001684674620628357,-0.00929773598909378
persona.low_e_low_n.v2.seed-3005.feedback_only,3005,feedback_only,persona.low_e_low_n.v2,low_e_low_n,v2,grief_stricken,0.0035596922039985656,0.009650439023971558
persona.low_e_low_n.v2.seed-3005.feedback_only,3005,feedback_only,persona.low_e_low_n.v2,low_e_low_n,v2,furious,0.0022874072194099425,0.010837391018867493
persona.low_e_low_n.v2.seed-3005.supportive,3005,supportive,persona.low_e_low_n.v2,low_e_low_n,v2,joyful,-0.00024483054876327514,-0.004774346947669983
persona.low_e_low_n.v2.seed-3005.supportive,3005,supportive,persona.low_e_low_n.v2,low_e_low_n,v2,grief_stricken,0.0019303992390632629,0.0018813908100128174
persona.low_e_low_n.v2.seed-3005.supportive,3005,supportive,persona.low_e_low_n.v2,low_e_low_n,v2,furious,0.003016563132405281,0.01213468611240387
persona.low_e_low_n.v2.seed-3005.neutral,3005,neutral,persona.low_e_low_n.v2,low_e_low_n,v2,joyful,-0.0025970816612243654,-0.012577690184116364
persona.low_e_low_n.v2.seed-3005.neutral,3005,neutral,persona.low_e_low_n.v2,low_e_low_n,v2,grief_stricken,0.001291075348854065,0.0016290098428726196
persona.low_e_low_n.v2.seed-3005.neutral,3005,neutral,persona.low_e_low_n.v2,low_e_low_n,v2,furious,0.0042978603392839435,0.016831740736961365
persona.low_e_low_n.v2.seed-3006.feedback_only,3006,feedback_only,persona.low_e_low_n.v2,low_e_low_n,v2,joyful,-0.001344585418701172,-0.0077318549156188965
persona.low_e_low_n.v2.seed-3006.feedback_only,3006,feedback_only,persona.low_e_low_n.v2,low_e_low_n,v2,grief_stricken,0.004614436626434326,0.013052389025688171
persona.low_e_low_n.v2.seed-3006.feedback_only,3006,feedback_only,persona.low_e_low_n.v2,low_e_low_n,v2,furious,0.003440843150019646,0.01765059493482113
persona.low_e_low_n.v2.seed-3006.supportive,3006,supportive,persona.low_e_low_n.v2,low_e_low_n,v2,joyful,0.0003301247954368591,-0.0014635100960731506
persona.low_e_low_n.v2.seed-3006.supportive,3006,supportive,persona.low_e_low_n.v2,low_e_low_n,v2,grief_stricken,0.004930023849010467,0.014790654182434082
persona.low_e_low_n.v2.seed-3006.supportive,3006,supportive,persona.low_e_low_n.v2,low_e_low_n,v2,furious,0.002328033372759819,0.010408792644739151
persona.low_e_low_n.v2.seed-3006.neutral,3006,neutral,persona.low_e_low_n.v2,low_e_low_n,v2,joyful,-0.0007211707532405853,-0.0035497918725013733
persona.low_e_low_n.v2.seed-3006.neutral,3006,neutral,persona.low_e_low_n.v2,low_e_low_n,v2,grief_stricken,0.002829226851463318,0.008079886436462402
persona.low_e_low_n.v2.seed-3006.neutral,3006,neutral,persona.low_e_low_n.v2,low_e_low_n,v2,furious,0.003117496147751808,0.012134574353694916
persona.low_e_low_n.v2.seed-3007.feedback_only,3007,feedback_only,persona.low_e_low_n.v2,low_e_low_n,v2,joyful,-0.001684674620628357,-0.00929773598909378
persona.low_e_low_n.v2.seed-3007.feedback_only,3007,feedback_only,persona.low_e_low_n.v2,low_e_low_n,v2,grief_stricken,0.0035596922039985656,0.009650439023971558
persona.low_e_low_n.v2.seed-3007.feedback_only,3007,feedback_only,persona.low_e_low_n.v2,low_e_low_n,v2,furious,0.0022874072194099425,0.010837391018867493
persona.low_e_low_n.v2.seed-3007.supportive,3007,supportive,persona.low_e_low_n.v2,low_e_low_n,v2,joyful,-0.00024483054876327514,-0.004774346947669983
persona.low_e_low_n.v2.seed-3007.supportive,3007,supportive,persona.low_e_low_n.v2,low_e_low_n,v2,grief_stricken,0.0019303992390632629,0.0018813908100128174
persona.low_e_low_n.v2.seed-3007.supportive,3007,supportive,persona.low_e_low_n.v2,low_e_low_n,v2,furious,0.003016563132405281,0.01213468611240387
persona.low_e_low_n.v2.seed-3007.neutral,3007,neutral,persona.low_e_low_n.v2,low_e_low_n,v2,joyful,-0.0025970816612243654,-0.012577690184116364
persona.low_e_low_n.v2.seed-3007.neutral,3007,neutral,persona.low_e_low_n.v2,low_e_low_n,v2,grief_stricken,0.001291075348854065,0.0016290098428726196
persona.low_e_low_n.v2.seed-3007.neutral,3007,neutral,persona.low_e_low_n.v2,low_e_low_n,v2,furious,0.0042978603392839435,0.016831740736961365
persona.low_e_low_n.v2.seed-3008.feedback_only,3008,feedback_only,persona.low_e_low_n.v2,low_e_low_n,v2,joyful,0.000776277482509613,0.0030070245265960693
persona.low_e_low_n.v2.seed-3008.feedback_only,3008,feedback_only,persona.low_e_low_n.v2,low_e_low_n,v2,grief_stricken,-0.0018781259655952453,-0.017538651823997498
persona.low_e_low_n.v2.seed-3008.feedback_only,3008,feedback_only,persona.low_e_low_n.v2,low_e_low_n,v2,furious,-0.00234597772359848,-0.012329533696174622
persona.low_e_low_n.v2.seed-3008.supportive,3008,supportive,persona.low_e_low_n.v2,low_e_low_n,v2,joyful,0.0016082420945167542,0.004491016268730164
persona.low_e_low_n.v2.seed-3008.supportive,3008,supportive,persona.low_e_low_n.v2,low_e_low_n,v2,grief_stricken,-0.0021713361144065856,-0.018627285957336426
persona.low_e_low_n.v2.seed-3008.supportive,3008,supportive,persona.low_e_low_n.v2,low_e_low_n,v2,furious,-0.00039620362222194674,-0.004929147660732269
persona.low_e_low_n.v2.seed-3008.neutral,3008,neutral,persona.low_e_low_n.v2,low_e_low_n,v2,joyful,-0.0002023071050643921,-0.0006038174033164978
persona.low_e_low_n.v2.seed-3008.neutral,3008,neutral,persona.low_e_low_n.v2,low_e_low_n,v2,grief_stricken,-0.0028010815382003783,-0.018831774592399597
persona.low_e_low_n.v2.seed-3008.neutral,3008,neutral,persona.low_e_low_n.v2,low_e_low_n,v2,furious,-0.0011525940150022506,-0.010420531034469604
persona.low_e_low_n.v2.seed-3009.feedback_only,3009,feedback_only,persona.low_e_low_n.v2,low_e_low_n,v2,joyful,-0.001684674620628357,-0.00929773598909378
persona.low_e_low_n.v2.seed-3009.feedback_only,3009,feedback_only,persona.low_e_low_n.v2,low_e_low_n,v2,grief_stricken,0.0035596922039985656,0.009650439023971558
persona.low_e_low_n.v2.seed-3009.feedback_only,3009,feedback_only,persona.low_e_low_n.v2,low_e_low_n,v2,furious,0.0022874072194099425,0.010837391018867493
persona.low_e_low_n.v2.seed-3009.supportive,3009,supportive,persona.low_e_low_n.v2,low_e_low_n,v2,joyful,-0.00024483054876327514,-0.004774346947669983
persona.low_e_low_n.v2.seed-3009.supportive,3009,supportive,persona.low_e_low_n.v2,low_e_low_n,v2,grief_stricken,0.0019303992390632629,0.0018813908100128174
persona.low_e_low_n.v2.seed-3009.supportive,3009,supportive,persona.low_e_low_n.v2,low_e_low_n,v2,furious,0.003016563132405281,0.01213468611240387
persona.low_e_low_n.v2.seed-3009.neutral,3009,neutral,persona.low_e_low_n.v2,low_e_low_n,v2,joyful,-0.0025970816612243654,-0.012577690184116364
persona.low_e_low_n.v2.seed-3009.neutral,3009,neutral,persona.low_e_low_n.v2,low_e_low_n,v2,grief_stricken,0.001291075348854065,0.0016290098428726196
persona.low_e_low_n.v2.seed-3009.neutral,3009,neutral,persona.low_e_low_n.v2,low_e_low_n,v2,furious,0.0042978603392839435,0.016831740736961365
persona.low_e_low_n.v2.seed-3010.feedback_only,3010,feedback_only,persona.low_e_low_n.v2,low_e_low_n,v2,joyful,-0.004681349545717239,-0.016391925513744354
persona.low_e_low_n.v2.seed-3010.feedback_only,3010,feedback_only,persona.low_e_low_n.v2,low_e_low_n,v2,grief_stricken,0.002093498408794403,0.005173400044441223
persona.low_e_low_n.v2.seed-3010.feedback_only,3010,feedback_only,persona.low_e_low_n.v2,low_e_low_n,v2,furious,0.00743965208530426,0.028490610420703888
persona.low_e_low_n.v2.seed-3010.supportive,3010,supportive,persona.low_e_low_n.v2,low_e_low_n,v2,joyful,-0.004625138640403747,-0.017885208129882812
persona.low_e_low_n.v2.seed-3010.supportive,3010,supportive,persona.low_e_low_n.v2,low_e_low_n,v2,grief_stricken,0.0009374573826789856,-7.21365213394165e-05
persona.low_e_low_n.v2.seed-3010.supportive,3010,supportive,persona.low_e_low_n.v2,low_e_low_n,v2,furious,0.008238052204251289,0.03082376718521118
persona.low_e_low_n.v2.seed-3010.neutral,3010,neutral,persona.low_e_low_n.v2,low_e_low_n,v2,joyful,-0.0050804510712623594,-0.01865857094526291
persona.low_e_low_n.v2.seed-3010.neutral,3010,neutral,persona.low_e_low_n.v2,low_e_low_n,v2,grief_stricken,0.0005038842558860779,-0.0014997273683547974
persona.low_e_low_n.v2.seed-3010.neutral,3010,neutral,persona.low_e_low_n.v2,low_e_low_n,v2,furious,0.01004168540239334,0.03752078488469124
persona.low_e_low_n.v3.seed-3001.feedback_only,3001,feedback_only,persona.low_e_low_n.v3,low_e_low_n,v3,joyful,-0.0016253873705863952,-0.008846811950206757
persona.low_e_low_n.v3.seed-3001.feedback_only,3001,feedback_only,persona.low_e_low_n.v3,low_e_low_n,v3,grief_stricken,0.0034537822008132934,0.009559527039527893
persona.low_e_low_n.v3.seed-3001.feedback_only,3001,feedback_only,persona.low_e_low_n.v3,low_e_low_n,v3,furious,0.0016858551651239395,0.007838428020477295
persona.low_e_low_n.v3.seed-3001.supportive,3001,supportive,persona.low_e_low_n.v3,low_e_low_n,v3,joyful,-1.8051266670227052e-05,-0.003725998103618622
persona.low_e_low_n.v3.seed-3001.supportive,3001,supportive,persona.low_e_low_n.v3,low_e_low_n,v3,grief_stricken,0.0019964411854743957,0.0024221837520599365
persona.low_e_low_n.v3.seed-3001.supportive,3001,supportive,persona.low_e_low_n.v3,low_e_low_n,v3,furious,0.0023246318101882934,0.0090702585875988
persona.low_e_low_n.v3.seed-3001.neutral,3001,neutral,persona.low_e_low_n.v3,low_e_low_n,v3,joyful,-0.002463899552822113,-0.012157149612903595
persona.low_e_low_n.v3.seed-3001.neutral,3001,neutral,persona.low_e_low_n.v3,low_e_low_n,v3,grief_stricken,0.0013179168105125426,0.002129793167114258
persona.low_e_low_n.v3.seed-3001.neutral,3001,neutral,persona.low_e_low_n.v3,low_e_low_n,v3,furious,0.003650598973035812,0.013980448246002197
persona.low_e_low_n.v3.seed-3002.feedback_only,3002,feedback_only,persona.low_e_low_n.v3,low_e_low_n,v3,joyful,-0.0016253873705863952,-0.008846811950206757
persona.low_e_low_n.v3.seed-3002.feedback_only,3002,feedback_only,persona.low_e_low_n.v3,low_e_low_n,v3,grief_stricken,0.0034537822008132934,0.009559527039527893
persona.low_e_low_n.v3.seed-3002.feedback_only,3002,feedback_only,persona.low_e_low_n.v3,low_e_low_n,v3,furious,0.0016858551651239395,0.007838428020477295
persona.low_e_low_n.v3.seed-3002.supportive,3002,supportive,persona.low_e_low_n.v3,low_e_low_n,v3,joyful,-1.8051266670227052e-05,-0.003725998103618622
persona.low_e_low_n.v3.seed-3002.supportive,3002,supportive,persona.low_e_low_n.v3,low_e_low_n,v3,grief_stricken,0.0019964411854743957,0.0024221837520599365
persona.low_e_low_n.v3.seed-3002.supportive,3002,supportive,persona.low_e_low_n.v3,low_e_low_n,v3,furious,0.0023246318101882934,0.0090702585875988
persona.low_e_low_n.v3.seed-3002.neutral,3002,neutral,persona.low_e_low_n.v3,low_e_low_n,v3,joyful,-0.002463899552822113,-0.012157149612903595
persona.low_e_low_n.v3.seed-3002.neutral,3002,neutral,persona.low_e_low_n.v3,low_e_low_n,v3,grief_stricken,0.0013179168105125426,0.002129793167114258
persona.low_e_low_n.v3.seed-3002.neutral,3002,neutral,persona.low_e_low_n.v3,low_e_low_n,v3,furious,0.003650598973035812,0.013980448246002197
persona.low_e_low_n.v3.seed-3003.feedback_only,3003,feedback_only,persona.low_e_low_n.v3,low_e_low_n,v3,joyful,0.0004272252321243286,-6.297975778579712e-05
persona.low_e_low_n.v3.seed-3003.feedback_only,3003,feedback_only,persona.low_e_low_n.v3,low_e_low_n,v3,grief_stricken,0.0006539881229400635,0.0012557953596115112
persona.low_e_low_n.v3.seed-3003.feedback_only,3003,feedback_only,persona.low_e_low_n.v3,low_e_low_n,v3,furious,-0.0017513960599899292,0.00015151873230934143
persona.low_e_low_n.v3.seed-3003.supportive,3003,supportive,persona.low_e_low_n.v3,low_e_low_n,v3,joyful,0.0008431456983089447,0.0005488172173500061
persona.low_e_low_n.v3.seed-3003.supportive,3003,supportive,persona.low_e_low_n.v3,low_e_low_n,v3,grief_stricken,-0.0005802527070045471,-0.004461422562599182
persona.low_e_low_n.v3.seed-3003.supportive,3003,supportive,persona.low_e_low_n.v3,low_e_low_n,v3,furious,-0.0005584131926298141,0.0011669918894767761
persona.low_e_low_n.v3.seed-3003.neutral,3003,neutral,persona.low_e_low_n.v3,low_e_low_n,v3,joyful,-0.0015055127441883087,-0.007463894784450531
persona.low_e_low_n.v3.seed-3003.neutral,3003,neutral,persona.low_e_low_n.v3,low_e_low_n,v3,grief_stricken,-0.0012147486209869384,-0.00546640157699585
persona.low_e_low_n.v3.seed-3003.neutral,3003,neutral,persona.low_e_low_n.v3,low_e_low_n,v3,furious,0.0010622236877679825,0.006046034395694733
persona.low_e_low_n.v3.seed-3004.feedback_only,3004,feedback_only,persona.low_e_low_n.v3,low_e_low_n,v3,joyful,-0.001421121507883072,-0.00719703733921051
persona.low_e_low_n.v3.seed-3004.feedback_only,3004,feedback_only,persona.low_e_low_n.v3,low_e_low_n,v3,grief_stricken,0.0031429365277290343,0.008077993988990784
persona.low_e_low_n.v3.seed-3004.feedback_only,3004,feedback_only,persona.low_e_low_n.v3,low_e_low_n,v3,furious,0.002271566167473793,0.010714232921600342
persona.low_e_low_n.v3.seed-3004.supportive,3004,supportive,persona.low_e_low_n.v3,low_e_low_n,v3,joyful,0.0001516588032245636,-0.003546975553035736
persona.low_e_low_n.v3.seed-3004.supportive,3004,supportive,persona.low_e_low_n.v3,low_e_low_n,v3,grief_stricken,0.0017609879374504088,0.003355845808982849
persona.low_e_low_n.v3.seed-3004.supportive,3004,supportive,persona.low_e_low_n.v3,low_e_low_n,v3,furious,0.0026964791119098662,0.009458564221858978
persona.low_e_low_n.v3.seed-3004.neutral,3004,neutral,persona.low_e_low_n.v3,low_e_low_n,v3,joyful,-0.0004521928727626801,-0.003605887293815613
persona.low_e_low_n.v3.seed-3004.neutral,3004,neutral,persona.low_e_low_n.v3,low_e_low_n,v3,grief_stricken,0.0006150856614112854,0.0007390528917312622
persona.low_e_low_n.v3.seed-3004.neutral,3004,neutral,persona.low_e_low_n.v3,low_e_low_n,v3,furious,0.003496352955698967,0.012315414845943451
persona.low_e_low_n.v3.seed-3005.feedback_only,3005,feedback_only,persona.low_e_low_n.v3,low_e_low_n,v3,joyful,-0.0016253873705863952,-0.008846811950206757
persona.low_e_low_n.v3.seed-3005.feedback_only,3005,feedback_only,persona.low_e_low_n.v3,low_e_low_n,v3,grief_stricken,0.0034537822008132934,0.009559527039527893
persona.low_e_low_n.v3.seed-3005.feedback_only,3005,feedback_only,persona.low_e_low_n.v3,low_e_low_n,v3,furious,0.0016858551651239395,0.007838428020477295
persona.low_e_low_n.v3.seed-3005.supportive,3005,supportive,persona.low_e_low_n.v3,low_e_low_n,v3,joyful,-1.8051266670227052e-05,-0.003725998103618622
persona.low_e_low_n.v3.seed-3005.supportive,3005,supportive,persona.low_e_low_n.v3,low_e_low_n,v3,grief_stricken,0.0019964411854743957,0.0024221837520599365
persona.low_e_low_n.v3.seed-3005.supportive,3005,supportive,persona.low_e_low_n.v3,low_e_low_n,v3,furious,0.0023246318101882934,0.0090702585875988
persona.low_e_low_n.v3.seed-3005.neutral,3005,neutral,persona.low_e_low_n.v3,low_e_low_n,v3,joyful,-0.002463899552822113,-0.012157149612903595
persona.low_e_low_n.v3.seed-3005.neutral,3005,neutral,persona.low_e_low_n.v3,low_e_low_n,v3,grief_stricken,0.0013179168105125426,0.002129793167114258
persona.low_e_low_n.v3.seed-3005.neutral,3005,neutral,persona.low_e_low_n.v3,low_e_low_n,v3,furious,0.003650598973035812,0.013980448246002197
persona.low_e_low_n.v3.seed-3006.feedback_only,3006,feedback_only,persona.low_e_low_n.v3,low_e_low_n,v3,joyful,-0.0012020826339721679,-0.007020838558673859
persona.low_e_low_n.v3.seed-3006.feedback_only,3006,feedback_only,persona.low_e_low_n.v3,low_e_low_n,v3,grief_stricken,0.004388919472694397,0.012190073728561401
persona.low_e_low_n.v3.seed-3006.feedback_only,3006,feedback_only,persona.low_e_low_n.v3,low_e_low_n,v3,furious,0.0030587855726480484,0.01611945405602455
persona.low_e_low_n.v3.seed-3006.supportive,3006,supportive,persona.low_e_low_n.v3,low_e_low_n,v3,joyful,0.0005989506840705872,-0.00013830512762069702
persona.low_e_low_n.v3.seed-3006.supportive,3006,supportive,persona.low_e_low_n.v3,low_e_low_n,v3,grief_stricken,0.004849804937839508,0.01453748345375061
persona.low_e_low_n.v3.seed-3006.supportive,3006,supportive,persona.low_e_low_n.v3,low_e_low_n,v3,furious,0.0018406547605991364,0.00841214507818222
persona.low_e_low_n.v3.seed-3006.neutral,3006,neutral,persona.low_e_low_n.v3,low_e_low_n,v3,joyful,-0.0004539810121059418,-0.0024144351482391357
persona.low_e_low_n.v3.seed-3006.neutral,3006,neutral,persona.low_e_low_n.v3,low_e_low_n,v3,grief_stricken,0.002860502898693085,0.008424878120422363
persona.low_e_low_n.v3.seed-3006.neutral,3006,neutral,persona.low_e_low_n.v3,low_e_low_n,v3,furious,0.0027852803468704224,0.010612823069095612
persona.low_e_low_n.v3.seed-3007.feedback_only,3007,feedback_only,persona.low_e_low_n.v3,low_e_low_n,v3,joyful,-0.0016253873705863952,-0.008846811950206757
persona.low_e_low_n.v3.seed-3007.feedback_only,3007,feedback_only,persona.low_e_low_n.v3,low_e_low_n,v3,grief_stricken,0.0034537822008132934,0.009559527039527893
persona.low_e_low_n.v3.seed-3007.feedback_only,3007,feedback_only,persona.low_e_low_n.v3,low_e_low_n,v3,furious,0.0016858551651239395,0.007838428020477295
persona.low_e_low_n.v3.seed-3007.supportive,3007,supportive,persona.low_e_low_n.v3,low_e_low_n,v3,joyful,-1.8051266670227052e-05,-0.003725998103618622
persona.low_e_low_n.v3.seed-3007.supportive,3007,supportive,persona.low_e_low_n.v3,low_e_low_n,v3,grief_stricken,0.0019964411854743957,0.0024221837520599365
persona.low_e_low_n.v3.seed-3007.supportive,3007,supportive,persona.low_e_low_n.v3,low_e_low_n,v3,furious,0.0023246318101882934,0.0090702585875988
persona.low_e_low_n.v3.seed-3007.neutral,3007,neutral,persona.low_e_low_n.v3,low_e_low_n,v3,joyful,-0.002463899552822113,-0.012157149612903595
persona.low_e_low_n.v3.seed-3007.neutral,3007,neutral,persona.low_e_low_n.v3,low_e_low_n,v3,grief_stricken,0.0013179168105125426,0.002129793167114258
persona.low_e_low_n.v3.seed-3007.neutral,3007,neutral,persona.low_e_low_n.v3,low_e_low_n,v3,furious,0.003650598973035812,0.013980448246002197
persona.low_e_low_n.v3.seed-3008.feedback_only,3008,feedback_only,persona.low_e_low_n.v3,low_e_low_n,v3,joyful,0.0008765950798988343,0.003663100302219391
persona.low_e_low_n.v3.seed-3008.feedback_only,3008,feedback_only,persona.low_e_low_n.v3,low_e_low_n,v3,grief_stricken,-0.002082526683807373,-0.01812201738357544
persona.low_e_low_n.v3.seed-3008.feedback_only,3008,feedback_only,persona.low_e_low_n.v3,low_e_low_n,v3,furious,-0.0027858447283506393,-0.0145200714468956
persona.low_e_low_n.v3.seed-3008.supportive,3008,supportive,persona.low_e_low_n.v3,low_e_low_n,v3,joyful,0.0018060281872749329,0.005394399166107178
persona.low_e_low_n.v3.seed-3008.supportive,3008,supportive,persona.low_e_low_n.v3,low_e_low_n,v3,grief_stricken,-0.0022027865052223206,-0.018573954701423645
persona.low_e_low_n.v3.seed-3008.supportive,3008,supportive,persona.low_e_low_n.v3,low_e_low_n,v3,furious,-0.0009410180151462555,-0.007257990539073944
persona.low_e_low_n.v3.seed-3008.neutral,3008,neutral,persona.low_e_low_n.v3,low_e_low_n,v3,joyful,-1.821368932723999e-05,7.127970457077026e-05
persona.low_e_low_n.v3.seed-3008.neutral,3008,neutral,persona.low_e_low_n.v3,low_e_low_n,v3,grief_stricken,-0.0028511062264442444,-0.018715322017669678
persona.low_e_low_n.v3.seed-3008.neutral,3008,neutral,persona.low_e_low_n.v3,low_e_low_n,v3,furious,-0.001666182279586792,-0.012603458017110825
persona.low_e_low_n.v3.seed-3009.feedback_only,3009,feedback_only,persona.low_e_low_n.v3,low_e_low_n,v3,joyful,-0.0009074561297893524,-0.0033802539110183716
persona.low_e_low_n.v3.seed-3009.feedback_only,3009,feedback_only,persona.low_e_low_n.v3,low_e_low_n,v3,grief_stricken,0.002268868684768677,0.006217941641807556
persona.low_e_low_n.v3.seed-3009.feedback_only,3009,feedback_only,persona.low_e_low_n.v3,low_e_low_n,v3,furious,0.003928490728139877,0.014371570199728012
persona.low_e_low_n.v3.seed-3009.supportive,3009,supportive,persona.low_e_low_n.v3,low_e_low_n,v3,joyful,0.0013878814876079558,0.003335103392601013
persona.low_e_low_n.v3.seed-3009.supportive,3009,supportive,persona.low_e_low_n.v3,low_e_low_n,v3,grief_stricken,0.001023903489112854,-0.00231228768825531
persona.low_e_low_n.v3.seed-3009.supportive,3009,supportive,persona.low_e_low_n.v3,low_e_low_n,v3,furious,0.003338995203375816,0.011725295335054398
persona.low_e_low_n.v3.seed-3009.neutral,3009,neutral,persona.low_e_low_n.v3,low_e_low_n,v3,joyful,-0.001923447847366333,-0.00940036028623581
persona.low_e_low_n.v3.seed-3009.neutral,3009,neutral,persona.low_e_low_n.v3,low_e_low_n,v3,grief_stricken,0.0008919551968574524,0.0011719465255737305
persona.low_e_low_n.v3.seed-3009.neutral,3009,neutral,persona.low_e_low_n.v3,low_e_low_n,v3,furious,0.004501520842313767,0.01634625345468521
persona.low_e_low_n.v3.seed-3010.feedback_only,3010,feedback_only,persona.low_e_low_n.v3,low_e_low_n,v3,joyful,-0.004256238043308258,-0.01470976322889328
persona.low_e_low_n.v3.seed-3010.feedback_only,3010,feedback_only,persona.low_e_low_n.v3,low_e_low_n,v3,grief_stricken,0.0021398305892944337,0.005230963230133057
persona.low_e_low_n.v3.seed-3010.feedback_only,3010,feedback_only,persona.low_e_low_n.v3,low_e_low_n,v3,furious,0.006986873596906662,0.026798956096172333
persona.low_e_low_n.v3.seed-3010.supportive,3010,supportive,persona.low_e_low_n.v3,low_e_low_n,v3,joyful,-0.00405668243765831,-0.01564899832010269
persona.low_e_low_n.v3.seed-3010.supportive,3010,supportive,persona.low_e_low_n.v3,low_e_low_n,v3,grief_stricken,0.0010403081774711608,0.00018893182277679443
persona.low_e_low_n.v3.seed-3010.supportive,3010,supportive,persona.low_e_low_n.v3,low_e_low_n,v3,furious,0.007643521949648857,0.028499476611614227
persona.low_e_low_n.v3.seed-3010.neutral,3010,neutral,persona.low_e_low_n.v3,low_e_low_n,v3,joyful,-0.004708731174468994,-0.017060846090316772
persona.low_e_low_n.v3.seed-3010.neutral,3010,neutral,persona.low_e_low_n.v3,low_e_low_n,v3,grief_stricken,0.000627252459526062,-0.001041501760482788
persona.low_e_low_n.v3.seed-3010.neutral,3010,neutral,persona.low_e_low_n.v3,low_e_low_n,v3,furious,0.009544328227639199,0.03574170917272568
