seed,quadrant,template,persona_id,axis,contrast,slope,r5_minus_r1
3001,high_e_high_n,v1,persona.high_e_high_n,joyful,neutral_minus_feedback_only,-0.0009661287069320679,-0.0030552446842193604
3001,high_e_high_n,v2,persona.high_e_high_n.v2,joyful,neutral_minus_feedback_only,-0.0010002128779888154,-0.0033436566591262817
3001,high_e_high_n,v3,persona.high_e_high_n.v3,joyful,neutral_minus_feedback_only,-0.0008060812950134277,-0.0024683550000190735
3001,high_e_low_n,v1,persona.high_e_low_n,joyful,neutral_minus_feedback_only,-0.0009402319788932802,-0.002859070897102356
3001,high_e_low_n,v2,persona.high_e_low_n.v2,joyful,neutral_minus_feedback_only,-0.000930248200893402,-0.0029356777667999268
3001,high_e_low_n,v3,persona.high_e_low_n.v3,joyful,neutral_minus_feedback_only,-0.0007575415074825289,-0.0021628066897392273
3001,low_e_high_n,v1,persona.low_e_high_n,joyful,neutral_minus_feedback_only,-0.0010166309773921968,-0.0035740062594413757
3001,low_e_high_n,v2,persona.low_e_high_n.v2,joyful,neutral_minus_feedback_only,-0.0010492645204067228,-0.004119768738746643
3001,low_e_high_n,v3,persona.low_e_high_n.v3,joyful,neutral_minus_feedback_only,-0.0009310171008110046,-0.0037325769662857056
3001,low_e_low_n,v1,persona.low_e_low_n,joyful,neutral_minus_feedback_only,-0.0008904412388801577,-0.0029993578791618347
3001,low_e_low_n,v2,persona.low_e_low_n.v2,joyful,neutral_minus_feedback_only,-0.0009124070405960084,-0.003279954195022583
3001,low_e_low_n,v3,persona.low_e_low_n.v3,joyful,neutral_minus_feedback_only,-0.0008385121822357179,-0.0033103376626968384
3002,high_e_high_n,v1,persona.high_e_high_n,joyful,neutral_minus_feedback_only,-0.0009661287069320679,-0.0030552446842193604
3002,high_e_high_n,v2,persona.high_e_high_n.v2,joyful,neutral_minus_feedback_only,-0.0010002128779888154,-0.0033436566591262817
3002,high_e_high_n,v3,persona.high_e_high_n.v3,joyful,neutral_minus_feedback_only,-0.0008060812950134277,-0.0024683550000190735
3002,high_e_low_n,v1,persona.high_e_low_n,joyful,neutral_minus_feedback_only,-0.0009402319788932802,-0.002859070897102356
3002,high_e_low_n,v2,persona.high_e_low_n.v2,joyful,neutral_minus_feedback_only,-0.000930248200893402,-0.0029356777667999268
3002,high_e_low_n,v3,persona.high_e_low_n.v3,joyful,neutral_minus_feedback_only,-0.0007575415074825289,-0.0021628066897392273
3002,low_e_high_n,v1,persona.low_e_high_n,joyful,neutral_minus_feedback_only,-0.0010166309773921968,-0.0035740062594413757
3002,low_e_high_n,v2,persona.low_e_high_n.v2,joyful,neutral_minus_feedback_only,-0.0010492645204067228,-0.004119768738746643
3002,low_e_high_n,v3,persona.low_e_high_n.v3,joyful,neutral_minus_feedback_only,-0.0009310171008110046,-0.0037325769662857056
3002,low_e_low_n,v1,persona.low_e_low_n,joyful,neutral_minus_feedback_only,-0.0008904412388801577,-0.0029993578791618347
3002,low_e_low_n,v2,persona.low_e_low_n.v2,joyful,neutral_minus_feedback_only,-0.0009124070405960084,-0.003279954195022583
3002,low_e_low_n,v3,persona.low_e_low_n.v3,joyful,neutral_minus_feedback_only,-0.0008385121822357179,-0.0033103376626968384
3003,high_e_high_n,v1,persona.high_e_high_n,joyful,neutral_minus_feedback_only,-0.0019573330879211425,-0.006888009607791901
3003,high_e_high_n,v2,persona.high_e_high_n.v2,joyful,neutral_minus_feedback_only,-0.001957123726606369,-0.007088586688041687
3003,high_e_high_n,v3,persona.high_e_high_n.v3,joyful,neutral_minus_feedback_only,-0.0018909290432929994,-0.006570339202880859
3003,high_e_low_n,v1,persona.high_e_low_n,joyful,neutral_minus_feedback_only,-0.0019721098244190214,-0.006873585283756256
3003,high_e_low_n,v2,persona.high_e_low_n.v2,joyful,neutral_minus_feedback_only,-0.0019279256463050844,-0.006879910826683044
3003,high_e_low_n,v3,persona.high_e_low_n.v3,joyful,neutral_minus_feedback_only,-0.0018597088754177095,-0.006343156099319458
3003,low_e_high_n,v1,persona.low_e_high_n,joyful,neutral_minus_feedback_only,-0.0019829899072647096,-0.007346220314502716
3003,low_e_high_n,v2,persona.low_e_high_n.v2,joyful,neutral_minus_feedback_only,-0.0019764602184295654,-0.00763469934463501
3003,low_e_high_n,v3,persona.low_e_high_n.v3,joyful,neutral_minus_feedback_only,-0.0020410321652889253,-0.007851168513298035
3003,low_e_low_n,v1,persona.low_e_low_n,joyful,neutral_minus_feedback_only,-0.0019082151353359222,-0.00704839825630188
3003,low_e_low_n,v2,persona.low_e_low_n.v2,joyful,neutral_minus_feedback_only,-0.0018599502742290496,-0.007083922624588013
3003,low_e_low_n,v3,persona.low_e_low_n.v3,joyful,neutral_minus_feedback_only,-0.0019327379763126374,-0.007400915026664734
3004,high_e_high_n,v1,persona.high_e_high_n,joyful,neutral_minus_feedback_only,-0.0010563895106315614,-0.004711516201496124
3004,high_e_high_n,v2,persona.high_e_high_n.v2,joyful,neutral_minus_feedback_only,0.0008264198899269103,0.0033494308590888977
3004,high_e_high_n,v3,persona.high_e_high_n.v3,joyful,neutral_minus_feedback_only,-0.0009615421295166016,-0.004466593265533447
3004,high_e_low_n,v1,persona.high_e_low_n,joyful,neutral_minus_feedback_only,-0.0010729551315307618,-0.004800222814083099
3004,high_e_low_n,v2,persona.high_e_low_n.v2,joyful,neutral_minus_feedback_only,-0.0009847767651081085,-0.003641754388809204
3004,high_e_low_n,v3,persona.high_e_low_n.v3,joyful,neutral_minus_feedback_only,-0.000646403431892395,-0.002778656780719757
3004,low_e_high_n,v1,persona.low_e_high_n,joyful,neutral_minus_feedback_only,-0.0009915404021739959,-0.004965506494045258
3004,low_e_high_n,v2,persona.low_e_high_n.v2,joyful,neutral_minus_feedback_only,0.0009339340031147003,0.003607340157032013
3004,low_e_high_n,v3,persona.low_e_high_n.v3,joyful,neutral_minus_feedback_only,-0.0005529455840587619,-0.0037657544016838074
3004,low_e_low_n,v1,persona.low_e_low_n,joyful,neutral_minus_feedback_only,-0.001024726778268814,-0.004924274981021881
3004,low_e_low_n,v2,persona.low_e_low_n.v2,joyful,neutral_minus_feedback_only,0.0009559690952301024,0.003655672073364258
3004,low_e_low_n,v3,persona.low_e_low_n.v3,joyful,neutral_minus_feedback_only,0.0009689286351203919,0.0035911500453948975
3005,high_e_high_n,v1,persona.high_e_high_n,joyful,neutral_minus_feedback_only,-0.0009661287069320679,-0.0030552446842193604
3005,high_e_high_n,v2,persona.high_e_high_n.v2,joyful,neutral_minus_feedback_only,-0.0010002128779888154,-0.0033436566591262817
3005,high_e_high_n,v3,persona.high_e_high_n.v3,joyful,neutral_minus_feedback_only,-0.0008060812950134277,-0.0024683550000190735
3005,high_e_low_n,v1,persona.high_e_low_n,joyful,neutral_minus_feedback_only,-0.0009402319788932802,-0.002859070897102356
3005,high_e_low_n,v2,persona.high_e_low_n.v2,joyful,neutral_minus_feedback_only,-0.000930248200893402,-0.0029356777667999268
3005,high_e_low_n,v3,persona.high_e_low_n.v3,joyful,neutral_minus_feedback_only,-0.0007575415074825289,-0.0021628066897392273
3005,low_e_high_n,v1,persona.low_e_high_n,joyful,neutral_minus_feedback_only,-0.0010166309773921968,-0.0035740062594413757
3005,low_e_high_n,v2,persona.low_e_high_n.v2,joyful,neutral_minus_feedback_only,-0.0010492645204067228,-0.004119768738746643
3005,low_e_high_n,v3,persona.low_e_high_n.v3,joyful,neutral_minus_feedback_only,-0.0009310171008110046,-0.0037325769662857056
3005,low_e_low_n,v1,persona.low_e_low_n,joyful,neutral_minus_feedback_only,-0.0008904412388801577,-0.0029993578791618347
3005,low_e_low_n,v2,persona.low_e_low_n.v2,joyful,neutral_minus_feedback_only,-0.0009124070405960084,-0.003279954195022583
3005,low_e_low_n,v3,persona.low_e_low_n.v3,joyful,neutral_minus_feedback_only,-0.0008385121822357179,-0.0033103376626968384
3006,high_e_high_n,v1,persona.high_e_high_n,joyful,neutral_minus_feedback_only,0.0006530307233333587,0.004550248384475708
3006,high_e_high_n,v2,persona.high_e_high_n.v2,joyful,neutral_minus_feedback_only,0.0005446612834930421,0.003993965685367584
3006,high_e_high_n,v3,persona.high_e_high_n.v3,joyful,neutral_minus_feedback_only,0.0007593080401420594,0.004916734993457794
3006,high_e_low_n,v1,persona.high_e_low_n,joyful,neutral_minus_feedback_only,0.0007834471762180327,0.005166538059711456
3006,high_e_low_n,v2,persona.high_e_low_n.v2,joyful,neutral_minus_feedback_only,0.000688527524471283,0.004535451531410217
3006,high_e_low_n,v3,persona.high_e_low_n.v3,joyful,neutral_minus_feedback_only,0.0008866913616657258,0.0054066479206085205
3006,low_e_high_n,v1,persona.low_e_high_n,joyful,neutral_minus_feedback_only,0.0004634283483028413,0.0036582574248313904
3006,low_e_high_n,v2,persona.low_e_high_n.v2,joyful,neutral_minus_feedback_only,0.0003818884491920472,0.003091663122177124
3006,low_e_high_n,v3,persona.low_e_high_n.v3,joyful,neutral_minus_feedback_only,0.0005978487432003021,0.003948643803596497
3006,low_e_low_n,v1,persona.low_e_low_n,joyful,neutral_minus_feedback_only,0.0006699196994304656,0.004595927894115448
3006,low_e_low_n,v2,persona.low_e_low_n.v2,joyful,neutral_minus_feedback_only,0.0006234146654605867,0.004182063043117523
3006,low_e_low_n,v3,persona.low_e_low_n.v3,joyful,neutral_minus_feedback_only,0.0007481016218662261,0.004606403410434723
3007,high_e_high_n,v1,persona.high_e_high_n,joyful,neutral_minus_feedback_only,-0.0009661287069320679,-0.0030552446842193604
3007,high_e_high_n,v2,persona.high_e_high_n.v2,joyful,neutral_minus_feedback_only,-0.001521500200033188,-0.005776949226856232
3007,high_e_high_n,v3,persona.high_e_high_n.v3,joyful,neutral_minus_feedback_only,-0.0008060812950134277,-0.0024683550000190735
3007,high_e_low_n,v1,persona.high_e_low_n,joyful,neutral_minus_feedback_only,-0.0014607861638069152,-0.005289435386657715
3007,high_e_low_n,v2,persona.high_e_low_n.v2,joyful,neutral_minus_feedback_only,-0.0014689765870571137,-0.005411945283412933
3007,high_e_low_n,v3,persona.high_e_low_n.v3,joyful,neutral_minus_feedback_only,-0.0007575415074825289,-0.0021628066897392273
3007,low_e_high_n,v1,persona.low_e_high_n,joyful,neutral_minus_feedback_only,-0.0010166309773921968,-0.0035740062594413757
3007,low_e_high_n,v2,persona.low_e_high_n.v2,joyful,neutral_minus_feedback_only,-0.0010492645204067228,-0.004119768738746643
3007,low_e_high_n,v3,persona.low_e_high_n.v3,joyful,neutral_minus_feedback_only,-0.0009310171008110046,-0.0037325769662857056
3007,low_e_low_n,v1,persona.low_e_low_n,joyful,neutral_minus_feedback_only,-0.0008904412388801577,-0.0029993578791618347
3007,low_e_low_n,v2,persona.low_e_low_n.v2,joyful,neutral_minus_feedback_only,-0.0009124070405960084,-0.003279954195022583
3007,low_e_low_n,v3,persona.low_e_low_n.v3,joyful,neutral_minus_feedback_only,-0.0008385121822357179,-0.0033103376626968384
3008,high_e_high_n,v1,persona.high_e_high_n,joyful,neutral_minus_feedback_only,-0.0008318394422531128,-0.002383798360824585
3008,high_e_high_n,v2,persona.high_e_high_n.v2,joyful,neutral_minus_feedback_only,-0.0009310849010944366,-0.0029980167746543884
3008,high_e_high_n,v3,persona.high_e_high_n.v3,joyful,neutral_minus_feedback_only,-0.0008526518940925598,-0.002701207995414734
3008,high_e_low_n,v1,persona.high_e_low_n,joyful,neutral_minus_feedback_only,-0.0010232046246528626,-0.0032739341259002686
3008,high_e_low_n,v2,persona.high_e_low_n.v2,joyful,neutral_minus_feedback_only,-0.001005883514881134,-0.0033138543367385864
3008,high_e_low_n,v3,persona.high_e_low_n.v3,joyful,neutral_minus_feedback_only,-0.0009163461625576019,-0.0029568299651145935
3008,low_e_high_n,v1,persona.low_e_high_n,joyful,neutral_minus_feedback_only,-0.000924370437860489,-0.003112703561782837
3008,low_e_high_n,v2,persona.low_e_high_n.v2,joyful,neutral_minus_feedback_only,-0.0009030856192111969,-0.0033888742327690125
3008,low_e_high_n,v3,persona.low_e_high_n.v3,joyful,neutral_minus_feedback_only,-0.0008286014199256897,-0.003220498561859131
3008,low_e_low_n,v1,persona.low_e_low_n,joyful,neutral_minus_feedback_only,-0.0010505184531211854,-0.003799743950366974
3008,low_e_low_n,v2,persona.low_e_low_n.v2,joyful,neutral_minus_feedback_only,-0.000978584587574005,-0.003610841929912567
3008,low_e_low_n,v3,persona.low_e_low_n.v3,joyful,neutral_minus_feedback_only,-0.0008948087692260743,-0.0035918205976486206
3009,high_e_high_n,v1,persona.high_e_high_n,joyful,neutral_minus_feedback_only,-0.0009043298661708832,-0.005260944366455078
3009,high_e_high_n,v2,persona.high_e_high_n.v2,joyful,neutral_minus_feedback_only,-0.0009091399610042573,-0.005419895052909851
3009,high_e_high_n,v3,persona.high_e_high_n.v3,joyful,neutral_minus_feedback_only,-0.0008060812950134277,-0.0024683550000190735
3009,high_e_low_n,v1,persona.high_e_low_n,joyful,neutral_minus_feedback_only,-0.001094737648963928,-0.006085030734539032
3009,high_e_low_n,v2,persona.high_e_low_n.v2,joyful,neutral_minus_feedback_only,-0.001004636287689209,-0.005788333714008331
3009,high_e_low_n,v3,persona.high_e_low_n.v3,joyful,neutral_minus_feedback_only,-0.0007575415074825289,-0.0021628066897392273
3009,low_e_high_n,v1,persona.low_e_high_n,joyful,neutral_minus_feedback_only,-0.0009596742689609527,-0.005485229194164276
3009,low_e_high_n,v2,persona.low_e_high_n.v2,joyful,neutral_minus_feedback_only,-0.0010492645204067228,-0.004119768738746643
3009,low_e_high_n,v3,persona.low_e_high_n.v3,joyful,neutral_minus_feedback_only,-0.0009851716458797457,-0.0058706700801849365
3009,low_e_low_n,v1,persona.low_e_low_n,joyful,neutral_minus_feedback_only,-0.0010394535958766936,-0.005942873656749725
3009,low_e_low_n,v2,persona.low_e_low_n.v2,joyful,neutral_minus_feedback_only,-0.0009124070405960084,-0.003279954195022583
3009,low_e_low_n,v3,persona.low_e_low_n.v3,joyful,neutral_minus_feedback_only,-0.0010159917175769804,-0.006020106375217438
3010,high_e_high_n,v1,persona.high_e_high_n,joyful,neutral_minus_feedback_only,-0.0005758471786975862,-0.0028886348009109497
3010,high_e_high_n,v2,persona.high_e_high_n.v2,joyful,neutral_minus_feedback_only,-0.0005689390003681179,-0.002899736166000366
3010,high_e_high_n,v3,persona.high_e_high_n.v3,joyful,neutral_minus_feedback_only,-0.00048641860485076904,-0.002389274537563324
3010,high_e_low_n,v1,persona.high_e_low_n,joyful,neutral_minus_feedback_only,-0.0005652748048305505,-0.002824045717716217
3010,high_e_low_n,v2,persona.high_e_low_n.v2,joyful,neutral_minus_feedback_only,-0.0002550713717937468,-0.0017846524715423584
3010,high_e_low_n,v3,persona.high_e_low_n.v3,joyful,neutral_minus_feedback_only,-0.00048381909728050215,-0.0024852827191352844
3010,low_e_high_n,v1,persona.low_e_high_n,joyful,neutral_minus_feedback_only,-0.0004648327827453617,-0.0025053247809410095
3010,low_e_high_n,v2,persona.low_e_high_n.v2,joyful,neutral_minus_feedback_only,-0.0005728989839553838,-0.0029630139470100403
3010,low_e_high_n,v3,persona.low_e_high_n.v3,joyful,neutral_minus_feedback_only,-0.00045770853757858346,-0.002381555736064911
3010,low_e_low_n,v1,persona.low_e_low_n,joyful,neutral_minus_feedback_only,-0.00037459954619407584,-0.0020810887217521667
3010,low_e_low_n,v2,persona.low_e_low_n.v2,joyful,neutral_minus_feedback_only,-0.00039910152554512024,-0.0022666454315185547
3010,low_e_low_n,v3,persona.low_e_low_n.v3,joyful,neutral_minus_feedback_only,-0.0004524931311607359,-0.0023510828614234924
3001,high_e_high_n,v1,persona.high_e_high_n,joyful,supportive_minus_neutral,0.0024667114019393923,0.00805501639842987
3001,high_e_high_n,v2,persona.high_e_high_n.v2,joyful,supportive_minus_neutral,0.002428754419088364,0.007898949086666107
3001,high_e_high_n,v3,persona.high_e_high_n.v3,joyful,supportive_minus_neutral,0.002495782822370529,0.008065737783908844
3001,high_e_low_n,v1,persona.high_e_low_n,joyful,supportive_minus_neutral,0.002254646271467209,0.006879784166812897
3001,high_e_low_n,v2,persona.high_e_low_n.v2,joyful,supportive_minus_neutral,0.002178923785686493,0.006710946559906006
3001,high_e_low_n,v3,persona.high_e_low_n.v3,joyful,supportive_minus_neutral,0.002268527448177338,0.00687166303396225
3001,low_e_high_n,v1,persona.low_e_high_n,joyful,supportive_minus_neutral,0.0026213563978672028,0.009157657623291016
3001,low_e_high_n,v2,persona.low_e_high_n.v2,joyful,supportive_minus_neutral,0.002638615667819977,0.009272284805774689
3001,low_e_high_n,v3,persona.low_e_high_n.v3,joyful,supportive_minus_neutral,0.0026648484170436857,0.009564608335494995
3001,low_e_low_n,v1,persona.low_e_low_n,joyful,supportive_minus_neutral,0.002380267530679703,0.007834658026695251
3001,low_e_low_n,v2,persona.low_e_low_n.v2,joyful,supportive_minus_neutral,0.0023522511124610904,0.007803343236446381
3001,low_e_low_n,v3,persona.low_e_low_n.v3,joyful,supportive_minus_neutral,0.002445848286151886,0.008431151509284973
3002,high_e_high_n,v1,persona.high_e_high_n,joyful,supportive_minus_neutral,0.0024667114019393923,0.00805501639842987
3002,high_e_high_n,v2,persona.high_e_high_n.v2,joyful,supportive_minus_neutral,0.002428754419088364,0.007898949086666107
3002,high_e_high_n,v3,persona.high_e_high_n.v3,joyful,supportive_minus_neutral,0.002495782822370529,0.008065737783908844
3002,high_e_low_n,v1,persona.high_e_low_n,joyful,supportive_minus_neutral,0.002254646271467209,0.006879784166812897
3002,high_e_low_n,v2,persona.high_e_low_n.v2,joyful,supportive_minus_neutral,0.002178923785686493,0.006710946559906006
3002,high_e_low_n,v3,persona.high_e_low_n.v3,joyful,supportive_minus_neutral,0.002268527448177338,0.00687166303396225
3002,low_e_high_n,v1,persona.low_e_high_n,joyful,supportive_minus_neutral,0.0026213563978672028,0.009157657623291016
3002,low_e_high_n,v2,persona.low_e_high_n.v2,joyful,supportive_minus_neutral,0.002638615667819977,0.009272284805774689
3002,low_e_high_n,v3,persona.low_e_high_n.v3,joyful,supportive_minus_neutral,0.0026648484170436857,0.009564608335494995
3002,low_e_low_n,v1,persona.low_e_low_n,joyful,supportive_minus_neutral,0.002380267530679703,0.007834658026695251
3002,low_e_low_n,v2,persona.low_e_low_n.v2,joyful,supportive_minus_neutral,0.0023522511124610904,0.007803343236446381
3002,low_e_low_n,v3,persona.low_e_low_n.v3,joyful,supportive_minus_neutral,0.002445848286151886,0.008431151509284973
3003,high_e_high_n,v1,persona.high_e_high_n,joyful,supportive_minus_neutral,0.002385268360376358,0.007878735661506653
3003,high_e_high_n,v2,persona.high_e_high_n.v2,joyful,supportive_minus_neutral,0.0023320652544498444,0.007640421390533447
3003,high_e_high_n,v3,persona.high_e_high_n.v3,joyful,supportive_minus_neutral,0.002430744469165802,0.007875226438045502
3003,high_e_low_n,v1,persona.high_e_low_n,joyful,supportive_minus_neutral,0.002221410721540451,0.00694611668586731
3003,high_e_low_n,v2,persona.high_e_low_n.v2,joyful,supportive_minus_neutral,0.00215885266661644,0.006917878985404968
3003,high_e_low_n,v3,persona.high_e_low_n.v3,joyful,supportive_minus_neutral,0.002267902344465256,0.0070308297872543335
3003,low_e_high_n,v1,persona.low_e_high_n,joyful,supportive_minus_neutral,0.0024164073169231416,0.008350960910320282
3003,low_e_high_n,v2,persona.low_e_high_n.v2,joyful,supportive_minus_neutral,0.002444250136613846,0.008437924087047577
3003,low_e_high_n,v3,persona.low_e_high_n.v3,joyful,supportive_minus_neutral,0.0025050491094589233,0.00875689834356308
3003,low_e_low_n,v1,persona.low_e_low_n,joyful,supportive_minus_neutral,0.0022326938807964323,0.007526382803916931
3003,low_e_low_n,v2,persona.low_e_low_n.v2,joyful,supportive_minus_neutral,0.002261873334646225,0.007685482501983643
3003,low_e_low_n,v3,persona.low_e_low_n.v3,joyful,supportive_minus_neutral,0.0023486584424972532,0.008012712001800537
3004,high_e_high_n,v1,persona.high_e_high_n,joyful,supportive_minus_neutral,0.0005866691470146179,0.000949271023273468
3004,high_e_high_n,v2,persona.high_e_high_n.v2,joyful,supportive_minus_neutral,0.000547616183757782,-0.0003743693232536316
3004,high_e_high_n,v3,persona.high_e_high_n.v3,joyful,supportive_minus_neutral,0.0007034577429294586,0.0015511587262153625
3004,high_e_low_n,v1,persona.high_e_low_n,joyful,supportive_minus_neutral,0.0004783987998962403,0.00035246461629867554
3004,high_e_low_n,v2,persona.high_e_low_n.v2,joyful,supportive_minus_neutral,0.0021891288459300992,0.00565289705991745
3004,high_e_low_n,v3,persona.high_e_low_n.v3,joyful,supportive_minus_neutral,0.0005858667194843292,0.0008779764175415039
3004,low_e_high_n,v1,persona.low_e_high_n,joyful,supportive_minus_neutral,0.00055832639336586,-0.00022039562463760376
3004,low_e_high_n,v2,persona.low_e_high_n.v2,joyful,supportive_minus_neutral,0.0006906285881996155,0.00043939054012298584
3004,low_e_high_n,v3,persona.low_e_high_n.v3,joyful,supportive_minus_neutral,0.002224570512771607,0.00824107974767685
3004,low_e_low_n,v1,persona.low_e_low_n,joyful,supportive_minus_neutral,0.0005198106169700623,-0.0005727484822273254
3004,low_e_low_n,v2,persona.low_e_low_n.v2,joyful,supportive_minus_neutral,0.0005051977932453156,-0.0005096867680549622
3004,low_e_low_n,v3,persona.low_e_low_n.v3,joyful,supportive_minus_neutral,0.0006038516759872437,5.891174077987671e-05
3005,high_e_high_n,v1,persona.high_e_high_n,joyful,supportive_minus_neutral,0.0024667114019393923,0.00805501639842987
3005,high_e_high_n,v2,persona.high_e_high_n.v2,joyful,supportive_minus_neutral,0.002428754419088364,0.007898949086666107
3005,high_e_high_n,v3,persona.high_e_high_n.v3,joyful,supportive_minus_neutral,0.002495782822370529,0.008065737783908844
3005,high_e_low_n,v1,persona.high_e_low_n,joyful,supportive_minus_neutral,0.002254646271467209,0.006879784166812897
3005,high_e_low_n,v2,persona.high_e_low_n.v2,joyful,supportive_minus_neutral,0.002178923785686493,0.006710946559906006
3005,high_e_low_n,v3,persona.high_e_low_n.v3,joyful,supportive_minus_neutral,0.002268527448177338,0.00687166303396225
3005,low_e_high_n,v1,persona.low_e_high_n,joyful,supportive_minus_neutral,0.0026213563978672028,0.009157657623291016
3005,low_e_high_n,v2,persona.low_e_high_n.v2,joyful,supportive_minus_neutral,0.002638615667819977,0.009272284805774689
3005,low_e_high_n,v3,persona.low_e_high_n.v3,joyful,supportive_minus_neutral,0.0026648484170436857,0.009564608335494995
3005,low_e_low_n,v1,persona.low_e_low_n,joyful,supportive_minus_neutral,0.002380267530679703,0.007834658026695251
3005,low_e_low_n,v2,persona.low_e_low_n.v2,joyful,supportive_minus_neutral,0.0023522511124610904,0.007803343236446381
3005,low_e_low_n,v3,persona.low_e_low_n.v3,joyful,supportive_minus_neutral,0.002445848286151886,0.008431151509284973
3006,high_e_high_n,v1,persona.high_e_high_n,joyful,supportive_minus_neutral,0.0010896548628807068,0.002133511006832123
3006,high_e_high_n,v2,persona.high_e_high_n.v2,joyful,supportive_minus_neutral,0.0012161329388618468,0.0026618391275405884
3006,high_e_high_n,v3,persona.high_e_high_n.v3,joyful,supportive_minus_neutral,0.0010623984038829804,0.0020155981183052063
3006,high_e_low_n,v1,persona.high_e_low_n,joyful,supportive_minus_neutral,0.000851217657327652,0.0009621679782867432
3006,high_e_low_n,v2,persona.high_e_low_n.v2,joyful,supportive_minus_neutral,0.0009356118738651275,0.0014434084296226501
3006,high_e_low_n,v3,persona.high_e_low_n.v3,joyful,supportive_minus_neutral,0.0008431330323219299,0.0010557100176811218
3006,low_e_high_n,v1,persona.low_e_high_n,joyful,supportive_minus_neutral,0.0011764571070671081,0.00270138680934906
3006,low_e_high_n,v2,persona.low_e_high_n.v2,joyful,supportive_minus_neutral,0.0013507388532161713,0.003403782844543457
3006,low_e_high_n,v3,persona.low_e_high_n.v3,joyful,supportive_minus_neutral,0.0012284211814403534,0.003133252263069153
3006,low_e_low_n,v1,persona.low_e_low_n,joyful,supportive_minus_neutral,0.0009847499430179596,0.0018105879426002502
3006,low_e_low_n,v2,persona.low_e_low_n.v2,joyful,supportive_minus_neutral,0.0010512955486774445,0.0020862817764282227
3006,low_e_low_n,v3,persona.low_e_low_n.v3,joyful,supportive_minus_neutral,0.001052931696176529,0.0022761300206184387
3007,high_e_high_n,v1,persona.high_e_high_n,joyful,supportive_minus_neutral,0.0024667114019393923,0.00805501639842987
3007,high_e_high_n,v2,persona.high_e_high_n.v2,joyful,supportive_minus_neutral,0.002401144057512283,0.007910668849945068
3007,high_e_high_n,v3,persona.high_e_high_n.v3,joyful,supportive_minus_neutral,0.002495782822370529,0.008065737783908844
3007,high_e_low_n,v1,persona.high_e_low_n,joyful,supportive_minus_neutral,0.0021810069680213927,0.006675548851490021
3007,high_e_low_n,v2,persona.high_e_low_n.v2,joyful,supportive_minus_neutral,0.0021392911672592167,0.00664617121219635
3007,high_e_low_n,v3,persona.high_e_low_n.v3,joyful,supportive_minus_neutral,0.0016558587551116946,0.0042103007435798645
3007,low_e_high_n,v1,persona.low_e_high_n,joyful,supportive_minus_neutral,0.0026213563978672028,0.009157657623291016
3007,low_e_high_n,v2,persona.low_e_high_n.v2,joyful,supportive_minus_neutral,0.002638615667819977,0.009272284805774689
3007,low_e_high_n,v3,persona.low_e_high_n.v3,joyful,supportive_minus_neutral,0.0026648484170436857,0.009564608335494995
3007,low_e_low_n,v1,persona.low_e_low_n,joyful,supportive_minus_neutral,0.002380267530679703,0.007834658026695251
3007,low_e_low_n,v2,persona.low_e_low_n.v2,joyful,supportive_minus_neutral,0.0023522511124610904,0.007803343236446381
3007,low_e_low_n,v3,persona.low_e_low_n.v3,joyful,supportive_minus_neutral,0.002445848286151886,0.008431151509284973
3008,high_e_high_n,v1,persona.high_e_high_n,joyful,supportive_minus_neutral,0.0017730817198753357,0.004586867988109589
3008,high_e_high_n,v2,persona.high_e_high_n.v2,joyful,supportive_minus_neutral,0.0017961330711841585,0.004735842347145081
3008,high_e_high_n,v3,persona.high_e_high_n.v3,joyful,supportive_minus_neutral,0.0018461816012859344,0.00481773167848587
3008,high_e_low_n,v1,persona.high_e_low_n,joyful,supportive_minus_neutral,0.001767844706773758,0.004445776343345642
3008,high_e_low_n,v2,persona.high_e_low_n.v2,joyful,supportive_minus_neutral,0.001743246614933014,0.004532560706138611
3008,high_e_low_n,v3,persona.high_e_low_n.v3,joyful,supportive_minus_neutral,0.0017729565501213075,0.004393808543682098
3008,low_e_high_n,v1,persona.low_e_high_n,joyful,supportive_minus_neutral,0.0018330059945583343,0.005215905606746674
3008,low_e_high_n,v2,persona.low_e_high_n.v2,joyful,supportive_minus_neutral,0.0018987536430358886,0.005572974681854248
3008,low_e_high_n,v3,persona.low_e_high_n.v3,joyful,supportive_minus_neutral,0.001885806769132614,0.005669400095939636
3008,low_e_low_n,v1,persona.low_e_low_n,joyful,supportive_minus_neutral,0.0018282882869243623,0.005074761807918549
3008,low_e_low_n,v2,persona.low_e_low_n.v2,joyful,supportive_minus_neutral,0.0018105491995811464,0.005094833672046661
3008,low_e_low_n,v3,persona.low_e_low_n.v3,joyful,supportive_minus_neutral,0.001824241876602173,0.0053231194615364075
3009,high_e_high_n,v1,persona.high_e_high_n,joyful,supportive_minus_neutral,0.003284209221601486,0.01247628778219223
3009,high_e_high_n,v2,persona.high_e_high_n.v2,joyful,supportive_minus_neutral,0.003290952742099762,0.012677907943725586
3009,high_e_high_n,v3,persona.high_e_high_n.v3,joyful,supportive_minus_neutral,0.002495782822370529,0.008065737783908844
3009,high_e_low_n,v1,persona.high_e_low_n,joyful,supportive_minus_neutral,0.003223945945501327,0.012249313294887543
3009,high_e_low_n,v2,persona.high_e_low_n.v2,joyful,supportive_minus_neutral,0.0032231129705905916,0.012358807027339935
3009,high_e_low_n,v3,persona.high_e_low_n.v3,joyful,supportive_minus_neutral,0.002268527448177338,0.00687166303396225
3009,low_e_high_n,v1,persona.low_e_high_n,joyful,supportive_minus_neutral,0.0034365072846412655,0.013289570808410645
3009,low_e_high_n,v2,persona.low_e_high_n.v2,joyful,supportive_minus_neutral,0.002638615667819977,0.009272284805774689
3009,low_e_high_n,v3,persona.low_e_high_n.v3,joyful,supportive_minus_neutral,0.0034896932542324067,0.013543538749217987
3009,low_e_low_n,v1,persona.low_e_low_n,joyful,supportive_minus_neutral,0.0033856526017189024,0.012960642576217651
3009,low_e_low_n,v2,persona.low_e_low_n.v2,joyful,supportive_minus_neutral,0.0023522511124610904,0.007803343236446381
3009,low_e_low_n,v3,persona.low_e_low_n.v3,joyful,supportive_minus_neutral,0.0033113293349742888,0.012735463678836823
3010,high_e_high_n,v1,persona.high_e_high_n,joyful,supportive_minus_neutral,0.0008277297019958496,0.0021347329020500183
3010,high_e_high_n,v2,persona.high_e_high_n.v2,joyful,supportive_minus_neutral,0.000641309469938278,0.001538895070552826
3010,high_e_high_n,v3,persona.high_e_high_n.v3,joyful,supportive_minus_neutral,0.0008000478148460386,0.002031266689300537
3010,high_e_low_n,v1,persona.high_e_low_n,joyful,supportive_minus_neutral,0.0007188707590103146,0.0017118975520133972
3010,high_e_low_n,v2,persona.high_e_low_n.v2,joyful,supportive_minus_neutral,0.0004974149167537682,0.0009966567158699036
3010,high_e_low_n,v3,persona.high_e_low_n.v3,joyful,supportive_minus_neutral,0.0006987705826759331,0.001618698239326477
3010,low_e_high_n,v1,persona.low_e_high_n,joyful,supportive_minus_neutral,0.000793562829494476,0.002004168927669525
3010,low_e_high_n,v2,persona.low_e_high_n.v2,joyful,supportive_minus_neutral,0.0006950244307518004,0.001713089644908905
3010,low_e_high_n,v3,persona.low_e_high_n.v3,joyful,supportive_minus_neutral,0.0007436841726303108,0.001765429973602295
3010,low_e_low_n,v1,persona.low_e_low_n,joyful,supportive_minus_neutral,0.00065515786409378,0.0014002099633216858
3010,low_e_low_n,v2,persona.low_e_low_n.v2,joyful,supportive_minus_neutral,0.00045531243085861206,0.0007733628153800964
3010,low_e_low_n,v3,persona.low_e_low_n.v3,joyful,supportive_minus_neutral,0.0006520487368106842,0.0014118477702140808
3001,high_e_high_n,v1,persona.high_e_high_n,joyful,supportive_minus_feedback_only,0.0015005826950073241,0.00499977171421051
3001,high_e_high_n,v2,persona.high_e_high_n.v2,joyful,supportive_minus_feedback_only,0.0014285415410995484,0.0045552924275398254
3001,high_e_high_n,v3,persona.high_e_high_n.v3,joyful,supportive_minus_feedback_only,0.0016897015273571014,0.0055973827838897705
3001,high_e_low_n,v1,persona.high_e_low_n,joyful,supportive_minus_feedback_only,0.0013144142925739287,0.004020713269710541
3001,high_e_low_n,v2,persona.high_e_low_n.v2,joyful,supportive_minus_feedback_only,0.0012486755847930908,0.003775268793106079
3001,high_e_low_n,v3,persona.high_e_low_n.v3,joyful,supportive_minus_feedback_only,0.0015109859406948088,0.0047088563442230225
3001,low_e_high_n,v1,persona.low_e_high_n,joyful,supportive_minus_feedback_only,0.001604725420475006,0.00558365136384964
3001,low_e_high_n,v2,persona.low_e_high_n.v2,joyful,supportive_minus_feedback_only,0.0015893511474132538,0.005152516067028046
3001,low_e_high_n,v3,persona.low_e_high_n.v3,joyful,supportive_minus_feedback_only,0.0017338313162326812,0.0058320313692092896
3001,low_e_low_n,v1,persona.low_e_low_n,joyful,supportive_minus_feedback_only,0.0014898262917995453,0.004835300147533417
3001,low_e_low_n,v2,persona.low_e_low_n.v2,joyful,supportive_minus_feedback_only,0.0014398440718650818,0.004523389041423798
3001,low_e_low_n,v3,persona.low_e_low_n.v3,joyful,supportive_minus_feedback_only,0.0016073361039161682,0.005120813846588135
3002,high_e_high_n,v1,persona.high_e_high_n,joyful,supportive_minus_feedback_only,0.0015005826950073241,0.00499977171421051
3002,high_e_high_n,v2,persona.high_e_high_n.v2,joyful,supportive_minus_feedback_only,0.0014285415410995484,0.0045552924275398254
3002,high_e_high_n,v3,persona.high_e_high_n.v3,joyful,supportive_minus_feedback_only,0.0016897015273571014,0.0055973827838897705
3002,high_e_low_n,v1,persona.high_e_low_n,joyful,supportive_minus_feedback_only,0.0013144142925739287,0.004020713269710541
3002,high_e_low_n,v2,persona.high_e_low_n.v2,joyful,supportive_minus_feedback_only,0.0012486755847930908,0.003775268793106079
3002,high_e_low_n,v3,persona.high_e_low_n.v3,joyful,supportive_minus_feedback_only,0.0015109859406948088,0.0047088563442230225
3002,low_e_high_n,v1,persona.low_e_high_n,joyful,supportive_minus_feedback_only,0.001604725420475006,0.00558365136384964
3002,low_e_high_n,v2,persona.low_e_high_n.v2,joyful,supportive_minus_feedback_only,0.0015893511474132538,0.005152516067028046
3002,low_e_high_n,v3,persona.low_e_high_n.v3,joyful,supportive_minus_feedback_only,0.0017338313162326812,0.0058320313692092896
3002,low_e_low_n,v1,persona.low_e_low_n,joyful,supportive_minus_feedback_only,0.0014898262917995453,0.004835300147533417
3002,low_e_low_n,v2,persona.low_e_low_n.v2,joyful,supportive_minus_feedback_only,0.0014398440718650818,0.004523389041423798
3002,low_e_low_n,v3,persona.low_e_low_n.v3,joyful,supportive_minus_feedback_only,0.0016073361039161682,0.005120813846588135
3003,high_e_high_n,v1,persona.high_e_high_n,joyful,supportive_minus_feedback_only,0.0004279352724552154,0.0009907260537147522
3003,high_e_high_n,v2,persona.high_e_high_n.v2,joyful,supportive_minus_feedback_only,0.00037494152784347536,0.0005518347024917603
3003,high_e_high_n,v3,persona.high_e_high_n.v3,joyful,supportive_minus_feedback_only,0.0005398154258728026,0.0013048872351646423
3003,high_e_low_n,v1,persona.high_e_low_n,joyful,supportive_minus_feedback_only,0.0002493008971214294,7.253140211105347e-05
3003,high_e_low_n,v2,persona.high_e_low_n.v2,joyful,supportive_minus_feedback_only,0.00023092702031135565,3.796815872192383e-05
3003,high_e_low_n,v3,persona.high_e_low_n.v3,joyful,supportive_minus_feedback_only,0.0004081934690475464,0.0006876736879348755
3003,low_e_high_n,v1,persona.low_e_high_n,joyful,supportive_minus_feedback_only,0.00043341740965843203,0.001004740595817566
3003,low_e_high_n,v2,persona.low_e_high_n.v2,joyful,supportive_minus_feedback_only,0.0004677899181842804,0.0008032247424125671
3003,low_e_high_n,v3,persona.low_e_high_n.v3,joyful,supportive_minus_feedback_only,0.00046401694416999814,0.0009057298302650452
3003,low_e_low_n,v1,persona.low_e_low_n,joyful,supportive_minus_feedback_only,0.0003244787454605102,0.00047798454761505127
3003,low_e_low_n,v2,persona.low_e_low_n.v2,joyful,supportive_minus_feedback_only,0.0004019230604171753,0.0006015598773956299
3003,low_e_low_n,v3,persona.low_e_low_n.v3,joyful,supportive_minus_feedback_only,0.00041592046618461615,0.0006117969751358032
3004,high_e_high_n,v1,persona.high_e_high_n,joyful,supportive_minus_feedback_only,-0.0004697203636169433,-0.0037622451782226562
3004,high_e_high_n,v2,persona.high_e_high_n.v2,joyful,supportive_minus_feedback_only,0.0013740360736846924,0.002975061535835266
3004,high_e_high_n,v3,persona.high_e_high_n.v3,joyful,supportive_minus_feedback_only,-0.00025808438658714294,-0.0029154345393180847
3004,high_e_low_n,v1,persona.high_e_low_n,joyful,supportive_minus_feedback_only,-0.0005945563316345215,-0.004447758197784424
3004,high_e_low_n,v2,persona.high_e_low_n.v2,joyful,supportive_minus_feedback_only,0.001204352080821991,0.002011142671108246
3004,high_e_low_n,v3,persona.high_e_low_n.v3,joyful,supportive_minus_feedback_only,-6.053671240806584e-05,-0.0019006803631782532
3004,low_e_high_n,v1,persona.low_e_high_n,joyful,supportive_minus_feedback_only,-0.000433214008808136,-0.005185902118682861
3004,low_e_high_n,v2,persona.low_e_high_n.v2,joyful,supportive_minus_feedback_only,0.0016245625913143158,0.004046730697154999
3004,low_e_high_n,v3,persona.low_e_high_n.v3,joyful,supportive_minus_feedback_only,0.0016716249287128447,0.004475325345993042
3004,low_e_low_n,v1,persona.low_e_low_n,joyful,supportive_minus_feedback_only,-0.0005049161612987519,-0.0054970234632492065
3004,low_e_low_n,v2,persona.low_e_low_n.v2,joyful,supportive_minus_feedback_only,0.001461166888475418,0.0031459853053092957
3004,low_e_low_n,v3,persona.low_e_low_n.v3,joyful,supportive_minus_feedback_only,0.0015727803111076355,0.003650061786174774
3005,high_e_high_n,v1,persona.high_e_high_n,joyful,supportive_minus_feedback_only,0.0015005826950073241,0.00499977171421051
3005,high_e_high_n,v2,persona.high_e_high_n.v2,joyful,supportive_minus_feedback_only,0.0014285415410995484,0.0045552924275398254
3005,high_e_high_n,v3,persona.high_e_high_n.v3,joyful,supportive_minus_feedback_only,0.0016897015273571014,0.0055973827838897705
3005,high_e_low_n,v1,persona.high_e_low_n,joyful,supportive_minus_feedback_only,0.0013144142925739287,0.004020713269710541
3005,high_e_low_n,v2,persona.high_e_low_n.v2,joyful,supportive_minus_feedback_only,0.0012486755847930908,0.003775268793106079
3005,high_e_low_n,v3,persona.high_e_low_n.v3,joyful,supportive_minus_feedback_only,0.0015109859406948088,0.0047088563442230225
3005,low_e_high_n,v1,persona.low_e_high_n,joyful,supportive_minus_feedback_only,0.001604725420475006,0.00558365136384964
3005,low_e_high_n,v2,persona.low_e_high_n.v2,joyful,supportive_minus_feedback_only,0.0015893511474132538,0.005152516067028046
3005,low_e_high_n,v3,persona.low_e_high_n.v3,joyful,supportive_minus_feedback_only,0.0017338313162326812,0.0058320313692092896
3005,low_e_low_n,v1,persona.low_e_low_n,joyful,supportive_minus_feedback_only,0.0014898262917995453,0.004835300147533417
3005,low_e_low_n,v2,persona.low_e_low_n.v2,joyful,supportive_minus_feedback_only,0.0014398440718650818,0.004523389041423798
3005,low_e_low_n,v3,persona.low_e_low_n.v3,joyful,supportive_minus_feedback_only,0.0016073361039161682,0.005120813846588135
3006,high_e_high_n,v1,persona.high_e_high_n,joyful,supportive_minus_feedback_only,0.0017426855862140655,0.006683759391307831
3006,high_e_high_n,v2,persona.high_e_high_n.v2,joyful,supportive_minus_feedback_only,0.0017607942223548888,0.006655804812908173
3006,high_e_high_n,v3,persona.high_e_high_n.v3,joyful,supportive_minus_feedback_only,0.0018217064440250398,0.0069323331117630005
3006,high_e_low_n,v1,persona.high_e_low_n,joyful,supportive_minus_feedback_only,0.0016346648335456848,0.0061287060379981995
3006,high_e_low_n,v2,persona.high_e_low_n.v2,joyful,supportive_minus_feedback_only,0.0016241393983364104,0.005978859961032867
3006,high_e_low_n,v3,persona.high_e_low_n.v3,joyful,supportive_minus_feedback_only,0.0017298243939876557,0.006462357938289642
3006,low_e_high_n,v1,persona.low_e_high_n,joyful,supportive_minus_feedback_only,0.0016398854553699494,0.0063596442341804504
3006,low_e_high_n,v2,persona.low_e_high_n.v2,joyful,supportive_minus_feedback_only,0.0017326273024082185,0.006495445966720581
3006,low_e_high_n,v3,persona.low_e_high_n.v3,joyful,supportive_minus_feedback_only,0.0018262699246406554,0.007081896066665649
3006,low_e_low_n,v1,persona.low_e_low_n,joyful,supportive_minus_feedback_only,0.0016546696424484253,0.006406515836715698
3006,low_e_low_n,v2,persona.low_e_low_n.v2,joyful,supportive_minus_feedback_only,0.0016747102141380311,0.006268344819545746
3006,low_e_low_n,v3,persona.low_e_low_n.v3,joyful,supportive_minus_feedback_only,0.001801033318042755,0.006882533431053162
3007,high_e_high_n,v1,persona.high_e_high_n,joyful,supportive_minus_feedback_only,0.0015005826950073241,0.00499977171421051
3007,high_e_high_n,v2,persona.high_e_high_n.v2,joyful,supportive_minus_feedback_only,0.0008796438574790954,0.0021337196230888367
3007,high_e_high_n,v3,persona.high_e_high_n.v3,joyful,supportive_minus_feedback_only,0.0016897015273571014,0.0055973827838897705
3007,high_e_low_n,v1,persona.high_e_low_n,joyful,supportive_minus_feedback_only,0.0007202208042144775,0.001386113464832306
3007,high_e_low_n,v2,persona.high_e_low_n.v2,joyful,supportive_minus_feedback_only,0.0006703145802021027,0.0012342259287834167
3007,high_e_low_n,v3,persona.high_e_low_n.v3,joyful,supportive_minus_feedback_only,0.0008983172476291656,0.002047494053840637
3007,low_e_high_n,v1,persona.low_e_high_n,joyful,supportive_minus_feedback_only,0.001604725420475006,0.00558365136384964
3007,low_e_high_n,v2,persona.low_e_high_n.v2,joyful,supportive_minus_feedback_only,0.0015893511474132538,0.005152516067028046
3007,low_e_high_n,v3,persona.low_e_high_n.v3,joyful,supportive_minus_feedback_only,0.0017338313162326812,0.0058320313692092896
3007,low_e_low_n,v1,persona.low_e_low_n,joyful,supportive_minus_feedback_only,0.0014898262917995453,0.004835300147533417
3007,low_e_low_n,v2,persona.low_e_low_n.v2,joyful,supportive_minus_feedback_only,0.0014398440718650818,0.004523389041423798
3007,low_e_low_n,v3,persona.low_e_low_n.v3,joyful,supportive_minus_feedback_only,0.0016073361039161682,0.005120813846588135
3008,high_e_high_n,v1,persona.high_e_high_n,joyful,supportive_minus_feedback_only,0.0009412422776222229,0.0022030696272850037
3008,high_e_high_n,v2,persona.high_e_high_n.v2,joyful,supportive_minus_feedback_only,0.0008650481700897218,0.0017378255724906921
3008,high_e_high_n,v3,persona.high_e_high_n.v3,joyful,supportive_minus_feedback_only,0.0009935297071933745,0.0021165236830711365
3008,high_e_low_n,v1,persona.high_e_low_n,joyful,supportive_minus_feedback_only,0.0007446400821208953,0.0011718422174453735
3008,high_e_low_n,v2,persona.high_e_low_n.v2,joyful,supportive_minus_feedback_only,0.0007373631000518799,0.0012187063694000244
3008,high_e_low_n,v3,persona.high_e_low_n.v3,joyful,supportive_minus_feedback_only,0.0008566103875637055,0.0014369785785675049
3008,low_e_high_n,v1,persona.low_e_high_n,joyful,supportive_minus_feedback_only,0.0009086355566978455,0.0021032020449638367
3008,low_e_high_n,v2,persona.low_e_high_n.v2,joyful,supportive_minus_feedback_only,0.0009956680238246917,0.0021841004490852356
3008,low_e_high_n,v3,persona.low_e_high_n.v3,joyful,supportive_minus_feedback_only,0.0010572053492069243,0.0024489015340805054
3008,low_e_low_n,v1,persona.low_e_low_n,joyful,supportive_minus_feedback_only,0.0007777698338031769,0.0012750178575515747
3008,low_e_low_n,v2,persona.low_e_low_n.v2,joyful,supportive_minus_feedback_only,0.0008319646120071412,0.0014839917421340942
3008,low_e_low_n,v3,persona.low_e_low_n.v3,joyful,supportive_minus_feedback_only,0.0009294331073760986,0.0017312988638877869
3009,high_e_high_n,v1,persona.high_e_high_n,joyful,supportive_minus_feedback_only,0.002379879355430603,0.007215343415737152
3009,high_e_high_n,v2,persona.high_e_high_n.v2,joyful,supportive_minus_feedback_only,0.0023818127810955048,0.007258012890815735
3009,high_e_high_n,v3,persona.high_e_high_n.v3,joyful,supportive_minus_feedback_only,0.0016897015273571014,0.0055973827838897705
3009,high_e_low_n,v1,persona.high_e_low_n,joyful,supportive_minus_feedback_only,0.0021292082965373993,0.006164282560348511
3009,high_e_low_n,v2,persona.high_e_low_n.v2,joyful,supportive_minus_feedback_only,0.0022184766829013826,0.006570473313331604
3009,high_e_low_n,v3,persona.high_e_low_n.v3,joyful,supportive_minus_feedback_only,0.0015109859406948088,0.0047088563442230225
3009,low_e_high_n,v1,persona.low_e_high_n,joyful,supportive_minus_feedback_only,0.0024768330156803133,0.007804341614246368
3009,low_e_high_n,v2,persona.low_e_high_n.v2,joyful,supportive_minus_feedback_only,0.0015893511474132538,0.005152516067028046
3009,low_e_high_n,v3,persona.low_e_high_n.v3,joyful,supportive_minus_feedback_only,0.002504521608352661,0.0076728686690330505
3009,low_e_low_n,v1,persona.low_e_low_n,joyful,supportive_minus_feedback_only,0.002346199005842209,0.007017768919467926
3009,low_e_low_n,v2,persona.low_e_low_n.v2,joyful,supportive_minus_feedback_only,0.0014398440718650818,0.004523389041423798
3009,low_e_low_n,v3,persona.low_e_low_n.v3,joyful,supportive_minus_feedback_only,0.0022953376173973083,0.006715357303619385
3010,high_e_high_n,v1,persona.high_e_high_n,joyful,supportive_minus_feedback_only,0.0002518825232982634,-0.0007539018988609314
3010,high_e_high_n,v2,persona.high_e_high_n.v2,joyful,supportive_minus_feedback_only,7.237046957016009e-05,-0.0013608410954475403
3010,high_e_high_n,v3,persona.high_e_high_n.v3,joyful,supportive_minus_feedback_only,0.0003136292099952696,-0.00035800784826278687
3010,high_e_low_n,v1,persona.high_e_low_n,joyful,supportive_minus_feedback_only,0.00015359595417976414,-0.0011121481657028198
3010,high_e_low_n,v2,persona.high_e_low_n.v2,joyful,supportive_minus_feedback_only,0.00024234354496002145,-0.0007879957556724548
3010,high_e_low_n,v3,persona.high_e_low_n.v3,joyful,supportive_minus_feedback_only,0.000214951485395431,-0.0008665844798088074
3010,low_e_high_n,v1,persona.low_e_high_n,joyful,supportive_minus_feedback_only,0.0003287300467491143,-0.0005011558532714844
3010,low_e_high_n,v2,persona.low_e_high_n.v2,joyful,supportive_minus_feedback_only,0.00012212544679641654,-0.0012499243021011353
3010,low_e_high_n,v3,persona.low_e_high_n.v3,joyful,supportive_minus_feedback_only,0.0002859756350517273,-0.000616125762462616
3010,low_e_low_n,v1,persona.low_e_low_n,joyful,supportive_minus_feedback_only,0.00028055831789970415,-0.000680878758430481
3010,low_e_low_n,v2,persona.low_e_low_n.v2,joyful,supportive_minus_feedback_only,5.621090531349182e-05,-0.0014932826161384583
3010,low_e_low_n,v3,persona.low_e_low_n.v3,joyful,supportive_minus_feedback_only,0.0001995556056499483,-0.0009392350912094116
3001,high_e_high_n,v1,persona.high_e_high_n,grief_stricken,neutral_minus_feedback_only,-0.00246274471282959,-0.00910937786102295
3001,high_e_high_n,v2,persona.high_e_high_n.v2,grief_stricken,neutral_minus_feedback_only,-0.0023825109004974366,-0.008705884218215942
3001,high_e_high_n,v3,persona.high_e_high_n.v3,grief_stricken,neutral_minus_feedback_only,-0.002376393973827362,-0.008728638291358948
3001,high_e_low_n,v1,persona.high_e_low_n,grief_stricken,neutral_minus_feedback_only,-0.0024730443954467775,-0.009340852499008179
3001,high_e_low_n,v2,persona.high_e_low_n.v2,grief_stricken,neutral_minus_feedback_only,-0.0023636594414711,-0.008772268891334534
3001,high_e_low_n,v3,persona.high_e_low_n.v3,grief_stricken,neutral_minus_feedback_only,-0.002373197674751282,-0.00871749222278595
3001,low_e_high_n,v1,persona.low_e_high_n,grief_stricken,neutral_minus_feedback_only,-0.0022518754005432127,-0.007912963628768921
3001,low_e_high_n,v2,persona.low_e_high_n.v2,grief_stricken,neutral_minus_feedback_only,-0.0022284850478172303,-0.007879495620727539
3001,low_e_high_n,v3,persona.low_e_high_n.v3,grief_stricken,neutral_minus_feedback_only,-0.0021133691072463988,-0.007404744625091553
3001,low_e_low_n,v1,persona.low_e_low_n,grief_stricken,neutral_minus_feedback_only,-0.0023130983114242557,-0.008365392684936523
3001,low_e_low_n,v2,persona.low_e_low_n.v2,grief_stricken,neutral_minus_feedback_only,-0.0022686168551445006,-0.008021429181098938
3001,low_e_low_n,v3,persona.low_e_low_n.v3,grief_stricken,neutral_minus_feedback_only,-0.0021358653903007507,-0.007429733872413635
3002,high_e_high_n,v1,persona.high_e_high_n,grief_stricken,neutral_minus_feedback_only,-0.00246274471282959,-0.00910937786102295
3002,high_e_high_n,v2,persona.high_e_high_n.v2,grief_stricken,neutral_minus_feedback_only,-0.0023825109004974366,-0.008705884218215942
3002,high_e_high_n,v3,persona.high_e_high_n.v3,grief_stricken,neutral_minus_feedback_only,-0.002376393973827362,-0.008728638291358948
3002,high_e_low_n,v1,persona.high_e_low_n,grief_stricken,neutral_minus_feedback_only,-0.0024730443954467775,-0.009340852499008179
3002,high_e_low_n,v2,persona.high_e_low_n.v2,grief_stricken,neutral_minus_feedback_only,-0.0023636594414711,-0.008772268891334534
3002,high_e_low_n,v3,persona.high_e_low_n.v3,grief_stricken,neutral_minus_feedback_only,-0.002373197674751282,-0.00871749222278595
3002,low_e_high_n,v1,persona.low_e_high_n,grief_stricken,neutral_minus_feedback_only,-0.0022518754005432127,-0.007912963628768921
3002,low_e_high_n,v2,persona.low_e_high_n.v2,grief_stricken,neutral_minus_feedback_only,-0.0022284850478172303,-0.007879495620727539
3002,low_e_high_n,v3,persona.low_e_high_n.v3,grief_stricken,neutral_minus_feedback_only,-0.0021133691072463988,-0.007404744625091553
3002,low_e_low_n,v1,persona.low_e_low_n,grief_stricken,neutral_minus_feedback_only,-0.0023130983114242557,-0.008365392684936523
3002,low_e_low_n,v2,persona.low_e_low_n.v2,grief_stricken,neutral_minus_feedback_only,-0.0022686168551445006,-0.008021429181098938
3002,low_e_low_n,v3,persona.low_e_low_n.v3,grief_stricken,neutral_minus_feedback_only,-0.0021358653903007507,-0.007429733872413635
3003,high_e_high_n,v1,persona.high_e_high_n,grief_stricken,neutral_minus_feedback_only,-0.0021957710385322573,-0.008421599864959717
3003,high_e_high_n,v2,persona.high_e_high_n.v2,grief_stricken,neutral_minus_feedback_only,-0.0021143525838851927,-0.008112773299217224
3003,high_e_high_n,v3,persona.high_e_high_n.v3,grief_stricken,neutral_minus_feedback_only,-0.00211186558008194,-0.008049413561820984
3003,high_e_low_n,v1,persona.high_e_low_n,grief_stricken,neutral_minus_feedback_only,-0.0022506177425384525,-0.008686184883117676
3003,high_e_low_n,v2,persona.high_e_low_n.v2,grief_stricken,neutral_minus_feedback_only,-0.002151019871234894,-0.008331984281539917
3003,high_e_low_n,v3,persona.high_e_low_n.v3,grief_stricken,neutral_minus_feedback_only,-0.002229626476764679,-0.00840422511100769
3003,low_e_high_n,v1,persona.low_e_high_n,grief_stricken,neutral_minus_feedback_only,-0.001937645673751831,-0.007108926773071289
3003,low_e_high_n,v2,persona.low_e_high_n.v2,grief_stricken,neutral_minus_feedback_only,-0.001966722309589386,-0.00740303099155426
3003,low_e_high_n,v3,persona.low_e_high_n.v3,grief_stricken,neutral_minus_feedback_only,-0.0018181979656219482,-0.0065968334674835205
3003,low_e_low_n,v1,persona.low_e_low_n,grief_stricken,neutral_minus_feedback_only,-0.002022826671600342,-0.007550850510597229
3003,low_e_low_n,v2,persona.low_e_low_n.v2,grief_stricken,neutral_minus_feedback_only,-0.0020220249891281126,-0.007565155625343323
3003,low_e_low_n,v3,persona.low_e_low_n.v3,grief_stricken,neutral_minus_feedback_only,-0.0018687367439270018,-0.006722196936607361
3004,high_e_high_n,v1,persona.high_e_high_n,grief_stricken,neutral_minus_feedback_only,-0.0019351586699485781,-0.007421314716339111
3004,high_e_high_n,v2,persona.high_e_high_n.v2,grief_stricken,neutral_minus_feedback_only,-0.002722811698913574,-0.008464127779006958
3004,high_e_high_n,v3,persona.high_e_high_n.v3,grief_stricken,neutral_minus_feedback_only,-0.0018709227442741392,-0.00718553364276886
3004,high_e_low_n,v1,persona.high_e_low_n,grief_stricken,neutral_minus_feedback_only,-0.0019266486167907714,-0.007581144571304321
3004,high_e_low_n,v2,persona.high_e_low_n.v2,grief_stricken,neutral_minus_feedback_only,-0.002042396366596222,-0.0059582144021987915
3004,high_e_low_n,v3,persona.high_e_low_n.v3,grief_stricken,neutral_minus_feedback_only,-0.002317558228969574,-0.009403452277183533
3004,low_e_high_n,v1,persona.low_e_high_n,grief_stricken,neutral_minus_feedback_only,-0.0017575591802597046,-0.006498619914054871
3004,low_e_high_n,v2,persona.low_e_high_n.v2,grief_stricken,neutral_minus_feedback_only,-0.0026414871215820314,-0.007755950093269348
3004,low_e_high_n,v3,persona.low_e_high_n.v3,grief_stricken,neutral_minus_feedback_only,-0.0022640019655227658,-0.005897030234336853
3004,low_e_low_n,v1,persona.low_e_low_n,grief_stricken,neutral_minus_feedback_only,-0.0018153116106986997,-0.006914660334587097
3004,low_e_low_n,v2,persona.low_e_low_n.v2,grief_stricken,neutral_minus_feedback_only,-0.002596597373485565,-0.007638901472091675
3004,low_e_low_n,v3,persona.low_e_low_n.v3,grief_stricken,neutral_minus_feedback_only,-0.002527850866317749,-0.0073389410972595215
3005,high_e_high_n,v1,persona.high_e_high_n,grief_stricken,neutral_minus_feedback_only,-0.00246274471282959,-0.00910937786102295
3005,high_e_high_n,v2,persona.high_e_high_n.v2,grief_stricken,neutral_minus_feedback_only,-0.0023825109004974366,-0.008705884218215942
3005,high_e_high_n,v3,persona.high_e_high_n.v3,grief_stricken,neutral_minus_feedback_only,-0.002376393973827362,-0.008728638291358948
3005,high_e_low_n,v1,persona.high_e_low_n,grief_stricken,neutral_minus_feedback_only,-0.0024730443954467775,-0.009340852499008179
3005,high_e_low_n,v2,persona.high_e_low_n.v2,grief_stricken,neutral_minus_feedback_only,-0.0023636594414711,-0.008772268891334534
3005,high_e_low_n,v3,persona.high_e_low_n.v3,grief_stricken,neutral_minus_feedback_only,-0.002373197674751282,-0.00871749222278595
3005,low_e_high_n,v1,persona.low_e_high_n,grief_stricken,neutral_minus_feedback_only,-0.0022518754005432127,-0.007912963628768921
3005,low_e_high_n,v2,persona.low_e_high_n.v2,grief_stricken,neutral_minus_feedback_only,-0.0022284850478172303,-0.007879495620727539
3005,low_e_high_n,v3,persona.low_e_high_n.v3,grief_stricken,neutral_minus_feedback_only,-0.0021133691072463988,-0.007404744625091553
3005,low_e_low_n,v1,persona.low_e_low_n,grief_stricken,neutral_minus_feedback_only,-0.0023130983114242557,-0.008365392684936523
3005,low_e_low_n,v2,persona.low_e_low_n.v2,grief_stricken,neutral_minus_feedback_only,-0.0022686168551445006,-0.008021429181098938
3005,low_e_low_n,v3,persona.low_e_low_n.v3,grief_stricken,neutral_minus_feedback_only,-0.0021358653903007507,-0.007429733872413635
3006,high_e_high_n,v1,persona.high_e_high_n,grief_stricken,neutral_minus_feedback_only,-0.0018021449446678165,-0.005134955048561096
3006,high_e_high_n,v2,persona.high_e_high_n.v2,grief_stricken,neutral_minus_feedback_only,-0.0019438281655311585,-0.0056757330894470215
3006,high_e_high_n,v3,persona.high_e_high_n.v3,grief_stricken,neutral_minus_feedback_only,-0.0018023833632469172,-0.0050650835037231445
3006,high_e_low_n,v1,persona.high_e_low_n,grief_stricken,neutral_minus_feedback_only,-0.0018082737922668459,-0.005260303616523743
3006,high_e_low_n,v2,persona.high_e_low_n.v2,grief_stricken,neutral_minus_feedback_only,-0.0019615650177001952,-0.005872949957847595
3006,high_e_low_n,v3,persona.high_e_low_n.v3,grief_stricken,neutral_minus_feedback_only,-0.0018663823604583743,-0.005427435040473938
3006,low_e_high_n,v1,persona.low_e_high_n,grief_stricken,neutral_minus_feedback_only,-0.0014689281582832337,-0.0036028027534484863
3006,low_e_high_n,v2,persona.low_e_high_n.v2,grief_stricken,neutral_minus_feedback_only,-0.0016790986061096195,-0.004474431276321411
3006,low_e_high_n,v3,persona.low_e_high_n.v3,grief_stricken,neutral_minus_feedback_only,-0.0014117285609245296,-0.003273189067840576
3006,low_e_low_n,v1,persona.low_e_low_n,grief_stricken,neutral_minus_feedback_only,-0.0015481129288673402,-0.004015728831291199
3006,low_e_low_n,v2,persona.low_e_low_n.v2,grief_stricken,neutral_minus_feedback_only,-0.0017852097749710078,-0.004972502589225769
3006,low_e_low_n,v3,persona.low_e_low_n.v3,grief_stricken,neutral_minus_feedback_only,-0.0015284165740013125,-0.003765195608139038
3007,high_e_high_n,v1,persona.high_e_high_n,grief_stricken,neutral_minus_feedback_only,-0.00246274471282959,-0.00910937786102295
3007,high_e_high_n,v2,persona.high_e_high_n.v2,grief_stricken,neutral_minus_feedback_only,-0.0017122745513916016,-0.005302935838699341
3007,high_e_high_n,v3,persona.high_e_high_n.v3,grief_stricken,neutral_minus_feedback_only,-0.002376393973827362,-0.008728638291358948
3007,high_e_low_n,v1,persona.high_e_low_n,grief_stricken,neutral_minus_feedback_only,-0.0018180072307586671,-0.006040617823600769
3007,high_e_low_n,v2,persona.high_e_low_n.v2,grief_stricken,neutral_minus_feedback_only,-0.0016792804002761842,-0.005283713340759277
3007,high_e_low_n,v3,persona.high_e_low_n.v3,grief_stricken,neutral_minus_feedback_only,-0.002373197674751282,-0.00871749222278595
3007,low_e_high_n,v1,persona.low_e_high_n,grief_stricken,neutral_minus_feedback_only,-0.0022518754005432127,-0.007912963628768921
3007,low_e_high_n,v2,persona.low_e_high_n.v2,grief_stricken,neutral_minus_feedback_only,-0.0022284850478172303,-0.007879495620727539
3007,low_e_high_n,v3,persona.low_e_high_n.v3,grief_stricken,neutral_minus_feedback_only,-0.0021133691072463988,-0.007404744625091553
3007,low_e_low_n,v1,persona.low_e_low_n,grief_stricken,neutral_minus_feedback_only,-0.0023130983114242557,-0.008365392684936523
3007,low_e_low_n,v2,persona.low_e_low_n.v2,grief_stricken,neutral_minus_feedback_only,-0.0022686168551445006,-0.008021429181098938
3007,low_e_low_n,v3,persona.low_e_low_n.v3,grief_stricken,neutral_minus_feedback_only,-0.0021358653903007507,-0.007429733872413635
3008,high_e_high_n,v1,persona.high_e_high_n,grief_stricken,neutral_minus_feedback_only,-0.0008160412311553956,-0.0008758604526519775
3008,high_e_high_n,v2,persona.high_e_high_n.v2,grief_stricken,neutral_minus_feedback_only,-0.0009528249502182007,-0.0015574544668197632
3008,high_e_high_n,v3,persona.high_e_high_n.v3,grief_stricken,neutral_minus_feedback_only,-0.0008963957428932191,-0.0013286471366882324
3008,high_e_low_n,v1,persona.high_e_low_n,grief_stricken,neutral_minus_feedback_only,-0.0009549230337142943,-0.0017502456903457642
3008,high_e_low_n,v2,persona.high_e_low_n.v2,grief_stricken,neutral_minus_feedback_only,-0.0009326204657554623,-0.0016170740127563477
3008,high_e_low_n,v3,persona.high_e_low_n.v3,grief_stricken,neutral_minus_feedback_only,-0.0009248584508895876,-0.001475796103477478
3008,low_e_high_n,v1,persona.low_e_high_n,grief_stricken,neutral_minus_feedback_only,-0.0006895750761032105,-0.00010146200656890869
3008,low_e_high_n,v2,persona.low_e_high_n.v2,grief_stricken,neutral_minus_feedback_only,-0.0007724121212959291,-0.0005991309881210327
3008,low_e_high_n,v3,persona.low_e_high_n.v3,grief_stricken,neutral_minus_feedback_only,-0.000591567158699036,0.00020426511764526367
3008,low_e_low_n,v1,persona.low_e_low_n,grief_stricken,neutral_minus_feedback_only,-0.0008730709552764895,-0.0011652559041976929
3008,low_e_low_n,v2,persona.low_e_low_n.v2,grief_stricken,neutral_minus_feedback_only,-0.0009229555726051331,-0.0012931227684020996
3008,low_e_low_n,v3,persona.low_e_low_n.v3,grief_stricken,neutral_minus_feedback_only,-0.0007685795426368713,-0.0005933046340942383
3009,high_e_high_n,v1,persona.high_e_high_n,grief_stricken,neutral_minus_feedback_only,-0.001479363441467285,-0.005589470267295837
3009,high_e_high_n,v2,persona.high_e_high_n.v2,grief_stricken,neutral_minus_feedback_only,-0.0014477491378784178,-0.00553034245967865
3009,high_e_high_n,v3,persona.high_e_high_n.v3,grief_stricken,neutral_minus_feedback_only,-0.002376393973827362,-0.008728638291358948
3009,high_e_low_n,v1,persona.high_e_low_n,grief_stricken,neutral_minus_feedback_only,-0.001596759259700775,-0.006218016147613525
3009,high_e_low_n,v2,persona.high_e_low_n.v2,grief_stricken,neutral_minus_feedback_only,-0.0015026345849037171,-0.005819767713546753
3009,high_e_low_n,v3,persona.high_e_low_n.v3,grief_stricken,neutral_minus_feedback_only,-0.002373197674751282,-0.00871749222278595
3009,low_e_high_n,v1,persona.low_e_high_n,grief_stricken,neutral_minus_feedback_only,-0.0011783838272094729,-0.004300162196159363
3009,low_e_high_n,v2,persona.low_e_high_n.v2,grief_stricken,neutral_minus_feedback_only,-0.0022284850478172303,-0.007879495620727539
3009,low_e_high_n,v3,persona.low_e_high_n.v3,grief_stricken,neutral_minus_feedback_only,-0.0012367501854896547,-0.004423379898071289
3009,low_e_low_n,v1,persona.low_e_low_n,grief_stricken,neutral_minus_feedback_only,-0.001418323814868927,-0.005521029233932495
3009,low_e_low_n,v2,persona.low_e_low_n.v2,grief_stricken,neutral_minus_feedback_only,-0.0022686168551445006,-0.008021429181098938
3009,low_e_low_n,v3,persona.low_e_low_n.v3,grief_stricken,neutral_minus_feedback_only,-0.0013769134879112245,-0.005045995116233826
3010,high_e_high_n,v1,persona.high_e_high_n,grief_stricken,neutral_minus_feedback_only,-0.001742178201675415,-0.007177993655204773
3010,high_e_high_n,v2,persona.high_e_high_n.v2,grief_stricken,neutral_minus_feedback_only,-0.0017153754830360412,-0.0071564167737960815
3010,high_e_high_n,v3,persona.high_e_high_n.v3,grief_stricken,neutral_minus_feedback_only,-0.0017350092530250551,-0.0071128904819488525
3010,high_e_low_n,v1,persona.high_e_low_n,grief_stricken,neutral_minus_feedback_only,-0.0017387524247169496,-0.0071988701820373535
3010,high_e_low_n,v2,persona.high_e_low_n.v2,grief_stricken,neutral_minus_feedback_only,-0.0015288636088371275,-0.006632640957832336
3010,high_e_low_n,v3,persona.high_e_low_n.v3,grief_stricken,neutral_minus_feedback_only,-0.0016925111413002014,-0.006958216428756714
3010,low_e_high_n,v1,persona.low_e_high_n,grief_stricken,neutral_minus_feedback_only,-0.001603013277053833,-0.00655701756477356
3010,low_e_high_n,v2,persona.low_e_high_n.v2,grief_stricken,neutral_minus_feedback_only,-0.0016218781471252443,-0.006752312183380127
3010,low_e_high_n,v3,persona.low_e_high_n.v3,grief_stricken,neutral_minus_feedback_only,-0.00153164267539978,-0.0062680840492248535
3010,low_e_low_n,v1,persona.low_e_low_n,grief_stricken,neutral_minus_feedback_only,-0.0015702933073043822,-0.006494477391242981
3010,low_e_low_n,v2,persona.low_e_low_n.v2,grief_stricken,neutral_minus_feedback_only,-0.001589614152908325,-0.0066731274127960205
3010,low_e_low_n,v3,persona.low_e_low_n.v3,grief_stricken,neutral_minus_feedback_only,-0.0015125781297683717,-0.006272464990615845
3001,high_e_high_n,v1,persona.high_e_high_n,grief_stricken,supportive_minus_neutral,0.000899684429168701,0.001509144902229309
3001,high_e_high_n,v2,persona.high_e_high_n.v2,grief_stricken,supportive_minus_neutral,0.0007504850625991821,0.0009348690509796143
3001,high_e_high_n,v3,persona.high_e_high_n.v3,grief_stricken,supportive_minus_neutral,0.0008329093456268311,0.0010603368282318115
3001,high_e_low_n,v1,persona.high_e_low_n,grief_stricken,supportive_minus_neutral,0.0008815035223960878,0.0015939772129058838
3001,high_e_low_n,v2,persona.high_e_low_n.v2,grief_stricken,supportive_minus_neutral,0.0007564187049865722,0.0011201649904251099
3001,high_e_low_n,v3,persona.high_e_low_n.v3,grief_stricken,supportive_minus_neutral,0.0008234962821006774,0.0012665539979934692
3001,low_e_high_n,v1,persona.low_e_high_n,grief_stricken,supportive_minus_neutral,0.0006644442677497862,0.00025866925716400146
3001,low_e_high_n,v2,persona.low_e_high_n.v2,grief_stricken,supportive_minus_neutral,0.0006431564688682556,0.00028270483016967773
3001,low_e_high_n,v3,persona.low_e_high_n.v3,grief_stricken,supportive_minus_neutral,0.0006677195429801942,0.00021657347679138184
3001,low_e_low_n,v1,persona.low_e_low_n,grief_stricken,supportive_minus_neutral,0.0006955534219741822,0.0005296915769577026
3001,low_e_low_n,v2,persona.low_e_low_n.v2,grief_stricken,supportive_minus_neutral,0.0006393238902091978,0.00025238096714019775
3001,low_e_low_n,v3,persona.low_e_low_n.v3,grief_stricken,supportive_minus_neutral,0.000678524374961853,0.0002923905849456787
3002,high_e_high_n,v1,persona.high_e_high_n,grief_stricken,supportive_minus_neutral,0.000899684429168701,0.001509144902229309
3002,high_e_high_n,v2,persona.high_e_high_n.v2,grief_stricken,supportive_minus_neutral,0.0007504850625991821,0.0009348690509796143
3002,high_e_high_n,v3,persona.high_e_high_n.v3,grief_stricken,supportive_minus_neutral,0.0008329093456268311,0.0010603368282318115
3002,high_e_low_n,v1,persona.high_e_low_n,grief_stricken,supportive_minus_neutral,0.0008815035223960878,0.0015939772129058838
3002,high_e_low_n,v2,persona.high_e_low_n.v2,grief_stricken,supportive_minus_neutral,0.0007564187049865722,0.0011201649904251099
3002,high_e_low_n,v3,persona.high_e_low_n.v3,grief_stricken,supportive_minus_neutral,0.0008234962821006774,0.0012665539979934692
3002,low_e_high_n,v1,persona.low_e_high_n,grief_stricken,supportive_minus_neutral,0.0006644442677497862,0.00025866925716400146
3002,low_e_high_n,v2,persona.low_e_high_n.v2,grief_stricken,supportive_minus_neutral,0.0006431564688682556,0.00028270483016967773
3002,low_e_high_n,v3,persona.low_e_high_n.v3,grief_stricken,supportive_minus_neutral,0.0006677195429801942,0.00021657347679138184
3002,low_e_low_n,v1,persona.low_e_low_n,grief_stricken,supportive_minus_neutral,0.0006955534219741822,0.0005296915769577026
3002,low_e_low_n,v2,persona.low_e_low_n.v2,grief_stricken,supportive_minus_neutral,0.0006393238902091978,0.00025238096714019775
3002,low_e_low_n,v3,persona.low_e_low_n.v3,grief_stricken,supportive_minus_neutral,0.000678524374961853,0.0002923905849456787
3003,high_e_high_n,v1,persona.high_e_high_n,grief_stricken,supportive_minus_neutral,0.000866885483264923,0.0022573918104171753
3003,high_e_high_n,v2,persona.high_e_high_n.v2,grief_stricken,supportive_minus_neutral,0.0007349565625190736,0.0016512572765350342
3003,high_e_high_n,v3,persona.high_e_high_n.v3,grief_stricken,supportive_minus_neutral,0.0008250758051872255,0.0019424110651016235
3003,high_e_low_n,v1,persona.high_e_low_n,grief_stricken,supportive_minus_neutral,0.0008097261190414429,0.0021567493677139282
3003,high_e_low_n,v2,persona.high_e_low_n.v2,grief_stricken,supportive_minus_neutral,0.0007402732968330384,0.0018177032470703125
3003,high_e_low_n,v3,persona.high_e_low_n.v3,grief_stricken,supportive_minus_neutral,0.0007979974150657653,0.0019848644733428955
3003,low_e_high_n,v1,persona.low_e_high_n,grief_stricken,supportive_minus_neutral,0.0006696164608001709,0.0011117756366729736
3003,low_e_high_n,v2,persona.low_e_high_n.v2,grief_stricken,supportive_minus_neutral,0.0006752565503120422,0.001184806227684021
3003,low_e_high_n,v3,persona.low_e_high_n.v3,grief_stricken,supportive_minus_neutral,0.0006965383887290954,0.0011484920978546143
3003,low_e_low_n,v1,persona.low_e_low_n,grief_stricken,supportive_minus_neutral,0.0006616413593292236,0.0013639777898788452
3003,low_e_low_n,v2,persona.low_e_low_n.v2,grief_stricken,supportive_minus_neutral,0.0006618976593017578,0.0011914074420928955
3003,low_e_low_n,v3,persona.low_e_low_n.v3,grief_stricken,supportive_minus_neutral,0.0006344959139823913,0.0010049790143966675
3004,high_e_high_n,v1,persona.high_e_high_n,grief_stricken,supportive_minus_neutral,0.0018857046961784363,0.004611015319824219
3004,high_e_high_n,v2,persona.high_e_high_n.v2,grief_stricken,supportive_minus_neutral,0.001246754825115204,0.003388434648513794
3004,high_e_high_n,v3,persona.high_e_high_n.v3,grief_stricken,supportive_minus_neutral,0.001881653070449829,0.004591822624206543
3004,high_e_low_n,v1,persona.high_e_low_n,grief_stricken,supportive_minus_neutral,0.0017931848764419554,0.004375547170639038
3004,high_e_low_n,v2,persona.high_e_low_n.v2,grief_stricken,supportive_minus_neutral,0.000562204420566559,0.0009062290191650391
3004,high_e_low_n,v3,persona.high_e_low_n.v3,grief_stricken,supportive_minus_neutral,0.0018578365445137022,0.004608526825904846
3004,low_e_high_n,v1,persona.low_e_high_n,grief_stricken,supportive_minus_neutral,0.0011465460062026979,0.002579435706138611
3004,low_e_high_n,v2,persona.low_e_high_n.v2,grief_stricken,supportive_minus_neutral,0.0011007130146026612,0.002614632248878479
3004,low_e_high_n,v3,persona.low_e_high_n.v3,grief_stricken,supportive_minus_neutral,0.0008215814828872682,0.000929027795791626
3004,low_e_low_n,v1,persona.low_e_low_n,grief_stricken,supportive_minus_neutral,0.0011030316352844238,0.0025930553674697876
3004,low_e_low_n,v2,persona.low_e_low_n.v2,grief_stricken,supportive_minus_neutral,0.0010644495487213135,0.0024653971195220947
3004,low_e_low_n,v3,persona.low_e_low_n.v3,grief_stricken,supportive_minus_neutral,0.0011459022760391235,0.002616792917251587
3005,high_e_high_n,v1,persona.high_e_high_n,grief_stricken,supportive_minus_neutral,0.000899684429168701,0.001509144902229309
3005,high_e_high_n,v2,persona.high_e_high_n.v2,grief_stricken,supportive_minus_neutral,0.0007504850625991821,0.0009348690509796143
3005,high_e_high_n,v3,persona.high_e_high_n.v3,grief_stricken,supportive_minus_neutral,0.0008329093456268311,0.0010603368282318115
3005,high_e_low_n,v1,persona.high_e_low_n,grief_stricken,supportive_minus_neutral,0.0008815035223960878,0.0015939772129058838
3005,high_e_low_n,v2,persona.high_e_low_n.v2,grief_stricken,supportive_minus_neutral,0.0007564187049865722,0.0011201649904251099
3005,high_e_low_n,v3,persona.high_e_low_n.v3,grief_stricken,supportive_minus_neutral,0.0008234962821006774,0.0012665539979934692
3005,low_e_high_n,v1,persona.low_e_high_n,grief_stricken,supportive_minus_neutral,0.0006644442677497862,0.00025866925716400146
3005,low_e_high_n,v2,persona.low_e_high_n.v2,grief_stricken,supportive_minus_neutral,0.0006431564688682556,0.00028270483016967773
3005,low_e_high_n,v3,persona.low_e_high_n.v3,grief_stricken,supportive_minus_neutral,0.0006677195429801942,0.00021657347679138184
3005,low_e_low_n,v1,persona.low_e_low_n,grief_stricken,supportive_minus_neutral,0.0006955534219741822,0.0005296915769577026
3005,low_e_low_n,v2,persona.low_e_low_n.v2,grief_stricken,supportive_minus_neutral,0.0006393238902091978,0.00025238096714019775
3005,low_e_low_n,v3,persona.low_e_low_n.v3,grief_stricken,supportive_minus_neutral,0.000678524374961853,0.0002923905849456787
3006,high_e_high_n,v1,persona.high_e_high_n,grief_stricken,supportive_minus_neutral,0.002163530886173248,0.006932482123374939
3006,high_e_high_n,v2,persona.high_e_high_n.v2,grief_stricken,supportive_minus_neutral,0.002223041653633118,0.007352322340011597
3006,high_e_high_n,v3,persona.high_e_high_n.v3,grief_stricken,supportive_minus_neutral,0.002192266285419464,0.007054239511489868
3006,high_e_low_n,v1,persona.high_e_low_n,grief_stricken,supportive_minus_neutral,0.0021818563342094416,0.007147356867790222
3006,high_e_low_n,v2,persona.high_e_low_n.v2,grief_stricken,supportive_minus_neutral,0.00226391851902008,0.007621884346008301
3006,high_e_low_n,v3,persona.high_e_low_n.v3,grief_stricken,supportive_minus_neutral,0.0022653415799140926,0.007584556937217712
3006,low_e_high_n,v1,persona.low_e_high_n,grief_stricken,supportive_minus_neutral,0.001918342709541321,0.0056493282318115234
3006,low_e_high_n,v2,persona.low_e_high_n.v2,grief_stricken,supportive_minus_neutral,0.0020138338208198553,0.006240919232368469
3006,low_e_high_n,v3,persona.low_e_high_n.v3,grief_stricken,supportive_minus_neutral,0.001931944489479065,0.005665332078933716
3006,low_e_low_n,v1,persona.low_e_low_n,grief_stricken,supportive_minus_neutral,0.002052251994609833,0.006427213549613953
3006,low_e_low_n,v2,persona.low_e_low_n.v2,grief_stricken,supportive_minus_neutral,0.0021007969975471493,0.00671076774597168
3006,low_e_low_n,v3,persona.low_e_low_n.v3,grief_stricken,supportive_minus_neutral,0.0019893020391464236,0.006112605333328247
3007,high_e_high_n,v1,persona.high_e_high_n,grief_stricken,supportive_minus_neutral,0.000899684429168701,0.001509144902229309
3007,high_e_high_n,v2,persona.high_e_high_n.v2,grief_stricken,supportive_minus_neutral,0.0006515532732009886,0.0005997568368911743
3007,high_e_high_n,v3,persona.high_e_high_n.v3,grief_stricken,supportive_minus_neutral,0.0008329093456268311,0.0010603368282318115
3007,high_e_low_n,v1,persona.high_e_low_n,grief_stricken,supportive_minus_neutral,0.0007522404193878172,0.0011330395936965942
3007,high_e_low_n,v2,persona.high_e_low_n.v2,grief_stricken,supportive_minus_neutral,0.0006531402468681335,0.0007235854864120483
3007,high_e_low_n,v3,persona.high_e_low_n.v3,grief_stricken,supportive_minus_neutral,0.0013537973165512083,0.004117310047149658
3007,low_e_high_n,v1,persona.low_e_high_n,grief_stricken,supportive_minus_neutral,0.0006644442677497862,0.00025866925716400146
3007,low_e_high_n,v2,persona.low_e_high_n.v2,grief_stricken,supportive_minus_neutral,0.0006431564688682556,0.00028270483016967773
3007,low_e_high_n,v3,persona.low_e_high_n.v3,grief_stricken,supportive_minus_neutral,0.0006677195429801942,0.00021657347679138184
3007,low_e_low_n,v1,persona.low_e_low_n,grief_stricken,supportive_minus_neutral,0.0006955534219741822,0.0005296915769577026
3007,low_e_low_n,v2,persona.low_e_low_n.v2,grief_stricken,supportive_minus_neutral,0.0006393238902091978,0.00025238096714019775
3007,low_e_low_n,v3,persona.low_e_low_n.v3,grief_stricken,supportive_minus_neutral,0.000678524374961853,0.0002923905849456787
3008,high_e_high_n,v1,persona.high_e_high_n,grief_stricken,supportive_minus_neutral,0.0007250756025314331,0.0006361007690429688
3008,high_e_high_n,v2,persona.high_e_high_n.v2,grief_stricken,supportive_minus_neutral,0.0006770521402359006,0.000567704439163208
3008,high_e_high_n,v3,persona.high_e_high_n.v3,grief_stricken,supportive_minus_neutral,0.0007669836282730102,0.0007307082414627075
3008,high_e_low_n,v1,persona.high_e_low_n,grief_stricken,supportive_minus_neutral,0.0006818398833274841,0.0005956590175628662
3008,high_e_low_n,v2,persona.high_e_low_n.v2,grief_stricken,supportive_minus_neutral,0.0006261169910430908,0.00046865642070770264
3008,high_e_low_n,v3,persona.high_e_low_n.v3,grief_stricken,supportive_minus_neutral,0.0007350221276283264,0.0008241832256317139
3008,low_e_high_n,v1,persona.low_e_high_n,grief_stricken,supportive_minus_neutral,0.000620280206203461,3.784894943237305e-05
3008,low_e_high_n,v2,persona.low_e_high_n.v2,grief_stricken,supportive_minus_neutral,0.0006387427449226382,0.00026063621044158936
3008,low_e_high_n,v3,persona.low_e_high_n.v3,grief_stricken,supportive_minus_neutral,0.0006835594773292545,0.00029577314853668213
3008,low_e_low_n,v1,persona.low_e_low_n,grief_stricken,supportive_minus_neutral,0.0006302416324615481,0.00020313262939453125
3008,low_e_low_n,v2,persona.low_e_low_n.v2,grief_stricken,supportive_minus_neutral,0.0006297454237937927,0.0002044886350631714
3008,low_e_low_n,v3,persona.low_e_low_n.v3,grief_stricken,supportive_minus_neutral,0.0006483197212219238,0.00014136731624603271
3009,high_e_high_n,v1,persona.high_e_high_n,grief_stricken,supportive_minus_neutral,0.00011922866106033308,-0.00345475971698761
3009,high_e_high_n,v2,persona.high_e_high_n.v2,grief_stricken,supportive_minus_neutral,0.00013120323419570914,-0.003236323595046997
3009,high_e_high_n,v3,persona.high_e_high_n.v3,grief_stricken,supportive_minus_neutral,0.0008329093456268311,0.0010603368282318115
3009,high_e_low_n,v1,persona.high_e_low_n,grief_stricken,supportive_minus_neutral,0.00025422126054763794,-0.002782881259918213
3009,high_e_low_n,v2,persona.high_e_low_n.v2,grief_stricken,supportive_minus_neutral,0.00020388960838317865,-0.0029298514127731323
3009,high_e_low_n,v3,persona.high_e_low_n.v3,grief_stricken,supportive_minus_neutral,0.0008234962821006774,0.0012665539979934692
3009,low_e_high_n,v1,persona.low_e_high_n,grief_stricken,supportive_minus_neutral,-1.1813640594482465e-05,-0.004275292158126831
3009,low_e_high_n,v2,persona.low_e_high_n.v2,grief_stricken,supportive_minus_neutral,0.0006431564688682556,0.00028270483016967773
3009,low_e_high_n,v3,persona.low_e_high_n.v3,grief_stricken,supportive_minus_neutral,1.7091631889343262e-05,-0.00419771671295166
3009,low_e_low_n,v1,persona.low_e_low_n,grief_stricken,supportive_minus_neutral,0.00011976212263107308,-0.003430381417274475
3009,low_e_low_n,v2,persona.low_e_low_n.v2,grief_stricken,supportive_minus_neutral,0.0006393238902091978,0.00025238096714019775
3009,low_e_low_n,v3,persona.low_e_low_n.v3,grief_stricken,supportive_minus_neutral,0.00013194829225540163,-0.0034842342138290405
3010,high_e_high_n,v1,persona.high_e_high_n,grief_stricken,supportive_minus_neutral,0.0005850911140441895,0.0020437091588974
3010,high_e_high_n,v2,persona.high_e_high_n.v2,grief_stricken,supportive_minus_neutral,0.0005710437893867492,0.002031952142715454
3010,high_e_high_n,v3,persona.high_e_high_n.v3,grief_stricken,supportive_minus_neutral,0.0005889356136322022,0.001934543251991272
3010,high_e_low_n,v1,persona.high_e_low_n,grief_stricken,supportive_minus_neutral,0.0005494207143783569,0.0018625110387802124
3010,high_e_low_n,v2,persona.high_e_low_n.v2,grief_stricken,supportive_minus_neutral,0.0005426868796348572,0.0018881112337112427
3010,high_e_low_n,v3,persona.high_e_low_n.v3,grief_stricken,supportive_minus_neutral,0.000531768798828125,0.0016816258430480957
3010,low_e_high_n,v1,persona.low_e_high_n,grief_stricken,supportive_minus_neutral,0.0004860222339630127,0.0015817135572433472
3010,low_e_high_n,v2,persona.low_e_high_n.v2,grief_stricken,supportive_minus_neutral,0.00045694112777709965,0.0015450268983840942
3010,low_e_high_n,v3,persona.low_e_high_n.v3,grief_stricken,supportive_minus_neutral,0.00047415345907211306,0.001477077603340149
3010,low_e_low_n,v1,persona.low_e_low_n,grief_stricken,supportive_minus_neutral,0.0004534214735031129,0.0014431923627853394
3010,low_e_low_n,v2,persona.low_e_low_n.v2,grief_stricken,supportive_minus_neutral,0.0004335731267929077,0.0014275908470153809
3010,low_e_low_n,v3,persona.low_e_low_n.v3,grief_stricken,supportive_minus_neutral,0.00041305571794509883,0.0012304335832595825
3001,high_e_high_n,v1,persona.high_e_high_n,grief_stricken,supportive_minus_feedback_only,-0.0015630602836608888,-0.00760023295879364
3001,high_e_high_n,v2,persona.high_e_high_n.v2,grief_stricken,supportive_minus_feedback_only,-0.0016320258378982545,-0.007771015167236328
3001,high_e_high_n,v3,persona.high_e_high_n.v3,grief_stricken,supportive_minus_feedback_only,-0.001543484628200531,-0.007668301463127136
3001,high_e_low_n,v1,persona.high_e_low_n,grief_stricken,supportive_minus_feedback_only,-0.0015915408730506897,-0.007746875286102295
3001,high_e_low_n,v2,persona.high_e_low_n.v2,grief_stricken,supportive_minus_feedback_only,-0.0016072407364845277,-0.007652103900909424
3001,high_e_low_n,v3,persona.high_e_low_n.v3,grief_stricken,supportive_minus_feedback_only,-0.0015497013926506044,-0.0074509382247924805
3001,low_e_high_n,v1,persona.low_e_high_n,grief_stricken,supportive_minus_feedback_only,-0.0015874311327934267,-0.007654294371604919
3001,low_e_high_n,v2,persona.low_e_high_n.v2,grief_stricken,supportive_minus_feedback_only,-0.0015853285789489747,-0.007596790790557861
3001,low_e_high_n,v3,persona.low_e_high_n.v3,grief_stricken,supportive_minus_feedback_only,-0.0014456495642662047,-0.007188171148300171
3001,low_e_low_n,v1,persona.low_e_low_n,grief_stricken,supportive_minus_feedback_only,-0.0016175448894500733,-0.00783570110797882
3001,low_e_low_n,v2,persona.low_e_low_n.v2,grief_stricken,supportive_minus_feedback_only,-0.0016292929649353027,-0.00776904821395874
3001,low_e_low_n,v3,persona.low_e_low_n.v3,grief_stricken,supportive_minus_feedback_only,-0.0014573410153388977,-0.0071373432874679565
3002,high_e_high_n,v1,persona.high_e_high_n,grief_stricken,supportive_minus_feedback_only,-0.0015630602836608888,-0.00760023295879364
3002,high_e_high_n,v2,persona.high_e_high_n.v2,grief_stricken,supportive_minus_feedback_only,-0.0016320258378982545,-0.007771015167236328
3002,high_e_high_n,v3,persona.high_e_high_n.v3,grief_stricken,supportive_minus_feedback_only,-0.001543484628200531,-0.007668301463127136
3002,high_e_low_n,v1,persona.high_e_low_n,grief_stricken,supportive_minus_feedback_only,-0.0015915408730506897,-0.007746875286102295
3002,high_e_low_n,v2,persona.high_e_low_n.v2,grief_stricken,supportive_minus_feedback_only,-0.0016072407364845277,-0.007652103900909424
3002,high_e_low_n,v3,persona.high_e_low_n.v3,grief_stricken,supportive_minus_feedback_only,-0.0015497013926506044,-0.0074509382247924805
3002,low_e_high_n,v1,persona.low_e_high_n,grief_stricken,supportive_minus_feedback_only,-0.0015874311327934267,-0.007654294371604919
3002,low_e_high_n,v2,persona.low_e_high_n.v2,grief_stricken,supportive_minus_feedback_only,-0.0015853285789489747,-0.007596790790557861
3002,low_e_high_n,v3,persona.low_e_high_n.v3,grief_stricken,supportive_minus_feedback_only,-0.0014456495642662047,-0.007188171148300171
3002,low_e_low_n,v1,persona.low_e_low_n,grief_stricken,supportive_minus_feedback_only,-0.0016175448894500733,-0.00783570110797882
3002,low_e_low_n,v2,persona.low_e_low_n.v2,grief_stricken,supportive_minus_feedback_only,-0.0016292929649353027,-0.00776904821395874
3002,low_e_low_n,v3,persona.low_e_low_n.v3,grief_stricken,supportive_minus_feedback_only,-0.0014573410153388977,-0.0071373432874679565
3003,high_e_high_n,v1,persona.high_e_high_n,grief_stricken,supportive_minus_feedback_only,-0.001328885555267334,-0.0061642080545425415
3003,high_e_high_n,v2,persona.high_e_high_n.v2,grief_stricken,supportive_minus_feedback_only,-0.0013793960213661193,-0.00646151602268219
3003,high_e_high_n,v3,persona.high_e_high_n.v3,grief_stricken,supportive_minus_feedback_only,-0.0012867897748947144,-0.00610700249671936
3003,high_e_low_n,v1,persona.high_e_low_n,grief_stricken,supportive_minus_feedback_only,-0.0014408916234970094,-0.0065294355154037476
3003,high_e_low_n,v2,persona.high_e_low_n.v2,grief_stricken,supportive_minus_feedback_only,-0.0014107465744018556,-0.0065142810344696045
3003,high_e_low_n,v3,persona.high_e_low_n.v3,grief_stricken,supportive_minus_feedback_only,-0.0014316290616989136,-0.006419360637664795
3003,low_e_high_n,v1,persona.low_e_high_n,grief_stricken,supportive_minus_feedback_only,-0.0012680292129516602,-0.005997151136398315
3003,low_e_high_n,v2,persona.low_e_high_n.v2,grief_stricken,supportive_minus_feedback_only,-0.0012914657592773438,-0.006218224763870239
3003,low_e_high_n,v3,persona.low_e_high_n.v3,grief_stricken,supportive_minus_feedback_only,-0.0011216595768928528,-0.005448341369628906
3003,low_e_low_n,v1,persona.low_e_low_n,grief_stricken,supportive_minus_feedback_only,-0.0013611853122711183,-0.006186872720718384
3003,low_e_low_n,v2,persona.low_e_low_n.v2,grief_stricken,supportive_minus_feedback_only,-0.001360127329826355,-0.006373748183250427
3003,low_e_low_n,v3,persona.low_e_low_n.v3,grief_stricken,supportive_minus_feedback_only,-0.0012342408299446106,-0.005717217922210693
3004,high_e_high_n,v1,persona.high_e_high_n,grief_stricken,supportive_minus_feedback_only,-4.945397377014186e-05,-0.0028102993965148926
3004,high_e_high_n,v2,persona.high_e_high_n.v2,grief_stricken,supportive_minus_feedback_only,-0.0014760568737983704,-0.005075693130493164
3004,high_e_high_n,v3,persona.high_e_high_n.v3,grief_stricken,supportive_minus_feedback_only,1.0730326175689784e-05,-0.002593711018562317
3004,high_e_low_n,v1,persona.high_e_low_n,grief_stricken,supportive_minus_feedback_only,-0.000133463740348816,-0.003205597400665283
3004,high_e_low_n,v2,persona.high_e_low_n.v2,grief_stricken,supportive_minus_feedback_only,-0.0014801919460296629,-0.0050519853830337524
3004,high_e_low_n,v3,persona.high_e_low_n.v3,grief_stricken,supportive_minus_feedback_only,-0.00045972168445587193,-0.0047949254512786865
3004,low_e_high_n,v1,persona.low_e_high_n,grief_stricken,supportive_minus_feedback_only,-0.0006110131740570067,-0.00391918420791626
3004,low_e_high_n,v2,persona.low_e_high_n.v2,grief_stricken,supportive_minus_feedback_only,-0.0015407741069793702,-0.005141317844390869
3004,low_e_high_n,v3,persona.low_e_high_n.v3,grief_stricken,supportive_minus_feedback_only,-0.0014424204826354978,-0.004968002438545227
3004,low_e_low_n,v1,persona.low_e_low_n,grief_stricken,supportive_minus_feedback_only,-0.000712279975414276,-0.00432160496711731
3004,low_e_low_n,v2,persona.low_e_low_n.v2,grief_stricken,supportive_minus_feedback_only,-0.0015321478247642514,-0.00517350435256958
3004,low_e_low_n,v3,persona.low_e_low_n.v3,grief_stricken,supportive_minus_feedback_only,-0.0013819485902786255,-0.004722148180007935
3005,high_e_high_n,v1,persona.high_e_high_n,grief_stricken,supportive_minus_feedback_only,-0.0015630602836608888,-0.00760023295879364
3005,high_e_high_n,v2,persona.high_e_high_n.v2,grief_stricken,supportive_minus_feedback_only,-0.0016320258378982545,-0.007771015167236328
3005,high_e_high_n,v3,persona.high_e_high_n.v3,grief_stricken,supportive_minus_feedback_only,-0.001543484628200531,-0.007668301463127136
3005,high_e_low_n,v1,persona.high_e_low_n,grief_stricken,supportive_minus_feedback_only,-0.0015915408730506897,-0.007746875286102295
3005,high_e_low_n,v2,persona.high_e_low_n.v2,grief_stricken,supportive_minus_feedback_only,-0.0016072407364845277,-0.007652103900909424
3005,high_e_low_n,v3,persona.high_e_low_n.v3,grief_stricken,supportive_minus_feedback_only,-0.0015497013926506044,-0.0074509382247924805
3005,low_e_high_n,v1,persona.low_e_high_n,grief_stricken,supportive_minus_feedback_only,-0.0015874311327934267,-0.007654294371604919
3005,low_e_high_n,v2,persona.low_e_high_n.v2,grief_stricken,supportive_minus_feedback_only,-0.0015853285789489747,-0.007596790790557861
3005,low_e_high_n,v3,persona.low_e_high_n.v3,grief_stricken,supportive_minus_feedback_only,-0.0014456495642662047,-0.007188171148300171
3005,low_e_low_n,v1,persona.low_e_low_n,grief_stricken,supportive_minus_feedback_only,-0.0016175448894500733,-0.00783570110797882
3005,low_e_low_n,v2,persona.low_e_low_n.v2,grief_stricken,supportive_minus_feedback_only,-0.0016292929649353027,-0.00776904821395874
3005,low_e_low_n,v3,persona.low_e_low_n.v3,grief_stricken,supportive_minus_feedback_only,-0.0014573410153388977,-0.0071373432874679565
3006,high_e_high_n,v1,persona.high_e_high_n,grief_stricken,supportive_minus_feedback_only,0.00036138594150543144,0.0017975270748138428
3006,high_e_high_n,v2,persona.high_e_high_n.v2,grief_stricken,supportive_minus_feedback_only,0.0002792134881019594,0.0016765892505645752
3006,high_e_high_n,v3,persona.high_e_high_n.v3,grief_stricken,supportive_minus_feedback_only,0.0003898829221725469,0.0019891560077667236
3006,high_e_low_n,v1,persona.high_e_low_n,grief_stricken,supportive_minus_feedback_only,0.00037358254194259574,0.0018870532512664795
3006,high_e_low_n,v2,persona.high_e_low_n.v2,grief_stricken,supportive_minus_feedback_only,0.0003023535013198849,0.0017489343881607056
3006,high_e_low_n,v3,persona.high_e_low_n.v3,grief_stricken,supportive_minus_feedback_only,0.0003989592194557183,0.0021571218967437744
3006,low_e_high_n,v1,persona.low_e_high_n,grief_stricken,supportive_minus_feedback_only,0.00044941455125808733,0.002046525478363037
3006,low_e_high_n,v2,persona.low_e_high_n.v2,grief_stricken,supportive_minus_feedback_only,0.00033473521471023577,0.001766487956047058
3006,low_e_high_n,v3,persona.low_e_high_n.v3,grief_stricken,supportive_minus_feedback_only,0.0005202159285545354,0.0023921430110931396
3006,low_e_low_n,v1,persona.low_e_low_n,grief_stricken,supportive_minus_feedback_only,0.0005041390657424928,0.002411484718322754
3006,low_e_low_n,v2,persona.low_e_low_n.v2,grief_stricken,supportive_minus_feedback_only,0.00031558722257614153,0.0017382651567459106
3006,low_e_low_n,v3,persona.low_e_low_n.v3,grief_stricken,supportive_minus_feedback_only,0.0004608854651451111,0.002347409725189209
3007,high_e_high_n,v1,persona.high_e_high_n,grief_stricken,supportive_minus_feedback_only,-0.0015630602836608888,-0.00760023295879364
3007,high_e_high_n,v2,persona.high_e_high_n.v2,grief_stricken,supportive_minus_feedback_only,-0.001060721278190613,-0.0047031790018081665
3007,high_e_high_n,v3,persona.high_e_high_n.v3,grief_stricken,supportive_minus_feedback_only,-0.001543484628200531,-0.007668301463127136
3007,high_e_low_n,v1,persona.high_e_low_n,grief_stricken,supportive_minus_feedback_only,-0.00106576681137085,-0.004907578229904175
3007,high_e_low_n,v2,persona.high_e_low_n.v2,grief_stricken,supportive_minus_feedback_only,-0.0010261401534080506,-0.004560127854347229
3007,high_e_low_n,v3,persona.high_e_low_n.v3,grief_stricken,supportive_minus_feedback_only,-0.0010194003582000735,-0.0046001821756362915
3007,low_e_high_n,v1,persona.low_e_high_n,grief_stricken,supportive_minus_feedback_only,-0.0015874311327934267,-0.007654294371604919
3007,low_e_high_n,v2,persona.low_e_high_n.v2,grief_stricken,supportive_minus_feedback_only,-0.0015853285789489747,-0.007596790790557861
3007,low_e_high_n,v3,persona.low_e_high_n.v3,grief_stricken,supportive_minus_feedback_only,-0.0014456495642662047,-0.007188171148300171
3007,low_e_low_n,v1,persona.low_e_low_n,grief_stricken,supportive_minus_feedback_only,-0.0016175448894500733,-0.00783570110797882
3007,low_e_low_n,v2,persona.low_e_low_n.v2,grief_stricken,supportive_minus_feedback_only,-0.0016292929649353027,-0.00776904821395874
3007,low_e_low_n,v3,persona.low_e_low_n.v3,grief_stricken,supportive_minus_feedback_only,-0.0014573410153388977,-0.0071373432874679565
3008,high_e_high_n,v1,persona.high_e_high_n,grief_stricken,supportive_minus_feedback_only,-9.096562862396249e-05,-0.0002397596836090088
3008,high_e_high_n,v2,persona.high_e_high_n.v2,grief_stricken,supportive_minus_feedback_only,-0.00027577280998230006,-0.0009897500276565552
3008,high_e_high_n,v3,persona.high_e_high_n.v3,grief_stricken,supportive_minus_feedback_only,-0.00012941211462020891,-0.0005979388952255249
3008,high_e_low_n,v1,persona.high_e_low_n,grief_stricken,supportive_minus_feedback_only,-0.00027308315038681013,-0.001154586672782898
3008,high_e_low_n,v2,persona.high_e_low_n.v2,grief_stricken,supportive_minus_feedback_only,-0.0003065034747123715,-0.001148417592048645
3008,high_e_low_n,v3,persona.high_e_low_n.v3,grief_stricken,supportive_minus_feedback_only,-0.00018983632326126116,-0.0006516128778457642
3008,low_e_high_n,v1,persona.low_e_high_n,grief_stricken,supportive_minus_feedback_only,-6.929486989974958e-05,-6.361305713653564e-05
3008,low_e_high_n,v2,persona.low_e_high_n.v2,grief_stricken,supportive_minus_feedback_only,-0.00013366937637329093,-0.00033849477767944336
3008,low_e_high_n,v3,persona.low_e_high_n.v3,grief_stricken,supportive_minus_feedback_only,9.19923186302185e-05,0.0005000382661819458
3008,low_e_low_n,v1,persona.low_e_low_n,grief_stricken,supportive_minus_feedback_only,-0.0002428293228149414,-0.0009621232748031616
3008,low_e_low_n,v2,persona.low_e_low_n.v2,grief_stricken,supportive_minus_feedback_only,-0.00029321014881134033,-0.0010886341333389282
3008,low_e_low_n,v3,persona.low_e_low_n.v3,grief_stricken,supportive_minus_feedback_only,-0.00012025982141494751,-0.00045193731784820557
3009,high_e_high_n,v1,persona.high_e_high_n,grief_stricken,supportive_minus_feedback_only,-0.001360134780406952,-0.009044229984283447
3009,high_e_high_n,v2,persona.high_e_high_n.v2,grief_stricken,supportive_minus_feedback_only,-0.0013165459036827087,-0.008766666054725647
3009,high_e_high_n,v3,persona.high_e_high_n.v3,grief_stricken,supportive_minus_feedback_only,-0.001543484628200531,-0.007668301463127136
3009,high_e_low_n,v1,persona.high_e_low_n,grief_stricken,supportive_minus_feedback_only,-0.0013425379991531372,-0.009000897407531738
3009,high_e_low_n,v2,persona.high_e_low_n.v2,grief_stricken,supportive_minus_feedback_only,-0.0012987449765205384,-0.008749619126319885
3009,high_e_low_n,v3,persona.high_e_low_n.v3,grief_stricken,supportive_minus_feedback_only,-0.0015497013926506044,-0.0074509382247924805
3009,low_e_high_n,v1,persona.low_e_high_n,grief_stricken,supportive_minus_feedback_only,-0.0011901974678039553,-0.008575454354286194
3009,low_e_high_n,v2,persona.low_e_high_n.v2,grief_stricken,supportive_minus_feedback_only,-0.0015853285789489747,-0.007596790790557861
3009,low_e_high_n,v3,persona.low_e_high_n.v3,grief_stricken,supportive_minus_feedback_only,-0.0012196585536003114,-0.00862109661102295
3009,low_e_low_n,v1,persona.low_e_low_n,grief_stricken,supportive_minus_feedback_only,-0.001298561692237854,-0.00895141065120697
3009,low_e_low_n,v2,persona.low_e_low_n.v2,grief_stricken,supportive_minus_feedback_only,-0.0016292929649353027,-0.00776904821395874
3009,low_e_low_n,v3,persona.low_e_low_n.v3,grief_stricken,supportive_minus_feedback_only,-0.001244965195655823,-0.008530229330062866
3010,high_e_high_n,v1,persona.high_e_high_n,grief_stricken,supportive_minus_feedback_only,-0.0011570870876312254,-0.005134284496307373
3010,high_e_high_n,v2,persona.high_e_high_n.v2,grief_stricken,supportive_minus_feedback_only,-0.001144331693649292,-0.0051244646310806274
3010,high_e_high_n,v3,persona.high_e_high_n.v3,grief_stricken,supportive_minus_feedback_only,-0.001146073639392853,-0.005178347229957581
3010,high_e_low_n,v1,persona.high_e_low_n,grief_stricken,supportive_minus_feedback_only,-0.0011893317103385927,-0.005336359143257141
3010,high_e_low_n,v2,persona.high_e_low_n.v2,grief_stricken,supportive_minus_feedback_only,-0.0009861767292022705,-0.004744529724121094
3010,high_e_low_n,v3,persona.high_e_low_n.v3,grief_stricken,supportive_minus_feedback_only,-0.0011607423424720763,-0.005276590585708618
3010,low_e_high_n,v1,persona.low_e_high_n,grief_stricken,supportive_minus_feedback_only,-0.0011169910430908203,-0.004975304007530212
3010,low_e_high_n,v2,persona.low_e_high_n.v2,grief_stricken,supportive_minus_feedback_only,-0.0011649370193481446,-0.005207285284996033
3010,low_e_high_n,v3,persona.low_e_high_n.v3,grief_stricken,supportive_minus_feedback_only,-0.0010574892163276671,-0.004791006445884705
3010,low_e_low_n,v1,persona.low_e_low_n,grief_stricken,supportive_minus_feedback_only,-0.0011168718338012693,-0.005051285028457642
3010,low_e_low_n,v2,persona.low_e_low_n.v2,grief_stricken,supportive_minus_feedback_only,-0.0011560410261154174,-0.00524553656578064
3010,low_e_low_n,v3,persona.low_e_low_n.v3,grief_stricken,supportive_minus_feedback_only,-0.0010995224118232729,-0.005042031407356262
3001,high_e_high_n,v1,persona.high_e_high_n,furious,neutral_minus_feedback_only,0.002110346406698227,0.006589449942111969
3001,high_e_high_n,v2,persona.high_e_high_n.v2,furious,neutral_minus_feedback_only,0.0021162565797567365,0.006543658673763275
3001,high_e_high_n,v3,persona.high_e_high_n.v3,furious,neutral_minus_feedback_only,0.002114195004105568,0.00676712766289711
3001,high_e_low_n,v1,persona.high_e_low_n,furious,neutral_minus_feedback_only,0.00214826837182045,0.006686307489871979
3001,high_e_low_n,v2,persona.high_e_low_n.v2,furious,neutral_minus_feedback_only,0.002128195762634277,0.006516873836517334
3001,high_e_low_n,v3,persona.high_e_low_n.v3,furious,neutral_minus_feedback_only,0.0021322507411241534,0.0067303478717803955
3001,low_e_high_n,v1,persona.low_e_high_n,furious,neutral_minus_feedback_only,0.0020328868180513383,0.005998391658067703
3001,low_e_high_n,v2,persona.low_e_high_n.v2,furious,neutral_minus_feedback_only,0.001984363049268722,0.0059838369488716125
3001,low_e_high_n,v3,persona.low_e_high_n.v3,furious,neutral_minus_feedback_only,0.001837516948580742,0.005655653774738312
3001,low_e_low_n,v1,persona.low_e_low_n,furious,neutral_minus_feedback_only,0.0020043302327394487,0.005994983017444611
3001,low_e_low_n,v2,persona.low_e_low_n.v2,furious,neutral_minus_feedback_only,0.002010453119874001,0.005994349718093872
3001,low_e_low_n,v3,persona.low_e_low_n.v3,furious,neutral_minus_feedback_only,0.0019647438079118725,0.006142020225524902
3002,high_e_high_n,v1,persona.high_e_high_n,furious,neutral_minus_feedback_only,0.002110346406698227,0.006589449942111969
3002,high_e_high_n,v2,persona.high_e_high_n.v2,furious,neutral_minus_feedback_only,0.0021162565797567365,0.006543658673763275
3002,high_e_high_n,v3,persona.high_e_high_n.v3,furious,neutral_minus_feedback_only,0.002114195004105568,0.00676712766289711
3002,high_e_low_n,v1,persona.high_e_low_n,furious,neutral_minus_feedback_only,0.00214826837182045,0.006686307489871979
3002,high_e_low_n,v2,persona.high_e_low_n.v2,furious,neutral_minus_feedback_only,0.002128195762634277,0.006516873836517334
3002,high_e_low_n,v3,persona.high_e_low_n.v3,furious,neutral_minus_feedback_only,0.0021322507411241534,0.0067303478717803955
3002,low_e_high_n,v1,persona.low_e_high_n,furious,neutral_minus_feedback_only,0.0020328868180513383,0.005998391658067703
3002,low_e_high_n,v2,persona.low_e_high_n.v2,furious,neutral_minus_feedback_only,0.001984363049268722,0.0059838369488716125
3002,low_e_high_n,v3,persona.low_e_high_n.v3,furious,neutral_minus_feedback_only,0.001837516948580742,0.005655653774738312
3002,low_e_low_n,v1,persona.low_e_low_n,furious,neutral_minus_feedback_only,0.0020043302327394487,0.005994983017444611
3002,low_e_low_n,v2,persona.low_e_low_n.v2,furious,neutral_minus_feedback_only,0.002010453119874001,0.005994349718093872
3002,low_e_low_n,v3,persona.low_e_low_n.v3,furious,neutral_minus_feedback_only,0.0019647438079118725,0.006142020225524902
3003,high_e_high_n,v1,persona.high_e_high_n,furious,neutral_minus_feedback_only,0.00298767127096653,0.006334956735372543
3003,high_e_high_n,v2,persona.high_e_high_n.v2,furious,neutral_minus_feedback_only,0.0028752733021974565,0.006147533655166626
3003,high_e_high_n,v3,persona.high_e_high_n.v3,furious,neutral_minus_feedback_only,0.0029105253517627714,0.0062269605696201324
3003,high_e_low_n,v1,persona.high_e_low_n,furious,neutral_minus_feedback_only,0.002981538325548172,0.006421498954296112
3003,high_e_low_n,v2,persona.high_e_low_n.v2,furious,neutral_minus_feedback_only,0.0028507206588983536,0.006016869097948074
3003,high_e_low_n,v3,persona.high_e_low_n.v3,furious,neutral_minus_feedback_only,0.002896431088447571,0.006083279848098755
3003,low_e_high_n,v1,persona.low_e_high_n,furious,neutral_minus_feedback_only,0.002854973077774048,0.005668964236974716
3003,low_e_high_n,v2,persona.low_e_high_n.v2,furious,neutral_minus_feedback_only,0.0027591079473495484,0.005555268377065659
3003,low_e_high_n,v3,persona.low_e_high_n.v3,furious,neutral_minus_feedback_only,0.002698575705289841,0.005517914891242981
3003,low_e_low_n,v1,persona.low_e_low_n,furious,neutral_minus_feedback_only,0.002895653247833252,0.006046630442142487
3003,low_e_low_n,v2,persona.low_e_low_n.v2,furious,neutral_minus_feedback_only,0.0027809225022792814,0.005710862576961517
3003,low_e_low_n,v3,persona.low_e_low_n.v3,furious,neutral_minus_feedback_only,0.002813619747757912,0.005894515663385391
3004,high_e_high_n,v1,persona.high_e_high_n,furious,neutral_minus_feedback_only,0.0009856514632701876,0.0007362179458141327
3004,high_e_high_n,v2,persona.high_e_high_n.v2,furious,neutral_minus_feedback_only,0.0012664921581745144,0.0019295141100883484
3004,high_e_high_n,v3,persona.high_e_high_n.v3,furious,neutral_minus_feedback_only,0.0009723927825689318,0.0010945871472358704
3004,high_e_low_n,v1,persona.high_e_low_n,furious,neutral_minus_feedback_only,0.0010342556983232495,0.0012213848531246185
3004,high_e_low_n,v2,persona.high_e_low_n.v2,furious,neutral_minus_feedback_only,0.0011864300817251202,0.0011571533977985382
3004,high_e_low_n,v3,persona.high_e_low_n.v3,furious,neutral_minus_feedback_only,0.0009490039199590685,0.0008206069469451904
3004,low_e_high_n,v1,persona.low_e_high_n,furious,neutral_minus_feedback_only,0.0007278580218553544,-0.0002704337239265442
3004,low_e_high_n,v2,persona.low_e_high_n.v2,furious,neutral_minus_feedback_only,0.001153341308236122,0.0012059621512889862
3004,low_e_high_n,v3,persona.low_e_high_n.v3,furious,neutral_minus_feedback_only,0.0012745484709739685,0.0020441934466362
3004,low_e_low_n,v1,persona.low_e_low_n,furious,neutral_minus_feedback_only,0.0009194683283567429,0.0006336458027362823
3004,low_e_low_n,v2,persona.low_e_low_n.v2,furious,neutral_minus_feedback_only,0.0011407721787691115,0.0011429265141487122
3004,low_e_low_n,v3,persona.low_e_low_n.v3,furious,neutral_minus_feedback_only,0.0012247867882251738,0.0016011819243431091
3005,high_e_high_n,v1,persona.high_e_high_n,furious,neutral_minus_feedback_only,0.002110346406698227,0.006589449942111969
3005,high_e_high_n,v2,persona.high_e_high_n.v2,furious,neutral_minus_feedback_only,0.0021162565797567365,0.006543658673763275
3005,high_e_high_n,v3,persona.high_e_high_n.v3,furious,neutral_minus_feedback_only,0.002114195004105568,0.00676712766289711
3005,high_e_low_n,v1,persona.high_e_low_n,furious,neutral_minus_feedback_only,0.00214826837182045,0.006686307489871979
3005,high_e_low_n,v2,persona.high_e_low_n.v2,furious,neutral_minus_feedback_only,0.002128195762634277,0.006516873836517334
3005,high_e_low_n,v3,persona.high_e_low_n.v3,furious,neutral_minus_feedback_only,0.0021322507411241534,0.0067303478717803955
3005,low_e_high_n,v1,persona.low_e_high_n,furious,neutral_minus_feedback_only,0.0020328868180513383,0.005998391658067703
3005,low_e_high_n,v2,persona.low_e_high_n.v2,furious,neutral_minus_feedback_only,0.001984363049268722,0.0059838369488716125
3005,low_e_high_n,v3,persona.low_e_high_n.v3,furious,neutral_minus_feedback_only,0.001837516948580742,0.005655653774738312
3005,low_e_low_n,v1,persona.low_e_low_n,furious,neutral_minus_feedback_only,0.0020043302327394487,0.005994983017444611
3005,low_e_low_n,v2,persona.low_e_low_n.v2,furious,neutral_minus_feedback_only,0.002010453119874001,0.005994349718093872
3005,low_e_low_n,v3,persona.low_e_low_n.v3,furious,neutral_minus_feedback_only,0.0019647438079118725,0.006142020225524902
3006,high_e_high_n,v1,persona.high_e_high_n,furious,neutral_minus_feedback_only,-0.0003201853483915328,-0.005389867350459099
3006,high_e_high_n,v2,persona.high_e_high_n.v2,furious,neutral_minus_feedback_only,-0.0002361565828323366,-0.0048889704048633575
3006,high_e_high_n,v3,persona.high_e_high_n.v3,furious,neutral_minus_feedback_only,-0.00018377564847469339,-0.004856850951910019
3006,high_e_low_n,v1,persona.high_e_low_n,furious,neutral_minus_feedback_only,-0.0003418922424316406,-0.005426252260804176
3006,high_e_low_n,v2,persona.high_e_low_n.v2,furious,neutral_minus_feedback_only,-0.0002978384494781495,-0.005218822509050369
3006,high_e_low_n,v3,persona.high_e_low_n.v3,furious,neutral_minus_feedback_only,-0.0002684537321329117,-0.005305871367454529
3006,low_e_high_n,v1,persona.low_e_high_n,furious,neutral_minus_feedback_only,-0.000308210402727127,-0.005462378263473511
3006,low_e_high_n,v2,persona.low_e_high_n.v2,furious,neutral_minus_feedback_only,-0.00024302601814270037,-0.005060993134975433
3006,low_e_high_n,v3,persona.low_e_high_n.v3,furious,neutral_minus_feedback_only,-0.00022923424839973484,-0.005243342369794846
3006,low_e_low_n,v1,persona.low_e_low_n,furious,neutral_minus_feedback_only,-0.00041184574365615845,-0.00594184547662735
3006,low_e_low_n,v2,persona.low_e_low_n.v2,furious,neutral_minus_feedback_only,-0.0003233470022678377,-0.005516020581126213
3006,low_e_low_n,v3,persona.low_e_low_n.v3,furious,neutral_minus_feedback_only,-0.00027350522577762604,-0.00550663098692894
3007,high_e_high_n,v1,persona.high_e_high_n,furious,neutral_minus_feedback_only,0.002110346406698227,0.006589449942111969
3007,high_e_high_n,v2,persona.high_e_high_n.v2,furious,neutral_minus_feedback_only,0.0019147522747516633,0.005461737513542175
3007,high_e_high_n,v3,persona.high_e_high_n.v3,furious,neutral_minus_feedback_only,0.002114195004105568,0.00676712766289711
3007,high_e_low_n,v1,persona.high_e_low_n,furious,neutral_minus_feedback_only,0.0019756335765123366,0.005755335092544556
3007,high_e_low_n,v2,persona.high_e_low_n.v2,furious,neutral_minus_feedback_only,0.0019464995712041855,0.005494475364685059
3007,high_e_low_n,v3,persona.high_e_low_n.v3,furious,neutral_minus_feedback_only,0.0021322507411241534,0.0067303478717803955
3007,low_e_high_n,v1,persona.low_e_high_n,furious,neutral_minus_feedback_only,0.0020328868180513383,0.005998391658067703
3007,low_e_high_n,v2,persona.low_e_high_n.v2,furious,neutral_minus_feedback_only,0.001984363049268722,0.0059838369488716125
3007,low_e_high_n,v3,persona.low_e_high_n.v3,furious,neutral_minus_feedback_only,0.001837516948580742,0.005655653774738312
3007,low_e_low_n,v1,persona.low_e_low_n,furious,neutral_minus_feedback_only,0.0020043302327394487,0.005994983017444611
3007,low_e_low_n,v2,persona.low_e_low_n.v2,furious,neutral_minus_feedback_only,0.002010453119874001,0.005994349718093872
3007,low_e_low_n,v3,persona.low_e_low_n.v3,furious,neutral_minus_feedback_only,0.0019647438079118725,0.006142020225524902
3008,high_e_high_n,v1,persona.high_e_high_n,furious,neutral_minus_feedback_only,0.0011488333344459533,0.0017818845808506012
3008,high_e_high_n,v2,persona.high_e_high_n.v2,furious,neutral_minus_feedback_only,0.0012419473379850388,0.002172112464904785
3008,high_e_high_n,v3,persona.high_e_high_n.v3,furious,neutral_minus_feedback_only,0.001280440017580986,0.0025983527302742004
3008,high_e_low_n,v1,persona.high_e_low_n,furious,neutral_minus_feedback_only,0.001211266964673996,0.0020013004541397095
3008,high_e_low_n,v2,persona.high_e_low_n.v2,furious,neutral_minus_feedback_only,0.0012193121016025542,0.001972455531358719
3008,high_e_low_n,v3,persona.high_e_low_n.v3,furious,neutral_minus_feedback_only,0.001294507458806038,0.0025416314601898193
3008,low_e_high_n,v1,persona.low_e_high_n,furious,neutral_minus_feedback_only,0.0010901886969804761,0.0012849010527133942
3008,low_e_high_n,v2,persona.low_e_high_n.v2,furious,neutral_minus_feedback_only,0.001160307228565216,0.0018635578453540802
3008,low_e_high_n,v3,persona.low_e_high_n.v3,furious,neutral_minus_feedback_only,0.0010190922766923904,0.0015635304152965546
3008,low_e_low_n,v1,persona.low_e_low_n,furious,neutral_minus_feedback_only,0.0011139173060655595,0.0015429183840751648
3008,low_e_low_n,v2,persona.low_e_low_n.v2,furious,neutral_minus_feedback_only,0.0011933837085962296,0.001909002661705017
3008,low_e_low_n,v3,persona.low_e_low_n.v3,furious,neutral_minus_feedback_only,0.0011196624487638473,0.0019166134297847748
3009,high_e_high_n,v1,persona.high_e_high_n,furious,neutral_minus_feedback_only,0.00036048479378223384,0.0009237788617610931
3009,high_e_high_n,v2,persona.high_e_high_n.v2,furious,neutral_minus_feedback_only,0.00042986236512661,0.0012477226555347443
3009,high_e_high_n,v3,persona.high_e_high_n.v3,furious,neutral_minus_feedback_only,0.002114195004105568,0.00676712766289711
3009,high_e_low_n,v1,persona.high_e_low_n,furious,neutral_minus_feedback_only,0.0005236886441707615,0.0016692429780960083
3009,high_e_low_n,v2,persona.high_e_low_n.v2,furious,neutral_minus_feedback_only,0.00047378428280353546,0.001450803130865097
3009,high_e_low_n,v3,persona.high_e_low_n.v3,furious,neutral_minus_feedback_only,0.0021322507411241534,0.0067303478717803955
3009,low_e_high_n,v1,persona.low_e_high_n,furious,neutral_minus_feedback_only,0.00016888305544853193,7.695332169532776e-05
3009,low_e_high_n,v2,persona.low_e_high_n.v2,furious,neutral_minus_feedback_only,0.001984363049268722,0.0059838369488716125
3009,low_e_high_n,v3,persona.low_e_high_n.v3,furious,neutral_minus_feedback_only,0.00032262392342090676,0.0007809996604919434
3009,low_e_low_n,v1,persona.low_e_low_n,furious,neutral_minus_feedback_only,0.00038119517266750266,0.0010224059224128723
3009,low_e_low_n,v2,persona.low_e_low_n.v2,furious,neutral_minus_feedback_only,0.002010453119874001,0.005994349718093872
3009,low_e_low_n,v3,persona.low_e_low_n.v3,furious,neutral_minus_feedback_only,0.0005730301141738895,0.001974683254957199
3010,high_e_high_n,v1,persona.high_e_high_n,furious,neutral_minus_feedback_only,0.002800195664167405,0.00982416421175003
3010,high_e_high_n,v2,persona.high_e_high_n.v2,furious,neutral_minus_feedback_only,0.0026298224925994877,0.009162023663520813
3010,high_e_high_n,v3,persona.high_e_high_n.v3,furious,neutral_minus_feedback_only,0.0027020666748285294,0.009466510266065598
3010,high_e_low_n,v1,persona.high_e_low_n,furious,neutral_minus_feedback_only,0.0028293952345848083,0.010049913078546524
3010,high_e_low_n,v2,persona.high_e_low_n.v2,furious,neutral_minus_feedback_only,0.0025277864187955848,0.008862808346748352
3010,high_e_low_n,v3,persona.high_e_low_n.v3,furious,neutral_minus_feedback_only,0.002673852071166039,0.009481329470872879
3010,low_e_high_n,v1,persona.low_e_high_n,furious,neutral_minus_feedback_only,0.0026536926627159117,0.009204167872667313
3010,low_e_high_n,v2,persona.low_e_high_n.v2,furious,neutral_minus_feedback_only,0.0025790210813283927,0.008762199431657791
3010,low_e_high_n,v3,persona.low_e_high_n.v3,furious,neutral_minus_feedback_only,0.0025149863213300705,0.008615527302026749
3010,low_e_low_n,v1,persona.low_e_low_n,furious,neutral_minus_feedback_only,0.0027404740452766415,0.009598806500434875
3010,low_e_low_n,v2,persona.low_e_low_n.v2,furious,neutral_minus_feedback_only,0.002602033317089081,0.00903017446398735
3010,low_e_low_n,v3,persona.low_e_low_n.v3,furious,neutral_minus_feedback_only,0.0025574546307325363,0.008942753076553345
3001,high_e_high_n,v1,persona.high_e_high_n,furious,supportive_minus_neutral,-0.0013422306627035143,-0.005011893808841705
3001,high_e_high_n,v2,persona.high_e_high_n.v2,furious,supportive_minus_neutral,-0.0012828130275011063,-0.004801236093044281
3001,high_e_high_n,v3,persona.high_e_high_n.v3,furious,supportive_minus_neutral,-0.0013461548835039137,-0.005003627389669418
3001,high_e_low_n,v1,persona.high_e_low_n,furious,supportive_minus_neutral,-0.0013872671872377394,-0.005234207957983017
3001,high_e_low_n,v2,persona.high_e_low_n.v2,furious,supportive_minus_neutral,-0.0012890040874481202,-0.004897605627775192
3001,high_e_low_n,v3,persona.high_e_low_n.v3,furious,supportive_minus_neutral,-0.001412259787321091,-0.005355317145586014
3001,low_e_high_n,v1,persona.low_e_high_n,furious,supportive_minus_neutral,-0.0012691073119640351,-0.004499074071645737
3001,low_e_high_n,v2,persona.low_e_high_n.v2,furious,supportive_minus_neutral,-0.0012576792389154432,-0.004631467163562775
3001,low_e_high_n,v3,persona.low_e_high_n.v3,furious,supportive_minus_neutral,-0.0012094486504793168,-0.004381727427244186
3001,low_e_low_n,v1,persona.low_e_low_n,furious,supportive_minus_neutral,-0.0013088997453451156,-0.0048026442527771
3001,low_e_low_n,v2,persona.low_e_low_n.v2,furious,supportive_minus_neutral,-0.0012812972068786625,-0.004697054624557495
3001,low_e_low_n,v3,persona.low_e_low_n.v3,furious,supportive_minus_neutral,-0.0013259671628475188,-0.004910189658403397
3002,high_e_high_n,v1,persona.high_e_high_n,furious,supportive_minus_neutral,-0.0013422306627035143,-0.005011893808841705
3002,high_e_high_n,v2,persona.high_e_high_n.v2,furious,supportive_minus_neutral,-0.0012828130275011063,-0.004801236093044281
3002,high_e_high_n,v3,persona.high_e_high_n.v3,furious,supportive_minus_neutral,-0.0013461548835039137,-0.005003627389669418
3002,high_e_low_n,v1,persona.high_e_low_n,furious,supportive_minus_neutral,-0.0013872671872377394,-0.005234207957983017
3002,high_e_low_n,v2,persona.high_e_low_n.v2,furious,supportive_minus_neutral,-0.0012890040874481202,-0.004897605627775192
3002,high_e_low_n,v3,persona.high_e_low_n.v3,furious,supportive_minus_neutral,-0.001412259787321091,-0.005355317145586014
3002,low_e_high_n,v1,persona.low_e_high_n,furious,supportive_minus_neutral,-0.0012691073119640351,-0.004499074071645737
3002,low_e_high_n,v2,persona.low_e_high_n.v2,furious,supportive_minus_neutral,-0.0012576792389154432,-0.004631467163562775
3002,low_e_high_n,v3,persona.low_e_high_n.v3,furious,supportive_minus_neutral,-0.0012094486504793168,-0.004381727427244186
3002,low_e_low_n,v1,persona.low_e_low_n,furious,supportive_minus_neutral,-0.0013088997453451156,-0.0048026442527771
3002,low_e_low_n,v2,persona.low_e_low_n.v2,furious,supportive_minus_neutral,-0.0012812972068786625,-0.004697054624557495
3002,low_e_low_n,v3,persona.low_e_low_n.v3,furious,supportive_minus_neutral,-0.0013259671628475188,-0.004910189658403397
3003,high_e_high_n,v1,persona.high_e_high_n,furious,supportive_minus_neutral,-0.0015850841999053955,-0.004569306969642639
3003,high_e_high_n,v2,persona.high_e_high_n.v2,furious,supportive_minus_neutral,-0.0014467857778072358,-0.004215843975543976
3003,high_e_high_n,v3,persona.high_e_high_n.v3,furious,supportive_minus_neutral,-0.0015399817377328873,-0.004493243992328644
3003,high_e_low_n,v1,persona.high_e_low_n,furious,supportive_minus_neutral,-0.001639050617814064,-0.004859451204538345
3003,high_e_low_n,v2,persona.high_e_low_n.v2,furious,supportive_minus_neutral,-0.0014500536024570462,-0.004341643303632736
3003,high_e_low_n,v3,persona.high_e_low_n.v3,furious,supportive_minus_neutral,-0.001597081497311592,-0.004923015832901001
3003,low_e_high_n,v1,persona.low_e_high_n,furious,supportive_minus_neutral,-0.0014796499162912369,-0.004043497145175934
3003,low_e_high_n,v2,persona.low_e_high_n.v2,furious,supportive_minus_neutral,-0.001476101577281952,-0.004167202860116959
3003,low_e_high_n,v3,persona.low_e_high_n.v3,furious,supportive_minus_neutral,-0.001537136733531952,-0.004463721066713333
3003,low_e_low_n,v1,persona.low_e_low_n,furious,supportive_minus_neutral,-0.0015218790620565416,-0.004487756639719009
3003,low_e_low_n,v2,persona.low_e_low_n.v2,furious,supportive_minus_neutral,-0.001507493108510971,-0.004496157169342041
3003,low_e_low_n,v3,persona.low_e_low_n.v3,furious,supportive_minus_neutral,-0.0016206368803977967,-0.0048790425062179565
3004,high_e_high_n,v1,persona.high_e_high_n,furious,supportive_minus_neutral,-0.0008380576968193055,-0.0037183985114097595
3004,high_e_high_n,v2,persona.high_e_high_n.v2,furious,supportive_minus_neutral,-0.0007085282355546946,-0.0025997795164585114
3004,high_e_high_n,v3,persona.high_e_high_n.v3,furious,supportive_minus_neutral,-0.0009264919906854631,-0.004302646964788437
3004,high_e_low_n,v1,persona.high_e_low_n,furious,supportive_minus_neutral,-0.0009182084351778029,-0.004247546195983887
3004,high_e_low_n,v2,persona.high_e_low_n.v2,furious,supportive_minus_neutral,-0.0006959710270166394,-0.0021544918417930603
3004,high_e_low_n,v3,persona.high_e_low_n.v3,furious,supportive_minus_neutral,-0.001041647046804428,-0.004780422896146774
3004,low_e_high_n,v1,persona.low_e_high_n,furious,supportive_minus_neutral,-0.0006001163274049759,-0.0018064603209495544
3004,low_e_high_n,v2,persona.low_e_high_n.v2,furious,supportive_minus_neutral,-0.000666962936520576,-0.0021945424377918243
3004,low_e_high_n,v3,persona.low_e_high_n.v3,furious,supportive_minus_neutral,-0.0007785003632307052,-0.002765800803899765
3004,low_e_low_n,v1,persona.low_e_low_n,furious,supportive_minus_neutral,-0.0008343841880559923,-0.002925202250480652
3004,low_e_low_n,v2,persona.low_e_low_n.v2,furious,supportive_minus_neutral,-0.0007268477231264113,-0.0025240667164325714
3004,low_e_low_n,v3,persona.low_e_low_n.v3,furious,supportive_minus_neutral,-0.0007998738437891006,-0.0028568506240844727
3005,high_e_high_n,v1,persona.high_e_high_n,furious,supportive_minus_neutral,-0.0013422306627035143,-0.005011893808841705
3005,high_e_high_n,v2,persona.high_e_high_n.v2,furious,supportive_minus_neutral,-0.0012828130275011063,-0.004801236093044281
3005,high_e_high_n,v3,persona.high_e_high_n.v3,furious,supportive_minus_neutral,-0.0013461548835039137,-0.005003627389669418
3005,high_e_low_n,v1,persona.high_e_low_n,furious,supportive_minus_neutral,-0.0013872671872377394,-0.005234207957983017
3005,high_e_low_n,v2,persona.high_e_low_n.v2,furious,supportive_minus_neutral,-0.0012890040874481202,-0.004897605627775192
3005,high_e_low_n,v3,persona.high_e_low_n.v3,furious,supportive_minus_neutral,-0.001412259787321091,-0.005355317145586014
3005,low_e_high_n,v1,persona.low_e_high_n,furious,supportive_minus_neutral,-0.0012691073119640351,-0.004499074071645737
3005,low_e_high_n,v2,persona.low_e_high_n.v2,furious,supportive_minus_neutral,-0.0012576792389154432,-0.004631467163562775
3005,low_e_high_n,v3,persona.low_e_high_n.v3,furious,supportive_minus_neutral,-0.0012094486504793168,-0.004381727427244186
3005,low_e_low_n,v1,persona.low_e_low_n,furious,supportive_minus_neutral,-0.0013088997453451156,-0.0048026442527771
3005,low_e_low_n,v2,persona.low_e_low_n.v2,furious,supportive_minus_neutral,-0.0012812972068786625,-0.004697054624557495
3005,low_e_low_n,v3,persona.low_e_low_n.v3,furious,supportive_minus_neutral,-0.0013259671628475188,-0.004910189658403397
3006,high_e_high_n,v1,persona.high_e_high_n,furious,supportive_minus_neutral,-0.000856764987111092,-0.00215192511677742
3006,high_e_high_n,v2,persona.high_e_high_n.v2,furious,supportive_minus_neutral,-0.0008167680352926254,-0.0020032860338687897
3006,high_e_high_n,v3,persona.high_e_high_n.v3,furious,supportive_minus_neutral,-0.0009274195879697797,-0.002492383122444153
3006,high_e_low_n,v1,persona.high_e_low_n,furious,supportive_minus_neutral,-0.0008398514240980149,-0.0019883885979652405
3006,high_e_low_n,v2,persona.high_e_low_n.v2,furious,supportive_minus_neutral,-0.0007697667926549914,-0.0018753670156002045
3006,high_e_low_n,v3,persona.high_e_low_n.v3,furious,supportive_minus_neutral,-0.0009411279112100605,-0.0025776922702789307
3006,low_e_high_n,v1,persona.low_e_high_n,furious,supportive_minus_neutral,-0.0007939960807561873,-0.0016567036509513855
3006,low_e_high_n,v2,persona.low_e_high_n.v2,furious,supportive_minus_neutral,-0.000767776370048523,-0.001543886959552765
3006,low_e_high_n,v3,persona.low_e_high_n.v3,furious,supportive_minus_neutral,-0.000904034078121185,-0.0021795257925987244
3006,low_e_low_n,v1,persona.low_e_low_n,furious,supportive_minus_neutral,-0.0008206281810998919,-0.0018044225871562958
3006,low_e_low_n,v2,persona.low_e_low_n.v2,furious,supportive_minus_neutral,-0.0007894627749919893,-0.0017257817089557648
3006,low_e_low_n,v3,persona.low_e_low_n.v3,furious,supportive_minus_neutral,-0.000944625586271286,-0.002200677990913391
3007,high_e_high_n,v1,persona.high_e_high_n,furious,supportive_minus_neutral,-0.0013422306627035143,-0.005011893808841705
3007,high_e_high_n,v2,persona.high_e_high_n.v2,furious,supportive_minus_neutral,-0.0011753533035516739,-0.0042915865778923035
3007,high_e_high_n,v3,persona.high_e_high_n.v3,furious,supportive_minus_neutral,-0.0013461548835039137,-0.005003627389669418
3007,high_e_low_n,v1,persona.high_e_low_n,furious,supportive_minus_neutral,-0.0013061165809631348,-0.004840690642595291
3007,high_e_low_n,v2,persona.high_e_low_n.v2,furious,supportive_minus_neutral,-0.0012127894908189776,-0.004412930458784103
3007,high_e_low_n,v3,persona.high_e_low_n.v3,furious,supportive_minus_neutral,-0.0015031278133392336,-0.0059552863240242004
3007,low_e_high_n,v1,persona.low_e_high_n,furious,supportive_minus_neutral,-0.0012691073119640351,-0.004499074071645737
3007,low_e_high_n,v2,persona.low_e_high_n.v2,furious,supportive_minus_neutral,-0.0012576792389154432,-0.004631467163562775
3007,low_e_high_n,v3,persona.low_e_high_n.v3,furious,supportive_minus_neutral,-0.0012094486504793168,-0.004381727427244186
3007,low_e_low_n,v1,persona.low_e_low_n,furious,supportive_minus_neutral,-0.0013088997453451156,-0.0048026442527771
3007,low_e_low_n,v2,persona.low_e_low_n.v2,furious,supportive_minus_neutral,-0.0012812972068786625,-0.004697054624557495
3007,low_e_low_n,v3,persona.low_e_low_n.v3,furious,supportive_minus_neutral,-0.0013259671628475188,-0.004910189658403397
3008,high_e_high_n,v1,persona.high_e_high_n,furious,supportive_minus_neutral,0.0008035320788621904,0.005716919898986816
3008,high_e_high_n,v2,persona.high_e_high_n.v2,furious,supportive_minus_neutral,0.0007877733558416366,0.005551695823669434
3008,high_e_high_n,v3,persona.high_e_high_n.v3,furious,supportive_minus_neutral,0.0007275927811861039,0.00536511093378067
3008,high_e_low_n,v1,persona.high_e_low_n,furious,supportive_minus_neutral,0.0007822711020708085,0.005613483488559723
3008,high_e_low_n,v2,persona.high_e_low_n.v2,furious,supportive_minus_neutral,0.0008757591247558594,0.005926210433244705
3008,high_e_low_n,v3,persona.high_e_low_n.v3,furious,supportive_minus_neutral,0.0007324151694774628,0.0053680576384067535
3008,low_e_high_n,v1,persona.low_e_high_n,furious,supportive_minus_neutral,0.0008212804794311524,0.0059528648853302
3008,low_e_high_n,v2,persona.low_e_high_n.v2,furious,supportive_minus_neutral,0.00075635127723217,0.005438685417175293
3008,low_e_high_n,v3,persona.low_e_high_n.v3,furious,supportive_minus_neutral,0.0007566023617982865,0.005448527634143829
3008,low_e_low_n,v1,persona.low_e_low_n,furious,supportive_minus_neutral,0.0008083079010248185,0.005783393979072571
3008,low_e_low_n,v2,persona.low_e_low_n.v2,furious,supportive_minus_neutral,0.0007563903927803038,0.005491383373737335
3008,low_e_low_n,v3,persona.low_e_low_n.v3,furious,supportive_minus_neutral,0.0007251642644405366,0.0053454674780368805
3009,high_e_high_n,v1,persona.high_e_high_n,furious,supportive_minus_neutral,-0.0010342888534069054,-0.004030197858810425
3009,high_e_high_n,v2,persona.high_e_high_n.v2,furious,supportive_minus_neutral,-0.0009558081626892092,-0.003681957721710205
3009,high_e_high_n,v3,persona.high_e_high_n.v3,furious,supportive_minus_neutral,-0.0013461548835039137,-0.005003627389669418
3009,high_e_low_n,v1,persona.high_e_low_n,furious,supportive_minus_neutral,-0.00122905895113945,-0.005010627210140228
3009,high_e_low_n,v2,persona.high_e_low_n.v2,furious,supportive_minus_neutral,-0.0011545341461896893,-0.004445381462574005
3009,high_e_low_n,v3,persona.high_e_low_n.v3,furious,supportive_minus_neutral,-0.001412259787321091,-0.005355317145586014
3009,low_e_high_n,v1,persona.low_e_high_n,furious,supportive_minus_neutral,-0.0008848261088132857,-0.0033330731093883514
3009,low_e_high_n,v2,persona.low_e_high_n.v2,furious,supportive_minus_neutral,-0.0012576792389154432,-0.004631467163562775
3009,low_e_high_n,v3,persona.low_e_high_n.v3,furious,supportive_minus_neutral,-0.0009576991200447088,-0.0036127865314483643
3009,low_e_low_n,v1,persona.low_e_low_n,furious,supportive_minus_neutral,-0.0011332638561725615,-0.004434254020452499
3009,low_e_low_n,v2,persona.low_e_low_n.v2,furious,supportive_minus_neutral,-0.0012812972068786625,-0.004697054624557495
3009,low_e_low_n,v3,persona.low_e_low_n.v3,furious,supportive_minus_neutral,-0.0011625256389379505,-0.004620958119630814
3010,high_e_high_n,v1,persona.high_e_high_n,furious,supportive_minus_neutral,-0.0019527193158864978,-0.007361002266407013
3010,high_e_high_n,v2,persona.high_e_high_n.v2,furious,supportive_minus_neutral,-0.0017921410501003272,-0.00660695880651474
3010,high_e_high_n,v3,persona.high_e_high_n.v3,furious,supportive_minus_neutral,-0.0019248466938734058,-0.0072650425136089325
3010,high_e_low_n,v1,persona.high_e_low_n,furious,supportive_minus_neutral,-0.0019208252429962162,-0.007392112165689468
3010,high_e_low_n,v2,persona.high_e_low_n.v2,furious,supportive_minus_neutral,-0.0017906405031681057,-0.006626732647418976
3010,high_e_low_n,v3,persona.high_e_low_n.v3,furious,supportive_minus_neutral,-0.001914801076054573,-0.007281441241502762
3010,low_e_high_n,v1,persona.low_e_high_n,furious,supportive_minus_neutral,-0.001888735219836235,-0.007225941866636276
3010,low_e_high_n,v2,persona.low_e_high_n.v2,furious,supportive_minus_neutral,-0.0018263105303049088,-0.006723649799823761
3010,low_e_high_n,v3,persona.low_e_high_n.v3,furious,supportive_minus_neutral,-0.0018793370574712752,-0.007007930427789688
3010,low_e_low_n,v1,persona.low_e_low_n,furious,supportive_minus_neutral,-0.00195622406899929,-0.007547654211521149
3010,low_e_low_n,v2,persona.low_e_low_n.v2,furious,supportive_minus_neutral,-0.001803633198142052,-0.006697017699480057
3010,low_e_low_n,v3,persona.low_e_low_n.v3,furious,supportive_minus_neutral,-0.0019008062779903414,-0.00724223256111145
3001,high_e_high_n,v1,persona.high_e_high_n,furious,supportive_minus_feedback_only,0.0007681157439947128,0.0015775561332702637
3001,high_e_high_n,v2,persona.high_e_high_n.v2,furious,supportive_minus_feedback_only,0.0008334435522556302,0.0017424225807189941
3001,high_e_high_n,v3,persona.high_e_high_n.v3,furious,supportive_minus_feedback_only,0.0007680401206016543,0.0017635002732276917
3001,high_e_low_n,v1,persona.high_e_low_n,furious,supportive_minus_feedback_only,0.0007610011845827105,0.0014520995318889618
3001,high_e_low_n,v2,persona.high_e_low_n.v2,furious,supportive_minus_feedback_only,0.000839191675186157,0.0016192682087421417
3001,high_e_low_n,v3,persona.high_e_low_n.v3,furious,supportive_minus_feedback_only,0.0007199909538030624,0.0013750307261943817
3001,low_e_high_n,v1,persona.low_e_high_n,furious,supportive_minus_feedback_only,0.0007637795060873032,0.0014993175864219666
3001,low_e_high_n,v2,persona.low_e_high_n.v2,furious,supportive_minus_feedback_only,0.0007266838103532789,0.0013523697853088379
3001,low_e_high_n,v3,persona.low_e_high_n.v3,furious,supportive_minus_feedback_only,0.0006280682981014251,0.0012739263474941254
3001,low_e_low_n,v1,persona.low_e_low_n,furious,supportive_minus_feedback_only,0.0006954304873943331,0.001192338764667511
3001,low_e_low_n,v2,persona.low_e_low_n.v2,furious,supportive_minus_feedback_only,0.0007291559129953386,0.001297295093536377
3001,low_e_low_n,v3,persona.low_e_low_n.v3,furious,supportive_minus_feedback_only,0.0006387766450643539,0.0012318305671215057
3002,high_e_high_n,v1,persona.high_e_high_n,furious,supportive_minus_feedback_only,0.0007681157439947128,0.0015775561332702637
3002,high_e_high_n,v2,persona.high_e_high_n.v2,furious,supportive_minus_feedback_only,0.0008334435522556302,0.0017424225807189941
3002,high_e_high_n,v3,persona.high_e_high_n.v3,furious,supportive_minus_feedback_only,0.0007680401206016543,0.0017635002732276917
3002,high_e_low_n,v1,persona.high_e_low_n,furious,supportive_minus_feedback_only,0.0007610011845827105,0.0014520995318889618
3002,high_e_low_n,v2,persona.high_e_low_n.v2,furious,supportive_minus_feedback_only,0.000839191675186157,0.0016192682087421417
3002,high_e_low_n,v3,persona.high_e_low_n.v3,furious,supportive_minus_feedback_only,0.0007199909538030624,0.0013750307261943817
3002,low_e_high_n,v1,persona.low_e_high_n,furious,supportive_minus_feedback_only,0.0007637795060873032,0.0014993175864219666
3002,low_e_high_n,v2,persona.low_e_high_n.v2,furious,supportive_minus_feedback_only,0.0007266838103532789,0.0013523697853088379
3002,low_e_high_n,v3,persona.low_e_high_n.v3,furious,supportive_minus_feedback_only,0.0006280682981014251,0.0012739263474941254
3002,low_e_low_n,v1,persona.low_e_low_n,furious,supportive_minus_feedback_only,0.0006954304873943331,0.001192338764667511
3002,low_e_low_n,v2,persona.low_e_low_n.v2,furious,supportive_minus_feedback_only,0.0007291559129953386,0.001297295093536377
3002,low_e_low_n,v3,persona.low_e_low_n.v3,furious,supportive_minus_feedback_only,0.0006387766450643539,0.0012318305671215057
3003,high_e_high_n,v1,persona.high_e_high_n,furious,supportive_minus_feedback_only,0.0014025870710611345,0.0017656497657299042
3003,high_e_high_n,v2,persona.high_e_high_n.v2,furious,supportive_minus_feedback_only,0.0014284875243902207,0.0019316896796226501
3003,high_e_high_n,v3,persona.high_e_high_n.v3,furious,supportive_minus_feedback_only,0.0013705436140298843,0.0017337165772914886
3003,high_e_low_n,v1,persona.high_e_low_n,furious,supportive_minus_feedback_only,0.001342487707734108,0.0015620477497577667
3003,high_e_low_n,v2,persona.high_e_low_n.v2,furious,supportive_minus_feedback_only,0.001400667056441307,0.0016752257943153381
3003,high_e_low_n,v3,persona.high_e_low_n.v3,furious,supportive_minus_feedback_only,0.0012993495911359787,0.001160264015197754
3003,low_e_high_n,v1,persona.low_e_high_n,furious,supportive_minus_feedback_only,0.001375323161482811,0.0016254670917987823
3003,low_e_high_n,v2,persona.low_e_high_n.v2,furious,supportive_minus_feedback_only,0.0012830063700675965,0.0013880655169487
3003,low_e_high_n,v3,persona.low_e_high_n.v3,furious,supportive_minus_feedback_only,0.0011614389717578889,0.0010541938245296478
3003,low_e_low_n,v1,persona.low_e_low_n,furious,supportive_minus_feedback_only,0.0013737741857767103,0.0015588738024234772
3003,low_e_low_n,v2,persona.low_e_low_n.v2,furious,supportive_minus_feedback_only,0.0012734293937683107,0.0012147054076194763
3003,low_e_low_n,v3,persona.low_e_low_n.v3,furious,supportive_minus_feedback_only,0.0011929828673601151,0.0010154731571674347
3004,high_e_high_n,v1,persona.high_e_high_n,furious,supportive_minus_feedback_only,0.00014759376645088204,-0.002982180565595627
3004,high_e_high_n,v2,persona.high_e_high_n.v2,furious,supportive_minus_feedback_only,0.0005579639226198198,-0.000670265406370163
3004,high_e_high_n,v3,persona.high_e_high_n.v3,furious,supportive_minus_feedback_only,4.5900791883468715e-05,-0.0032080598175525665
3004,high_e_low_n,v1,persona.high_e_low_n,furious,supportive_minus_feedback_only,0.0001160472631454466,-0.003026161342859268
3004,high_e_low_n,v2,persona.high_e_low_n.v2,furious,supportive_minus_feedback_only,0.0004904590547084807,-0.000997338443994522
3004,high_e_low_n,v3,persona.high_e_low_n.v3,furious,supportive_minus_feedback_only,-9.264312684535963e-05,-0.003959815949201584
3004,low_e_high_n,v1,persona.low_e_high_n,furious,supportive_minus_feedback_only,0.0001277416944503785,-0.0020768940448760986
3004,low_e_high_n,v2,persona.low_e_high_n.v2,furious,supportive_minus_feedback_only,0.0004863783717155459,-0.0009885802865028381
3004,low_e_high_n,v3,persona.low_e_high_n.v3,furious,supportive_minus_feedback_only,0.0004960481077432633,-0.0007216073572635651
3004,low_e_low_n,v1,persona.low_e_low_n,furious,supportive_minus_feedback_only,8.508414030075065e-05,-0.0022915564477443695
3004,low_e_low_n,v2,persona.low_e_low_n.v2,furious,supportive_minus_feedback_only,0.0004139244556427002,-0.0013811402022838593
3004,low_e_low_n,v3,persona.low_e_low_n.v3,furious,supportive_minus_feedback_only,0.00042491294443607313,-0.0012556686997413635
3005,high_e_high_n,v1,persona.high_e_high_n,furious,supportive_minus_feedback_only,0.0007681157439947128,0.0015775561332702637
3005,high_e_high_n,v2,persona.high_e_high_n.v2,furious,supportive_minus_feedback_only,0.0008334435522556302,0.0017424225807189941
3005,high_e_high_n,v3,persona.high_e_high_n.v3,furious,supportive_minus_feedback_only,0.0007680401206016543,0.0017635002732276917
3005,high_e_low_n,v1,persona.high_e_low_n,furious,supportive_minus_feedback_only,0.0007610011845827105,0.0014520995318889618
3005,high_e_low_n,v2,persona.high_e_low_n.v2,furious,supportive_minus_feedback_only,0.000839191675186157,0.0016192682087421417
3005,high_e_low_n,v3,persona.high_e_low_n.v3,furious,supportive_minus_feedback_only,0.0007199909538030624,0.0013750307261943817
3005,low_e_high_n,v1,persona.low_e_high_n,furious,supportive_minus_feedback_only,0.0007637795060873032,0.0014993175864219666
3005,low_e_high_n,v2,persona.low_e_high_n.v2,furious,supportive_minus_feedback_only,0.0007266838103532789,0.0013523697853088379
3005,low_e_high_n,v3,persona.low_e_high_n.v3,furious,supportive_minus_feedback_only,0.0006280682981014251,0.0012739263474941254
3005,low_e_low_n,v1,persona.low_e_low_n,furious,supportive_minus_feedback_only,0.0006954304873943331,0.001192338764667511
3005,low_e_low_n,v2,persona.low_e_low_n.v2,furious,supportive_minus_feedback_only,0.0007291559129953386,0.001297295093536377
3005,low_e_low_n,v3,persona.low_e_low_n.v3,furious,supportive_minus_feedback_only,0.0006387766450643539,0.0012318305671215057
3006,high_e_high_n,v1,persona.high_e_high_n,furious,supportive_minus_feedback_only,-0.0011769503355026248,-0.007541792467236519
3006,high_e_high_n,v2,persona.high_e_high_n.v2,furious,supportive_minus_feedback_only,-0.001052924618124962,-0.006892256438732147
3006,high_e_high_n,v3,persona.high_e_high_n.v3,furious,supportive_minus_feedback_only,-0.001111195236444473,-0.007349234074354172
3006,high_e_low_n,v1,persona.high_e_low_n,furious,supportive_minus_feedback_only,-0.0011817436665296555,-0.007414640858769417
3006,high_e_low_n,v2,persona.high_e_low_n.v2,furious,supportive_minus_feedback_only,-0.001067605242133141,-0.007094189524650574
3006,high_e_low_n,v3,persona.high_e_low_n.v3,furious,supportive_minus_feedback_only,-0.0012095816433429721,-0.00788356363773346
3006,low_e_high_n,v1,persona.low_e_high_n,furious,supportive_minus_feedback_only,-0.0011022064834833143,-0.007119081914424896
3006,low_e_high_n,v2,persona.low_e_high_n.v2,furious,supportive_minus_feedback_only,-0.0010108023881912234,-0.006604880094528198
3006,low_e_high_n,v3,persona.low_e_high_n.v3,furious,supportive_minus_feedback_only,-0.0011332683265209199,-0.00742286816239357
3006,low_e_low_n,v1,persona.low_e_low_n,furious,supportive_minus_feedback_only,-0.0012324739247560504,-0.007746268063783646
3006,low_e_low_n,v2,persona.low_e_low_n.v2,furious,supportive_minus_feedback_only,-0.001112809777259827,-0.007241802290081978
3006,low_e_low_n,v3,persona.low_e_low_n.v3,furious,supportive_minus_feedback_only,-0.001218130812048912,-0.007707308977842331
3007,high_e_high_n,v1,persona.high_e_high_n,furious,supportive_minus_feedback_only,0.0007681157439947128,0.0015775561332702637
3007,high_e_high_n,v2,persona.high_e_high_n.v2,furious,supportive_minus_feedback_only,0.0007393989711999894,0.0011701509356498718
3007,high_e_high_n,v3,persona.high_e_high_n.v3,furious,supportive_minus_feedback_only,0.0007680401206016543,0.0017635002732276917
3007,high_e_low_n,v1,persona.high_e_low_n,furious,supportive_minus_feedback_only,0.0006695169955492019,0.0009146444499492645
3007,high_e_low_n,v2,persona.high_e_low_n.v2,furious,supportive_minus_feedback_only,0.0007337100803852079,0.0010815449059009552
3007,high_e_low_n,v3,persona.high_e_low_n.v3,furious,supportive_minus_feedback_only,0.0006291229277849198,0.0007750615477561951
3007,low_e_high_n,v1,persona.low_e_high_n,furious,supportive_minus_feedback_only,0.0007637795060873032,0.0014993175864219666
3007,low_e_high_n,v2,persona.low_e_high_n.v2,furious,supportive_minus_feedback_only,0.0007266838103532789,0.0013523697853088379
3007,low_e_high_n,v3,persona.low_e_high_n.v3,furious,supportive_minus_feedback_only,0.0006280682981014251,0.0012739263474941254
3007,low_e_low_n,v1,persona.low_e_low_n,furious,supportive_minus_feedback_only,0.0006954304873943331,0.001192338764667511
3007,low_e_low_n,v2,persona.low_e_low_n.v2,furious,supportive_minus_feedback_only,0.0007291559129953386,0.001297295093536377
3007,low_e_low_n,v3,persona.low_e_low_n.v3,furious,supportive_minus_feedback_only,0.0006387766450643539,0.0012318305671215057
3008,high_e_high_n,v1,persona.high_e_high_n,furious,supportive_minus_feedback_only,0.0019523654133081435,0.007498804479837418
3008,high_e_high_n,v2,persona.high_e_high_n.v2,furious,supportive_minus_feedback_only,0.0020297206938266754,0.007723808288574219
3008,high_e_high_n,v3,persona.high_e_high_n.v3,furious,supportive_minus_feedback_only,0.0020080327987670897,0.00796346366405487
3008,high_e_low_n,v1,persona.high_e_low_n,furious,supportive_minus_feedback_only,0.0019935380667448046,0.007614783942699432
3008,high_e_low_n,v2,persona.high_e_low_n.v2,furious,supportive_minus_feedback_only,0.0020950712263584133,0.007898665964603424
3008,high_e_low_n,v3,persona.high_e_low_n.v3,furious,supportive_minus_feedback_only,0.0020269226282835008,0.007909689098596573
3008,low_e_high_n,v1,persona.low_e_high_n,furious,supportive_minus_feedback_only,0.0019114691764116286,0.007237765938043594
3008,low_e_high_n,v2,persona.low_e_high_n.v2,furious,supportive_minus_feedback_only,0.001916658505797386,0.007302243262529373
3008,low_e_high_n,v3,persona.low_e_high_n.v3,furious,supportive_minus_feedback_only,0.001775694638490677,0.007012058049440384
3008,low_e_low_n,v1,persona.low_e_low_n,furious,supportive_minus_feedback_only,0.001922225207090378,0.007326312363147736
3008,low_e_low_n,v2,persona.low_e_low_n.v2,furious,supportive_minus_feedback_only,0.0019497741013765335,0.007400386035442352
3008,low_e_low_n,v3,persona.low_e_low_n.v3,furious,supportive_minus_feedback_only,0.001844826713204384,0.007262080907821655
3009,high_e_high_n,v1,persona.high_e_high_n,furious,supportive_minus_feedback_only,-0.0006738040596246716,-0.0031064189970493317
3009,high_e_high_n,v2,persona.high_e_high_n.v2,furious,supportive_minus_feedback_only,-0.0005259457975625992,-0.002434235066175461
3009,high_e_high_n,v3,persona.high_e_high_n.v3,furious,supportive_minus_feedback_only,0.0007680401206016543,0.0017635002732276917
3009,high_e_low_n,v1,persona.high_e_low_n,furious,supportive_minus_feedback_only,-0.0007053703069686886,-0.00334138423204422
3009,high_e_low_n,v2,persona.high_e_low_n.v2,furious,supportive_minus_feedback_only,-0.0006807498633861538,-0.002994578331708908
3009,high_e_low_n,v3,persona.high_e_low_n.v3,furious,supportive_minus_feedback_only,0.0007199909538030624,0.0013750307261943817
3009,low_e_high_n,v1,persona.low_e_high_n,furious,supportive_minus_feedback_only,-0.0007159430533647537,-0.0032561197876930237
3009,low_e_high_n,v2,persona.low_e_high_n.v2,furious,supportive_minus_feedback_only,0.0007266838103532789,0.0013523697853088379
3009,low_e_high_n,v3,persona.low_e_high_n.v3,furious,supportive_minus_feedback_only,-0.000635075196623802,-0.002831786870956421
3009,low_e_low_n,v1,persona.low_e_low_n,furious,supportive_minus_feedback_only,-0.0007520686835050588,-0.003411848098039627
3009,low_e_low_n,v2,persona.low_e_low_n.v2,furious,supportive_minus_feedback_only,0.0007291559129953386,0.001297295093536377
3009,low_e_low_n,v3,persona.low_e_low_n.v3,furious,supportive_minus_feedback_only,-0.000589495524764061,-0.0026462748646736145
3010,high_e_high_n,v1,persona.high_e_high_n,furious,supportive_minus_feedback_only,0.0008474763482809074,0.0024631619453430176
3010,high_e_high_n,v2,persona.high_e_high_n.v2,furious,supportive_minus_feedback_only,0.0008376814424991604,0.002555064857006073
3010,high_e_high_n,v3,persona.high_e_high_n.v3,furious,supportive_minus_feedback_only,0.0007772199809551236,0.002201467752456665
3010,high_e_low_n,v1,persona.high_e_low_n,furious,supportive_minus_feedback_only,0.0009085699915885922,0.0026578009128570557
3010,high_e_low_n,v2,persona.high_e_low_n.v2,furious,supportive_minus_feedback_only,0.000737145915627479,0.0022360756993293762
3010,high_e_low_n,v3,persona.high_e_low_n.v3,furious,supportive_minus_feedback_only,0.0007590509951114661,0.002199888229370117
3010,low_e_high_n,v1,persona.low_e_high_n,furious,supportive_minus_feedback_only,0.0007649574428796766,0.0019782260060310364
3010,low_e_high_n,v2,persona.low_e_high_n.v2,furious,supportive_minus_feedback_only,0.000752710551023484,0.00203854963183403
3010,low_e_high_n,v3,persona.low_e_high_n.v3,furious,supportive_minus_feedback_only,0.0006356492638587953,0.0016075968742370605
3010,low_e_low_n,v1,persona.low_e_low_n,furious,supportive_minus_feedback_only,0.0007842499762773514,0.002051152288913727
3010,low_e_low_n,v2,persona.low_e_low_n.v2,furious,supportive_minus_feedback_only,0.0007984001189470288,0.0023331567645072937
3010,low_e_low_n,v3,persona.low_e_low_n.v3,furious,supportive_minus_feedback_only,0.000656648352742195,0.0017005205154418945
