run_id,seed,arm,persona_id,quadrant,template,status,round,attempt_outcome,feedback_frame,filler_id,generation_seed,candidate_before_count,candidate_before_sha256,candidate_after_count,candidate_after_sha256,frustration_median
persona.high_e_high_n.seed-2001.feedback_only,2001,feedback_only,persona.high_e_high_n,high_e_high_n,v1,complete_five_failures,1,unsuccessful,valid_feedback,,4469567771656788920,10000,9582c82c0e979ad4740159fd2ec5d74526aeb48ac07bda14b2745a25206ae9f4,3048,8d8a406c2701498bf0a5134fc8d3d2dd3838c787cab23a0c65e571fa2681a630,0.0056805238127708435
persona.high_e_high_n.seed-2001.feedback_only,2001,feedback_only,persona.high_e_high_n,high_e_high_n,v1,complete_five_failures,2,unsuccessful,valid_feedback,,462000147538888414,3048,8d8a406c2701498bf0a5134fc8d3d2dd3838c787cab23a0c65e571fa2681a630,768,fc8d58a9e3d1f8e19ada2eb0935f356d1fd043e3c6223147b6eb63ab52c33d06,0.016771243885159492
persona.high_e_high_n.seed-2001.feedback_only,2001,feedback_only,persona.high_e_high_n,high_e_high_n,v1,complete_five_failures,3,unsuccessful,valid_feedback,,7203904594921472573,768,fc8d58a9e3d1f8e19ada2eb0935f356d1fd043e3c6223147b6eb63ab52c33d06,206,3701c51eacc8da4a43acc7def8b9efc78019c15d870b2f7a0f276ba681e765c0,0.016140786930918694
persona.high_e_high_n.seed-2001.feedback_only,2001,feedback_only,persona.high_e_high_n,high_e_high_n,v1,complete_five_failures,4,unsuccessful,valid_feedback,,7493285141810551950,206,3701c51eacc8da4a43acc7def8b9efc78019c15d870b2f7a0f276ba681e765c0,55,04a95813d7014d7950fe157a956d4387a292572957115ac209f07c7805a04adc,0.013518908061087132
persona.high_e_high_n.seed-2001.feedback_only,2001,feedback_only,persona.high_e_high_n,high_e_high_n,v1,complete_five_failures,5,unsuccessful,valid_feedback,,1845676750874802399,55,04a95813d7014d7950fe157a956d4387a292572957115ac209f07c7805a04adc,15,ce5d95544a095d12f3a94473e04ccab55002b524452e073c9d463fb6eb1f422c,0.017345521599054337
persona.high_e_high_n.seed-2001.supportive,2001,supportive,persona.high_e_high_n,high_e_high_n,v1,complete_five_failures,1,unsuccessful,valid_feedback,filler.supportive.1,4469567771656788920,10000,9582c82c0e979ad4740159fd2ec5d74526aeb48ac07bda14b2745a25206ae9f4,3048,8d8a406c2701498bf0a5134fc8d3d2dd3838c787cab23a0c65e571fa2681a630,0.003698121989145875
persona.high_e_high_n.seed-2001.supportive,2001,supportive,persona.high_e_high_n,high_e_high_n,v1,complete_five_failures,2,unsuccessful,valid_feedback,filler.supportive.2,462000147538888414,3048,8d8a406c2701498bf0a5134fc8d3d2dd3838c787cab23a0c65e571fa2681a630,768,fc8d58a9e3d1f8e19ada2eb0935f356d1fd043e3c6223147b6eb63ab52c33d06,0.016926785930991173
persona.high_e_high_n.seed-2001.supportive,2001,supportive,persona.high_e_high_n,high_e_high_n,v1,complete_five_failures,3,unsuccessful,valid_feedback,filler.supportive.3,7203904594921472573,768,fc8d58a9e3d1f8e19ada2eb0935f356d1fd043e3c6223147b6eb63ab52c33d06,206,3701c51eacc8da4a43acc7def8b9efc78019c15d870b2f7a0f276ba681e765c0,0.017059659585356712
persona.high_e_high_n.seed-2001.supportive,2001,supportive,persona.high_e_high_n,high_e_high_n,v1,complete_five_failures,4,unsuccessful,valid_feedback,filler.supportive.4,7493285141810551950,206,3701c51eacc8da4a43acc7def8b9efc78019c15d870b2f7a0f276ba681e765c0,55,04a95813d7014d7950fe157a956d4387a292572957115ac209f07c7805a04adc,0.016235942021012306
persona.high_e_high_n.seed-2001.supportive,2001,supportive,persona.high_e_high_n,high_e_high_n,v1,complete_five_failures,5,unsuccessful,valid_feedback,filler.supportive.5,1845676750874802399,55,04a95813d7014d7950fe157a956d4387a292572957115ac209f07c7805a04adc,15,ce5d95544a095d12f3a94473e04ccab55002b524452e073c9d463fb6eb1f422c,0.018218394368886948
persona.high_e_high_n.seed-2001.neutral,2001,neutral,persona.high_e_high_n,high_e_high_n,v1,complete_five_failures,1,unsuccessful,valid_feedback,filler.neutral.1,4469567771656788920,10000,9582c82c0e979ad4740159fd2ec5d74526aeb48ac07bda14b2745a25206ae9f4,3048,8d8a406c2701498bf0a5134fc8d3d2dd3838c787cab23a0c65e571fa2681a630,0.003658088156953454
persona.high_e_high_n.seed-2001.neutral,2001,neutral,persona.high_e_high_n,high_e_high_n,v1,complete_five_failures,2,unsuccessful,valid_feedback,filler.neutral.2,462000147538888414,3048,8d8a406c2701498bf0a5134fc8d3d2dd3838c787cab23a0c65e571fa2681a630,768,fc8d58a9e3d1f8e19ada2eb0935f356d1fd043e3c6223147b6eb63ab52c33d06,0.016032516956329346
persona.high_e_high_n.seed-2001.neutral,2001,neutral,persona.high_e_high_n,high_e_high_n,v1,complete_five_failures,3,unsuccessful,valid_feedback,filler.neutral.3,7203904594921472573,768,fc8d58a9e3d1f8e19ada2eb0935f356d1fd043e3c6223147b6eb63ab52c33d06,206,3701c51eacc8da4a43acc7def8b9efc78019c15d870b2f7a0f276ba681e765c0,0.014201818034052849
persona.high_e_high_n.seed-2001.neutral,2001,neutral,persona.high_e_high_n,high_e_high_n,v1,complete_five_failures,4,unsuccessful,valid_feedback,filler.neutral.4,7493285141810551950,206,3701c51eacc8da4a43acc7def8b9efc78019c15d870b2f7a0f276ba681e765c0,55,04a95813d7014d7950fe157a956d4387a292572957115ac209f07c7805a04adc,0.012440688908100128
persona.high_e_high_n.seed-2001.neutral,2001,neutral,persona.high_e_high_n,high_e_high_n,v1,complete_five_failures,5,unsuccessful,valid_feedback,filler.neutral.5,1845676750874802399,55,04a95813d7014d7950fe157a956d4387a292572957115ac209f07c7805a04adc,15,ce5d95544a095d12f3a94473e04ccab55002b524452e073c9d463fb6eb1f422c,0.014995597302913666
persona.high_e_high_n.seed-2002.feedback_only,2002,feedback_only,persona.high_e_high_n,high_e_high_n,v1,complete_five_failures,1,unsuccessful,valid_feedback,,1362916748984622560,10000,9582c82c0e979ad4740159fd2ec5d74526aeb48ac07bda14b2745a25206ae9f4,3048,c276bf3530cc8d3ce2b1ddb7f6cbf168184316c3a9894881b55d5b73f476cc0f,0.007738741114735603
persona.high_e_high_n.seed-2002.feedback_only,2002,feedback_only,persona.high_e_high_n,high_e_high_n,v1,complete_five_failures,2,unsuccessful,valid_feedback,,650953833576476763,3048,c276bf3530cc8d3ce2b1ddb7f6cbf168184316c3a9894881b55d5b73f476cc0f,886,0d3daa2ca8d34575596ff98fbf16fdc66fdcf7a2b2d6aaec69967d78b459ac5a,0.01737271435558796
persona.high_e_high_n.seed-2002.feedback_only,2002,feedback_only,persona.high_e_high_n,high_e_high_n,v1,complete_five_failures,3,invalid,invalid_guess,,2885332770678600905,886,0d3daa2ca8d34575596ff98fbf16fdc66fdcf7a2b2d6aaec69967d78b459ac5a,886,0d3daa2ca8d34575596ff98fbf16fdc66fdcf7a2b2d6aaec69967d78b459ac5a,0.01945798099040985
persona.high_e_high_n.seed-2002.feedback_only,2002,feedback_only,persona.high_e_high_n,high_e_high_n,v1,complete_five_failures,4,unsuccessful,valid_feedback,,3768721403253947093,886,0d3daa2ca8d34575596ff98fbf16fdc66fdcf7a2b2d6aaec69967d78b459ac5a,220,b031badf1c7b454458384239ee7ddba0095ddd30af33aaf382c5c243f0c0deff,0.010004889219999313
persona.high_e_high_n.seed-2002.feedback_only,2002,feedback_only,persona.high_e_high_n,high_e_high_n,v1,complete_five_failures,5,unsuccessful,valid_feedback,,7993377739206102388,220,b031badf1c7b454458384239ee7ddba0095ddd30af33aaf382c5c243f0c0deff,62,b502b312ad24fbedb79ad5b6f04133d76144a7889717dfed8a885ca84c303ed9,0.01411714032292366
persona.high_e_high_n.seed-2002.supportive,2002,supportive,persona.high_e_high_n,high_e_high_n,v1,complete_five_failures,1,unsuccessful,valid_feedback,filler.supportive.1,1362916748984622560,10000,9582c82c0e979ad4740159fd2ec5d74526aeb48ac07bda14b2745a25206ae9f4,3048,c276bf3530cc8d3ce2b1ddb7f6cbf168184316c3a9894881b55d5b73f476cc0f,0.006058808881789446
persona.high_e_high_n.seed-2002.supportive,2002,supportive,persona.high_e_high_n,high_e_high_n,v1,complete_five_failures,2,unsuccessful,valid_feedback,filler.supportive.2,650953833576476763,3048,c276bf3530cc8d3ce2b1ddb7f6cbf168184316c3a9894881b55d5b73f476cc0f,886,0d3daa2ca8d34575596ff98fbf16fdc66fdcf7a2b2d6aaec69967d78b459ac5a,0.01707284525036812
persona.high_e_high_n.seed-2002.supportive,2002,supportive,persona.high_e_high_n,high_e_high_n,v1,complete_five_failures,3,invalid,invalid_guess,filler.supportive.3,2885332770678600905,886,0d3daa2ca8d34575596ff98fbf16fdc66fdcf7a2b2d6aaec69967d78b459ac5a,886,0d3daa2ca8d34575596ff98fbf16fdc66fdcf7a2b2d6aaec69967d78b459ac5a,0.015498721972107887
persona.high_e_high_n.seed-2002.supportive,2002,supportive,persona.high_e_high_n,high_e_high_n,v1,complete_five_failures,4,unsuccessful,valid_feedback,filler.supportive.4,3768721403253947093,886,0d3daa2ca8d34575596ff98fbf16fdc66fdcf7a2b2d6aaec69967d78b459ac5a,239,cff8a270d51840c08248b6ef13bde1397c422a567b01cfd641bfa8b2f7af521c,0.013364461250603199
persona.high_e_high_n.seed-2002.supportive,2002,supportive,persona.high_e_high_n,high_e_high_n,v1,complete_five_failures,5,unsuccessful,valid_feedback,filler.supportive.5,7993377739206102388,239,cff8a270d51840c08248b6ef13bde1397c422a567b01cfd641bfa8b2f7af521c,99,a51f1f20171535ce91cf6e07622fd22a398d26effb0f93daadff2c05af3f2ffe,0.017287718132138252
persona.high_e_high_n.seed-2002.neutral,2002,neutral,persona.high_e_high_n,high_e_high_n,v1,complete_five_failures,1,unsuccessful,valid_feedback,filler.neutral.1,1362916748984622560,10000,9582c82c0e979ad4740159fd2ec5d74526aeb48ac07bda14b2745a25206ae9f4,3048,c276bf3530cc8d3ce2b1ddb7f6cbf168184316c3a9894881b55d5b73f476cc0f,0.00515414122492075
persona.high_e_high_n.seed-2002.neutral,2002,neutral,persona.high_e_high_n,high_e_high_n,v1,complete_five_failures,2,unsuccessful,valid_feedback,filler.neutral.2,650953833576476763,3048,c276bf3530cc8d3ce2b1ddb7f6cbf168184316c3a9894881b55d5b73f476cc0f,886,0d3daa2ca8d34575596ff98fbf16fdc66fdcf7a2b2d6aaec69967d78b459ac5a,0.01642252318561077
persona.high_e_high_n.seed-2002.neutral,2002,neutral,persona.high_e_high_n,high_e_high_n,v1,complete_five_failures,3,invalid,invalid_guess,filler.neutral.3,2885332770678600905,886,0d3daa2ca8d34575596ff98fbf16fdc66fdcf7a2b2d6aaec69967d78b459ac5a,886,0d3daa2ca8d34575596ff98fbf16fdc66fdcf7a2b2d6aaec69967d78b459ac5a,0.010005897842347622
persona.high_e_high_n.seed-2002.neutral,2002,neutral,persona.high_e_high_n,high_e_high_n,v1,complete_five_failures,4,unsuccessful,valid_feedback,filler.neutral.4,3768721403253947093,886,0d3daa2ca8d34575596ff98fbf16fdc66fdcf7a2b2d6aaec69967d78b459ac5a,239,cff8a270d51840c08248b6ef13bde1397c422a567b01cfd641bfa8b2f7af521c,0.008679087273776531
persona.high_e_high_n.seed-2002.neutral,2002,neutral,persona.high_e_high_n,high_e_high_n,v1,complete_five_failures,5,unsuccessful,valid_feedback,filler.neutral.5,7993377739206102388,239,cff8a270d51840c08248b6ef13bde1397c422a567b01cfd641bfa8b2f7af521c,86,dcd48a937783d3bcce96dce35bf00f78d8bce6a4cbdc63193bb9a4bef974927b,0.01457067672163248
persona.high_e_high_n.seed-2003.feedback_only,2003,feedback_only,persona.high_e_high_n,high_e_high_n,v1,complete_five_failures,1,unsuccessful,valid_feedback,,8452511391424371538,10000,9582c82c0e979ad4740159fd2ec5d74526aeb48ac07bda14b2745a25206ae9f4,6561,53a14051f308be8c745906018a762ceb477324e2fdfef98aa3ddc1cd72bc1dbf,0.006020405795425177
persona.high_e_high_n.seed-2003.feedback_only,2003,feedback_only,persona.high_e_high_n,high_e_high_n,v1,complete_five_failures,2,unsuccessful,valid_feedback,,2185802378076996070,6561,53a14051f308be8c745906018a762ceb477324e2fdfef98aa3ddc1cd72bc1dbf,4096,376496ebbc388d8377fe7808c992e94a578bc62ac25dfbf6252690822d1450d6,0.014679265208542347
persona.high_e_high_n.seed-2003.feedback_only,2003,feedback_only,persona.high_e_high_n,high_e_high_n,v1,complete_five_failures,3,unsuccessful,valid_feedback,,4546495009630349109,4096,376496ebbc388d8377fe7808c992e94a578bc62ac25dfbf6252690822d1450d6,4096,376496ebbc388d8377fe7808c992e94a578bc62ac25dfbf6252690822d1450d6,0.015298616141080856
persona.high_e_high_n.seed-2003.feedback_only,2003,feedback_only,persona.high_e_high_n,high_e_high_n,v1,complete_five_failures,4,unsuccessful,valid_feedback,,5827469766280291389,4096,376496ebbc388d8377fe7808c992e94a578bc62ac25dfbf6252690822d1450d6,4096,376496ebbc388d8377fe7808c992e94a578bc62ac25dfbf6252690822d1450d6,0.01762695051729679
persona.high_e_high_n.seed-2003.feedback_only,2003,feedback_only,persona.high_e_high_n,high_e_high_n,v1,complete_five_failures,5,unsuccessful,valid_feedback,,9189069359561447070,4096,376496ebbc388d8377fe7808c992e94a578bc62ac25dfbf6252690822d1450d6,4096,376496ebbc388d8377fe7808c992e94a578bc62ac25dfbf6252690822d1450d6,0.02156967855989933
persona.high_e_high_n.seed-2003.supportive,2003,supportive,persona.high_e_high_n,high_e_high_n,v1,complete_five_failures,1,unsuccessful,valid_feedback,filler.supportive.1,8452511391424371538,10000,9582c82c0e979ad4740159fd2ec5d74526aeb48ac07bda14b2745a25206ae9f4,6561,53a14051f308be8c745906018a762ceb477324e2fdfef98aa3ddc1cd72bc1dbf,0.001824965002015233
persona.high_e_high_n.seed-2003.supportive,2003,supportive,persona.high_e_high_n,high_e_high_n,v1,complete_five_failures,2,unsuccessful,valid_feedback,filler.supportive.2,2185802378076996070,6561,53a14051f308be8c745906018a762ceb477324e2fdfef98aa3ddc1cd72bc1dbf,4096,376496ebbc388d8377fe7808c992e94a578bc62ac25dfbf6252690822d1450d6,0.01667574979364872
persona.high_e_high_n.seed-2003.supportive,2003,supportive,persona.high_e_high_n,high_e_high_n,v1,complete_five_failures,3,unsuccessful,valid_feedback,filler.supportive.3,4546495009630349109,4096,376496ebbc388d8377fe7808c992e94a578bc62ac25dfbf6252690822d1450d6,4096,376496ebbc388d8377fe7808c992e94a578bc62ac25dfbf6252690822d1450d6,0.015981150791049004
persona.high_e_high_n.seed-2003.supportive,2003,supportive,persona.high_e_high_n,high_e_high_n,v1,complete_five_failures,4,unsuccessful,valid_feedback,filler.supportive.4,5827469766280291389,4096,376496ebbc388d8377fe7808c992e94a578bc62ac25dfbf6252690822d1450d6,4096,376496ebbc388d8377fe7808c992e94a578bc62ac25dfbf6252690822d1450d6,0.020370224490761757
persona.high_e_high_n.seed-2003.supportive,2003,supportive,persona.high_e_high_n,high_e_high_n,v1,complete_five_failures,5,unsuccessful,valid_feedback,filler.supportive.5,9189069359561447070,4096,376496ebbc388d8377fe7808c992e94a578bc62ac25dfbf6252690822d1450d6,4096,376496ebbc388d8377fe7808c992e94a578bc62ac25dfbf6252690822d1450d6,0.01840047910809517
persona.high_e_high_n.seed-2003.neutral,2003,neutral,persona.high_e_high_n,high_e_high_n,v1,complete_five_failures,1,unsuccessful,valid_feedback,filler.neutral.1,8452511391424371538,10000,9582c82c0e979ad4740159fd2ec5d74526aeb48ac07bda14b2745a25206ae9f4,6561,53a14051f308be8c745906018a762ceb477324e2fdfef98aa3ddc1cd72bc1dbf,0.0020308971870690584
persona.high_e_high_n.seed-2003.neutral,2003,neutral,persona.high_e_high_n,high_e_high_n,v1,complete_five_failures,2,unsuccessful,valid_feedback,filler.neutral.2,2185802378076996070,6561,53a14051f308be8c745906018a762ceb477324e2fdfef98aa3ddc1cd72bc1dbf,4096,376496ebbc388d8377fe7808c992e94a578bc62ac25dfbf6252690822d1450d6,0.01543175708502531
persona.high_e_high_n.seed-2003.neutral,2003,neutral,persona.high_e_high_n,high_e_high_n,v1,complete_five_failures,3,unsuccessful,valid_feedback,filler.neutral.3,4546495009630349109,4096,376496ebbc388d8377fe7808c992e94a578bc62ac25dfbf6252690822d1450d6,4096,376496ebbc388d8377fe7808c992e94a578bc62ac25dfbf6252690822d1450d6,0.01366017572581768
persona.high_e_high_n.seed-2003.neutral,2003,neutral,persona.high_e_high_n,high_e_high_n,v1,complete_five_failures,4,unsuccessful,valid_feedback,filler.neutral.4,5827469766280291389,4096,376496ebbc388d8377fe7808c992e94a578bc62ac25dfbf6252690822d1450d6,4096,376496ebbc388d8377fe7808c992e94a578bc62ac25dfbf6252690822d1450d6,0.014541721902787685
persona.high_e_high_n.seed-2003.neutral,2003,neutral,persona.high_e_high_n,high_e_high_n,v1,complete_five_failures,5,unsuccessful,valid_feedback,filler.neutral.5,9189069359561447070,4096,376496ebbc388d8377fe7808c992e94a578bc62ac25dfbf6252690822d1450d6,4096,376496ebbc388d8377fe7808c992e94a578bc62ac25dfbf6252690822d1450d6,0.014765744097530842
persona.high_e_high_n.seed-2004.feedback_only,2004,feedback_only,persona.high_e_high_n,high_e_high_n,v1,complete_five_failures,1,unsuccessful,valid_feedback,,3012682462339476124,10000,9582c82c0e979ad4740159fd2ec5d74526aeb48ac07bda14b2745a25206ae9f4,6561,53a14051f308be8c745906018a762ceb477324e2fdfef98aa3ddc1cd72bc1dbf,0.006020405795425177
persona.high_e_high_n.seed-2004.feedback_only,2004,feedback_only,persona.high_e_high_n,high_e_high_n,v1,complete_five_failures,2,unsuccessful,valid_feedback,,5539227853087561902,6561,53a14051f308be8c745906018a762ceb477324e2fdfef98aa3ddc1cd72bc1dbf,4096,376496ebbc388d8377fe7808c992e94a578bc62ac25dfbf6252690822d1450d6,0.01269209198653698
persona.high_e_high_n.seed-2004.feedback_only,2004,feedback_only,persona.high_e_high_n,high_e_high_n,v1,complete_five_failures,3,unsuccessful,valid_feedback,,9087570836507131457,4096,376496ebbc388d8377fe7808c992e94a578bc62ac25dfbf6252690822d1450d6,2401,189f5cdadf24cab8dffbae24e408b2d176c74829ec85b4aaf529f1064f1bda1e,0.018145211040973663
persona.high_e_high_n.seed-2004.feedback_only,2004,feedback_only,persona.high_e_high_n,high_e_high_n,v1,complete_five_failures,4,unsuccessful,valid_feedback,,4770636941596934890,2401,189f5cdadf24cab8dffbae24e408b2d176c74829ec85b4aaf529f1064f1bda1e,1296,e89552d5dca552c05e3ffd1f6a4215ff15f21f0c2b733aaa2eeeffc5541698b2,0.02042459137737751
persona.high_e_high_n.seed-2004.feedback_only,2004,feedback_only,persona.high_e_high_n,high_e_high_n,v1,complete_five_failures,5,unsuccessful,valid_feedback,,879249873976900214,1296,e89552d5dca552c05e3ffd1f6a4215ff15f21f0c2b733aaa2eeeffc5541698b2,625,4d28f7984ad1e52f00b72ec545d23d24e5091aa76e3403c7e85db43033899fbe,0.02103486657142639
persona.high_e_high_n.seed-2004.supportive,2004,supportive,persona.high_e_high_n,high_e_high_n,v1,complete_five_failures,1,unsuccessful,valid_feedback,filler.supportive.1,3012682462339476124,10000,9582c82c0e979ad4740159fd2ec5d74526aeb48ac07bda14b2745a25206ae9f4,6561,53a14051f308be8c745906018a762ceb477324e2fdfef98aa3ddc1cd72bc1dbf,0.001824965002015233
persona.high_e_high_n.seed-2004.supportive,2004,supportive,persona.high_e_high_n,high_e_high_n,v1,complete_five_failures,2,unsuccessful,valid_feedback,filler.supportive.2,5539227853087561902,6561,53a14051f308be8c745906018a762ceb477324e2fdfef98aa3ddc1cd72bc1dbf,1820,ab963e3ac5c47a412aa8e77e52f2aebf2c350c67899c4acae4511a5e0eb024e6,0.014830398373305798
persona.high_e_high_n.seed-2004.supportive,2004,supportive,persona.high_e_high_n,high_e_high_n,v1,complete_five_failures,3,unsuccessful,valid_feedback,filler.supportive.3,9087570836507131457,1820,ab963e3ac5c47a412aa8e77e52f2aebf2c350c67899c4acae4511a5e0eb024e6,588,8700a3bcaa3be0b6d6d88102648e2e896709b87e73bc3b226c676a53c735b7aa,0.017879579216241837
persona.high_e_high_n.seed-2004.supportive,2004,supportive,persona.high_e_high_n,high_e_high_n,v1,complete_five_failures,4,unsuccessful,valid_feedback,filler.supportive.4,4770636941596934890,588,8700a3bcaa3be0b6d6d88102648e2e896709b87e73bc3b226c676a53c735b7aa,184,cb198093726eef3fc3e7114005fe6d3fcfc94f89aa68ca88f644f07878fb6efb,0.020296698436141014
persona.high_e_high_n.seed-2004.supportive,2004,supportive,persona.high_e_high_n,high_e_high_n,v1,complete_five_failures,5,unsuccessful,valid_feedback,filler.supportive.5,879249873976900214,184,cb198093726eef3fc3e7114005fe6d3fcfc94f89aa68ca88f644f07878fb6efb,63,f5615a652174268c6d89bcdffbb8a46dc5825ddf29135ada17dc66ea2dbefec9,0.020739831030368805
persona.high_e_high_n.seed-2004.neutral,2004,neutral,persona.high_e_high_n,high_e_high_n,v1,complete_five_failures,1,unsuccessful,valid_feedback,filler.neutral.1,3012682462339476124,10000,9582c82c0e979ad4740159fd2ec5d74526aeb48ac07bda14b2745a25206ae9f4,6561,53a14051f308be8c745906018a762ceb477324e2fdfef98aa3ddc1cd72bc1dbf,0.0020308971870690584
persona.high_e_high_n.seed-2004.neutral,2004,neutral,persona.high_e_high_n,high_e_high_n,v1,complete_five_failures,2,unsuccessful,valid_feedback,filler.neutral.2,5539227853087561902,6561,53a14051f308be8c745906018a762ceb477324e2fdfef98aa3ddc1cd72bc1dbf,1820,ab963e3ac5c47a412aa8e77e52f2aebf2c350c67899c4acae4511a5e0eb024e6,0.012464967556297779
persona.high_e_high_n.seed-2004.neutral,2004,neutral,persona.high_e_high_n,high_e_high_n,v1,complete_five_failures,3,unsuccessful,valid_feedback,filler.neutral.3,9087570836507131457,1820,ab963e3ac5c47a412aa8e77e52f2aebf2c350c67899c4acae4511a5e0eb024e6,588,8700a3bcaa3be0b6d6d88102648e2e896709b87e73bc3b226c676a53c735b7aa,0.015132221393287182
persona.high_e_high_n.seed-2004.neutral,2004,neutral,persona.high_e_high_n,high_e_high_n,v1,complete_five_failures,4,unsuccessful,valid_feedback,filler.neutral.4,4770636941596934890,588,8700a3bcaa3be0b6d6d88102648e2e896709b87e73bc3b226c676a53c735b7aa,184,cb198093726eef3fc3e7114005fe6d3fcfc94f89aa68ca88f644f07878fb6efb,0.014762855134904385
persona.high_e_high_n.seed-2004.neutral,2004,neutral,persona.high_e_high_n,high_e_high_n,v1,complete_five_failures,5,unsuccessful,valid_feedback,filler.neutral.5,879249873976900214,184,cb198093726eef3fc3e7114005fe6d3fcfc94f89aa68ca88f644f07878fb6efb,63,f5615a652174268c6d89bcdffbb8a46dc5825ddf29135ada17dc66ea2dbefec9,0.01699354499578476
persona.high_e_high_n.seed-2005.feedback_only,2005,feedback_only,persona.high_e_high_n,high_e_high_n,v1,complete_five_failures,1,unsuccessful,valid_feedback,,8146282925072561755,10000,9582c82c0e979ad4740159fd2ec5d74526aeb48ac07bda14b2745a25206ae9f4,3048,8d8a406c2701498bf0a5134fc8d3d2dd3838c787cab23a0c65e571fa2681a630,0.002619295148178935
persona.high_e_high_n.seed-2005.feedback_only,2005,feedback_only,persona.high_e_high_n,high_e_high_n,v1,complete_five_failures,2,unsuccessful,valid_feedback,,7270573099286778731,3048,8d8a406c2701498bf0a5134fc8d3d2dd3838c787cab23a0c65e571fa2681a630,768,fc8d58a9e3d1f8e19ada2eb0935f356d1fd043e3c6223147b6eb63ab52c33d06,0.013399473391473293
persona.high_e_high_n.seed-2005.feedback_only,2005,feedback_only,persona.high_e_high_n,high_e_high_n,v1,complete_five_failures,3,unsuccessful,valid_feedback,,320833271567228942,768,fc8d58a9e3d1f8e19ada2eb0935f356d1fd043e3c6223147b6eb63ab52c33d06,184,bb21685db6fbb818e3af6f4c5457db0c37e606a39470f45697f58b6b63d9526f,0.014545729383826256
persona.high_e_high_n.seed-2005.feedback_only,2005,feedback_only,persona.high_e_high_n,high_e_high_n,v1,complete_five_failures,4,unsuccessful,valid_feedback,,1081455331307413947,184,bb21685db6fbb818e3af6f4c5457db0c37e606a39470f45697f58b6b63d9526f,52,8727d9ce5fc0fc52767e37f5a5888530542b8cfb1a8cd4921fbcebfe35c06ec9,0.01224593911319971
persona.high_e_high_n.seed-2005.feedback_only,2005,feedback_only,persona.high_e_high_n,high_e_high_n,v1,complete_five_failures,5,unsuccessful,valid_feedback,,5451539660838294209,52,8727d9ce5fc0fc52767e37f5a5888530542b8cfb1a8cd4921fbcebfe35c06ec9,14,b095fd74ddff9807c5b218bb54089369c9a8234da040fb89bc7b476d47ae2067,0.0024043978191912174
persona.high_e_high_n.seed-2005.supportive,2005,supportive,persona.high_e_high_n,high_e_high_n,v1,complete_five_failures,1,unsuccessful,valid_feedback,filler.supportive.1,8146282925072561755,10000,9582c82c0e979ad4740159fd2ec5d74526aeb48ac07bda14b2745a25206ae9f4,3048,8d8a406c2701498bf0a5134fc8d3d2dd3838c787cab23a0c65e571fa2681a630,-0.0008038408122956753
persona.high_e_high_n.seed-2005.supportive,2005,supportive,persona.high_e_high_n,high_e_high_n,v1,complete_five_failures,2,unsuccessful,valid_feedback,filler.supportive.2,7270573099286778731,3048,8d8a406c2701498bf0a5134fc8d3d2dd3838c787cab23a0c65e571fa2681a630,768,fc8d58a9e3d1f8e19ada2eb0935f356d1fd043e3c6223147b6eb63ab52c33d06,0.015218757092952728
persona.high_e_high_n.seed-2005.supportive,2005,supportive,persona.high_e_high_n,high_e_high_n,v1,complete_five_failures,3,unsuccessful,valid_feedback,filler.supportive.3,320833271567228942,768,fc8d58a9e3d1f8e19ada2eb0935f356d1fd043e3c6223147b6eb63ab52c33d06,190,35049178f6b4f7103224259f9c9baff8546af3ff8ac7de6c3814cb9b2c8a38ef,0.013609408400952816
persona.high_e_high_n.seed-2005.supportive,2005,supportive,persona.high_e_high_n,high_e_high_n,v1,complete_five_failures,4,unsuccessful,valid_feedback,filler.supportive.4,1081455331307413947,190,35049178f6b4f7103224259f9c9baff8546af3ff8ac7de6c3814cb9b2c8a38ef,51,7f6792ea80549f3fe04e97f7dcf6ec11eee7817a080ac7fed3b10acf9289c34c,0.008443056605756283
persona.high_e_high_n.seed-2005.supportive,2005,supportive,persona.high_e_high_n,high_e_high_n,v1,complete_five_failures,5,unsuccessful,valid_feedback,filler.supportive.5,5451539660838294209,51,7f6792ea80549f3fe04e97f7dcf6ec11eee7817a080ac7fed3b10acf9289c34c,25,ece30cf22d281aa2d29dbd5b632ea660c98aac1c9754a6467a2c6815b58b52cd,0.013469242490828037
persona.high_e_high_n.seed-2005.neutral,2005,neutral,persona.high_e_high_n,high_e_high_n,v1,complete_five_failures,1,unsuccessful,valid_feedback,filler.neutral.1,8146282925072561755,10000,9582c82c0e979ad4740159fd2ec5d74526aeb48ac07bda14b2745a25206ae9f4,3048,8d8a406c2701498bf0a5134fc8d3d2dd3838c787cab23a0c65e571fa2681a630,-0.0006060998421162367
persona.high_e_high_n.seed-2005.neutral,2005,neutral,persona.high_e_high_n,high_e_high_n,v1,complete_five_failures,2,unsuccessful,valid_feedback,filler.neutral.2,7270573099286778731,3048,8d8a406c2701498bf0a5134fc8d3d2dd3838c787cab23a0c65e571fa2681a630,768,fc8d58a9e3d1f8e19ada2eb0935f356d1fd043e3c6223147b6eb63ab52c33d06,0.01183986570686102
persona.high_e_high_n.seed-2005.neutral,2005,neutral,persona.high_e_high_n,high_e_high_n,v1,complete_five_failures,3,unsuccessful,valid_feedback,filler.neutral.3,320833271567228942,768,fc8d58a9e3d1f8e19ada2eb0935f356d1fd043e3c6223147b6eb63ab52c33d06,184,bb21685db6fbb818e3af6f4c5457db0c37e606a39470f45697f58b6b63d9526f,0.01261438149958849
persona.high_e_high_n.seed-2005.neutral,2005,neutral,persona.high_e_high_n,high_e_high_n,v1,complete_five_failures,4,unsuccessful,valid_feedback,filler.neutral.4,1081455331307413947,184,bb21685db6fbb818e3af6f4c5457db0c37e606a39470f45697f58b6b63d9526f,46,e3f05775af2f3fb2465dd21b0bc5a6dac6415b64618aaa49d98df1e0774df3ca,0.011452379636466503
persona.high_e_high_n.seed-2005.neutral,2005,neutral,persona.high_e_high_n,high_e_high_n,v1,complete_five_failures,5,unsuccessful,valid_feedback,filler.neutral.5,5451539660838294209,46,e3f05775af2f3fb2465dd21b0bc5a6dac6415b64618aaa49d98df1e0774df3ca,20,5473296ada55e06d05e3fbf1d02ee3422f49af3eb73f4747257f653189e475b1,0.005213184282183647
persona.high_e_high_n.seed-2006.feedback_only,2006,feedback_only,persona.high_e_high_n,high_e_high_n,v1,complete_five_failures,1,unsuccessful,valid_feedback,,20746705984210227,10000,9582c82c0e979ad4740159fd2ec5d74526aeb48ac07bda14b2745a25206ae9f4,3048,8d8a406c2701498bf0a5134fc8d3d2dd3838c787cab23a0c65e571fa2681a630,0.0056805238127708435
persona.high_e_high_n.seed-2006.feedback_only,2006,feedback_only,persona.high_e_high_n,high_e_high_n,v1,complete_five_failures,2,unsuccessful,valid_feedback,,7186787635236517948,3048,8d8a406c2701498bf0a5134fc8d3d2dd3838c787cab23a0c65e571fa2681a630,768,fc8d58a9e3d1f8e19ada2eb0935f356d1fd043e3c6223147b6eb63ab52c33d06,0.016771243885159492
persona.high_e_high_n.seed-2006.feedback_only,2006,feedback_only,persona.high_e_high_n,high_e_high_n,v1,complete_five_failures,3,unsuccessful,valid_feedback,,2633872377281840482,768,fc8d58a9e3d1f8e19ada2eb0935f356d1fd043e3c6223147b6eb63ab52c33d06,206,3701c51eacc8da4a43acc7def8b9efc78019c15d870b2f7a0f276ba681e765c0,0.016140786930918694
persona.high_e_high_n.seed-2006.feedback_only,2006,feedback_only,persona.high_e_high_n,high_e_high_n,v1,complete_five_failures,4,unsuccessful,valid_feedback,,7338954399356967658,206,3701c51eacc8da4a43acc7def8b9efc78019c15d870b2f7a0f276ba681e765c0,55,04a95813d7014d7950fe157a956d4387a292572957115ac209f07c7805a04adc,0.013518908061087132
persona.high_e_high_n.seed-2006.feedback_only,2006,feedback_only,persona.high_e_high_n,high_e_high_n,v1,complete_five_failures,5,unsuccessful,valid_feedback,,9132968224681273883,55,04a95813d7014d7950fe157a956d4387a292572957115ac209f07c7805a04adc,15,ce5d95544a095d12f3a94473e04ccab55002b524452e073c9d463fb6eb1f422c,0.017345521599054337
persona.high_e_high_n.seed-2006.supportive,2006,supportive,persona.high_e_high_n,high_e_high_n,v1,complete_five_failures,1,unsuccessful,valid_feedback,filler.supportive.1,20746705984210227,10000,9582c82c0e979ad4740159fd2ec5d74526aeb48ac07bda14b2745a25206ae9f4,3048,8d8a406c2701498bf0a5134fc8d3d2dd3838c787cab23a0c65e571fa2681a630,0.003698121989145875
persona.high_e_high_n.seed-2006.supportive,2006,supportive,persona.high_e_high_n,high_e_high_n,v1,complete_five_failures,2,unsuccessful,valid_feedback,filler.supportive.2,7186787635236517948,3048,8d8a406c2701498bf0a5134fc8d3d2dd3838c787cab23a0c65e571fa2681a630,768,fc8d58a9e3d1f8e19ada2eb0935f356d1fd043e3c6223147b6eb63ab52c33d06,0.016926785930991173
persona.high_e_high_n.seed-2006.supportive,2006,supportive,persona.high_e_high_n,high_e_high_n,v1,complete_five_failures,3,unsuccessful,valid_feedback,filler.supportive.3,2633872377281840482,768,fc8d58a9e3d1f8e19ada2eb0935f356d1fd043e3c6223147b6eb63ab52c33d06,206,3701c51eacc8da4a43acc7def8b9efc78019c15d870b2f7a0f276ba681e765c0,0.017059659585356712
persona.high_e_high_n.seed-2006.supportive,2006,supportive,persona.high_e_high_n,high_e_high_n,v1,complete_five_failures,4,unsuccessful,valid_feedback,filler.supportive.4,7338954399356967658,206,3701c51eacc8da4a43acc7def8b9efc78019c15d870b2f7a0f276ba681e765c0,55,04a95813d7014d7950fe157a956d4387a292572957115ac209f07c7805a04adc,0.016235942021012306
persona.high_e_high_n.seed-2006.supportive,2006,supportive,persona.high_e_high_n,high_e_high_n,v1,complete_five_failures,5,unsuccessful,valid_feedback,filler.supportive.5,9132968224681273883,55,04a95813d7014d7950fe157a956d4387a292572957115ac209f07c7805a04adc,15,ce5d95544a095d12f3a94473e04ccab55002b524452e073c9d463fb6eb1f422c,0.018218394368886948
persona.high_e_high_n.seed-2006.neutral,2006,neutral,persona.high_e_high_n,high_e_high_n,v1,complete_five_failures,1,unsuccessful,valid_feedback,filler.neutral.1,20746705984210227,10000,9582c82c0e979ad4740159fd2ec5d74526aeb48ac07bda14b2745a25206ae9f4,3048,8d8a406c2701498bf0a5134fc8d3d2dd3838c787cab23a0c65e571fa2681a630,0.003658088156953454
persona.high_e_high_n.seed-2006.neutral,2006,neutral,persona.high_e_high_n,high_e_high_n,v1,complete_five_failures,2,unsuccessful,valid_feedback,filler.neutral.2,7186787635236517948,3048,8d8a406c2701498bf0a5134fc8d3d2dd3838c787cab23a0c65e571fa2681a630,768,fc8d58a9e3d1f8e19ada2eb0935f356d1fd043e3c6223147b6eb63ab52c33d06,0.016032516956329346
persona.high_e_high_n.seed-2006.neutral,2006,neutral,persona.high_e_high_n,high_e_high_n,v1,complete_five_failures,3,unsuccessful,valid_feedback,filler.neutral.3,2633872377281840482,768,fc8d58a9e3d1f8e19ada2eb0935f356d1fd043e3c6223147b6eb63ab52c33d06,206,3701c51eacc8da4a43acc7def8b9efc78019c15d870b2f7a0f276ba681e765c0,0.014201818034052849
persona.high_e_high_n.seed-2006.neutral,2006,neutral,persona.high_e_high_n,high_e_high_n,v1,complete_five_failures,4,unsuccessful,valid_feedback,filler.neutral.4,7338954399356967658,206,3701c51eacc8da4a43acc7def8b9efc78019c15d870b2f7a0f276ba681e765c0,55,04a95813d7014d7950fe157a956d4387a292572957115ac209f07c7805a04adc,0.012440688908100128
persona.high_e_high_n.seed-2006.neutral,2006,neutral,persona.high_e_high_n,high_e_high_n,v1,complete_five_failures,5,unsuccessful,valid_feedback,filler.neutral.5,9132968224681273883,55,04a95813d7014d7950fe157a956d4387a292572957115ac209f07c7805a04adc,15,ce5d95544a095d12f3a94473e04ccab55002b524452e073c9d463fb6eb1f422c,0.014995597302913666
persona.high_e_high_n.seed-2007.feedback_only,2007,feedback_only,persona.high_e_high_n,high_e_high_n,v1,complete_five_failures,1,unsuccessful,valid_feedback,,5495818002014909466,10000,9582c82c0e979ad4740159fd2ec5d74526aeb48ac07bda14b2745a25206ae9f4,3048,8d8a406c2701498bf0a5134fc8d3d2dd3838c787cab23a0c65e571fa2681a630,0.0056805238127708435
persona.high_e_high_n.seed-2007.feedback_only,2007,feedback_only,persona.high_e_high_n,high_e_high_n,v1,complete_five_failures,2,unsuccessful,valid_feedback,,7092970346930268185,3048,8d8a406c2701498bf0a5134fc8d3d2dd3838c787cab23a0c65e571fa2681a630,768,fc8d58a9e3d1f8e19ada2eb0935f356d1fd043e3c6223147b6eb63ab52c33d06,0.016771243885159492
persona.high_e_high_n.seed-2007.feedback_only,2007,feedback_only,persona.high_e_high_n,high_e_high_n,v1,complete_five_failures,3,unsuccessful,valid_feedback,,4413334138324627702,768,fc8d58a9e3d1f8e19ada2eb0935f356d1fd043e3c6223147b6eb63ab52c33d06,206,3701c51eacc8da4a43acc7def8b9efc78019c15d870b2f7a0f276ba681e765c0,0.016140786930918694
persona.high_e_high_n.seed-2007.feedback_only,2007,feedback_only,persona.high_e_high_n,high_e_high_n,v1,complete_five_failures,4,unsuccessful,valid_feedback,,7609396874926615527,206,3701c51eacc8da4a43acc7def8b9efc78019c15d870b2f7a0f276ba681e765c0,55,04a95813d7014d7950fe157a956d4387a292572957115ac209f07c7805a04adc,0.013518908061087132
persona.high_e_high_n.seed-2007.feedback_only,2007,feedback_only,persona.high_e_high_n,high_e_high_n,v1,complete_five_failures,5,unsuccessful,valid_feedback,,1032535146999642755,55,04a95813d7014d7950fe157a956d4387a292572957115ac209f07c7805a04adc,15,ce5d95544a095d12f3a94473e04ccab55002b524452e073c9d463fb6eb1f422c,0.017345521599054337
persona.high_e_high_n.seed-2007.supportive,2007,supportive,persona.high_e_high_n,high_e_high_n,v1,complete_five_failures,1,unsuccessful,valid_feedback,filler.supportive.1,5495818002014909466,10000,9582c82c0e979ad4740159fd2ec5d74526aeb48ac07bda14b2745a25206ae9f4,3048,8d8a406c2701498bf0a5134fc8d3d2dd3838c787cab23a0c65e571fa2681a630,0.003698121989145875
persona.high_e_high_n.seed-2007.supportive,2007,supportive,persona.high_e_high_n,high_e_high_n,v1,complete_five_failures,2,unsuccessful,valid_feedback,filler.supportive.2,7092970346930268185,3048,8d8a406c2701498bf0a5134fc8d3d2dd3838c787cab23a0c65e571fa2681a630,768,fc8d58a9e3d1f8e19ada2eb0935f356d1fd043e3c6223147b6eb63ab52c33d06,0.016926785930991173
persona.high_e_high_n.seed-2007.supportive,2007,supportive,persona.high_e_high_n,high_e_high_n,v1,complete_five_failures,3,unsuccessful,valid_feedback,filler.supportive.3,4413334138324627702,768,fc8d58a9e3d1f8e19ada2eb0935f356d1fd043e3c6223147b6eb63ab52c33d06,184,bb21685db6fbb818e3af6f4c5457db0c37e606a39470f45697f58b6b63d9526f,0.016034187749028206
persona.high_e_high_n.seed-2007.supportive,2007,supportive,persona.high_e_high_n,high_e_high_n,v1,complete_five_failures,4,unsuccessful,valid_feedback,filler.supportive.4,7609396874926615527,184,bb21685db6fbb818e3af6f4c5457db0c37e606a39470f45697f58b6b63d9526f,52,8727d9ce5fc0fc52767e37f5a5888530542b8cfb1a8cd4921fbcebfe35c06ec9,0.01663919724524021
persona.high_e_high_n.seed-2007.supportive,2007,supportive,persona.high_e_high_n,high_e_high_n,v1,complete_five_failures,5,unsuccessful,valid_feedback,filler.supportive.5,1032535146999642755,52,8727d9ce5fc0fc52767e37f5a5888530542b8cfb1a8cd4921fbcebfe35c06ec9,14,c20fe7ff3ea44b293310f977030bad517d0ae0a26ec375b140ddc7f54e24f9f9,0.01859123259782791
persona.high_e_high_n.seed-2007.neutral,2007,neutral,persona.high_e_high_n,high_e_high_n,v1,complete_five_failures,1,unsuccessful,valid_feedback,filler.neutral.1,5495818002014909466,10000,9582c82c0e979ad4740159fd2ec5d74526aeb48ac07bda14b2745a25206ae9f4,3048,8d8a406c2701498bf0a5134fc8d3d2dd3838c787cab23a0c65e571fa2681a630,0.003658088156953454
persona.high_e_high_n.seed-2007.neutral,2007,neutral,persona.high_e_high_n,high_e_high_n,v1,complete_five_failures,2,unsuccessful,valid_feedback,filler.neutral.2,7092970346930268185,3048,8d8a406c2701498bf0a5134fc8d3d2dd3838c787cab23a0c65e571fa2681a630,768,fc8d58a9e3d1f8e19ada2eb0935f356d1fd043e3c6223147b6eb63ab52c33d06,0.016032516956329346
persona.high_e_high_n.seed-2007.neutral,2007,neutral,persona.high_e_high_n,high_e_high_n,v1,complete_five_failures,3,unsuccessful,valid_feedback,filler.neutral.3,4413334138324627702,768,fc8d58a9e3d1f8e19ada2eb0935f356d1fd043e3c6223147b6eb63ab52c33d06,170,2f2e72496a0f945fcc2666542d67552915caaac921f76634817859b7a622068d,0.014249113388359547
persona.high_e_high_n.seed-2007.neutral,2007,neutral,persona.high_e_high_n,high_e_high_n,v1,complete_five_failures,4,unsuccessful,valid_feedback,filler.neutral.4,7609396874926615527,170,2f2e72496a0f945fcc2666542d67552915caaac921f76634817859b7a622068d,69,df84e7c7ea9d9fddf1e9a547a43f549985b43fccedb4e513648047b574d519ae,0.013088002800941467
persona.high_e_high_n.seed-2007.neutral,2007,neutral,persona.high_e_high_n,high_e_high_n,v1,complete_five_failures,5,unsuccessful,valid_feedback,filler.neutral.5,1032535146999642755,69,df84e7c7ea9d9fddf1e9a547a43f549985b43fccedb4e513648047b574d519ae,20,a5553648324f8d65e9ac4909d66e7d3d65adcff45d1b92ed538c3fe3ce053595,0.015506107360124588
persona.high_e_high_n.seed-2008.feedback_only,2008,feedback_only,persona.high_e_high_n,high_e_high_n,v1,complete_five_failures,1,unsuccessful,valid_feedback,,8344175065288078558,10000,9582c82c0e979ad4740159fd2ec5d74526aeb48ac07bda14b2745a25206ae9f4,3048,db3e09caf8d9fe544e3300a8fb9e065e8f096165d4da0ef01c77d1914c1a939a,0.007606250233948231
persona.high_e_high_n.seed-2008.feedback_only,2008,feedback_only,persona.high_e_high_n,high_e_high_n,v1,complete_five_failures,2,unsuccessful,valid_feedback,,1764828235997338309,3048,db3e09caf8d9fe544e3300a8fb9e065e8f096165d4da0ef01c77d1914c1a939a,768,d480a83984f7d7a5f0948aedfe353e5507b5c410d01a3fd8ee84dfd54675586f,0.018229816108942032
persona.high_e_high_n.seed-2008.feedback_only,2008,feedback_only,persona.high_e_high_n,high_e_high_n,v1,complete_five_failures,3,unsuccessful,valid_feedback,,1186103364016962603,768,d480a83984f7d7a5f0948aedfe353e5507b5c410d01a3fd8ee84dfd54675586f,194,00f91b14f036a5de859e9bfb7342479d060d7442592d814feaa3311b7aed3e23,0.02012183889746666
persona.high_e_high_n.seed-2008.feedback_only,2008,feedback_only,persona.high_e_high_n,high_e_high_n,v1,complete_five_failures,4,unsuccessful,valid_feedback,,1157719167337881160,194,00f91b14f036a5de859e9bfb7342479d060d7442592d814feaa3311b7aed3e23,50,99b4550ff7b20390981f36fe83715e008dbd08292e361bfe3a7d5edca988d041,0.01526651531457901
persona.high_e_high_n.seed-2008.feedback_only,2008,feedback_only,persona.high_e_high_n,high_e_high_n,v1,complete_five_failures,5,unsuccessful,valid_feedback,,6714476192934985326,50,99b4550ff7b20390981f36fe83715e008dbd08292e361bfe3a7d5edca988d041,15,854615e93b14ca998d6ef10537c0a493080de05051ab1e49dbd221a7bffe5090,0.01719636097550392
persona.high_e_high_n.seed-2008.supportive,2008,supportive,persona.high_e_high_n,high_e_high_n,v1,complete_five_failures,1,unsuccessful,valid_feedback,filler.supportive.1,8344175065288078558,10000,9582c82c0e979ad4740159fd2ec5d74526aeb48ac07bda14b2745a25206ae9f4,3048,db3e09caf8d9fe544e3300a8fb9e065e8f096165d4da0ef01c77d1914c1a939a,0.005705941002815962
persona.high_e_high_n.seed-2008.supportive,2008,supportive,persona.high_e_high_n,high_e_high_n,v1,complete_five_failures,2,unsuccessful,valid_feedback,filler.supportive.2,1764828235997338309,3048,db3e09caf8d9fe544e3300a8fb9e065e8f096165d4da0ef01c77d1914c1a939a,768,d480a83984f7d7a5f0948aedfe353e5507b5c410d01a3fd8ee84dfd54675586f,0.017604848369956017
persona.high_e_high_n.seed-2008.supportive,2008,supportive,persona.high_e_high_n,high_e_high_n,v1,complete_five_failures,3,unsuccessful,valid_feedback,filler.supportive.3,1186103364016962603,768,d480a83984f7d7a5f0948aedfe353e5507b5c410d01a3fd8ee84dfd54675586f,194,00f91b14f036a5de859e9bfb7342479d060d7442592d814feaa3311b7aed3e23,0.019636986777186394
persona.high_e_high_n.seed-2008.supportive,2008,supportive,persona.high_e_high_n,high_e_high_n,v1,complete_five_failures,4,unsuccessful,valid_feedback,filler.supportive.4,1157719167337881160,194,00f91b14f036a5de859e9bfb7342479d060d7442592d814feaa3311b7aed3e23,50,99b4550ff7b20390981f36fe83715e008dbd08292e361bfe3a7d5edca988d041,0.016104819253087044
persona.high_e_high_n.seed-2008.supportive,2008,supportive,persona.high_e_high_n,high_e_high_n,v1,complete_five_failures,5,unsuccessful,valid_feedback,filler.supportive.5,6714476192934985326,50,99b4550ff7b20390981f36fe83715e008dbd08292e361bfe3a7d5edca988d041,23,62c0dd9e0ee3e488f7ab067010f40d19c80e4a6c0942fec4132eca60a7e343c8,0.016342468559741974
persona.high_e_high_n.seed-2008.neutral,2008,neutral,persona.high_e_high_n,high_e_high_n,v1,complete_five_failures,1,unsuccessful,valid_feedback,filler.neutral.1,8344175065288078558,10000,9582c82c0e979ad4740159fd2ec5d74526aeb48ac07bda14b2745a25206ae9f4,3048,db3e09caf8d9fe544e3300a8fb9e065e8f096165d4da0ef01c77d1914c1a939a,0.00394083559513092
persona.high_e_high_n.seed-2008.neutral,2008,neutral,persona.high_e_high_n,high_e_high_n,v1,complete_five_failures,2,unsuccessful,valid_feedback,filler.neutral.2,1764828235997338309,3048,db3e09caf8d9fe544e3300a8fb9e065e8f096165d4da0ef01c77d1914c1a939a,768,5cd676d20b73535e66fa4484e4849ec299e5aa93baf26611f4a135b1c7c0d7fd,0.01669597439467907
persona.high_e_high_n.seed-2008.neutral,2008,neutral,persona.high_e_high_n,high_e_high_n,v1,complete_five_failures,3,unsuccessful,valid_feedback,filler.neutral.3,1186103364016962603,768,5cd676d20b73535e66fa4484e4849ec299e5aa93baf26611f4a135b1c7c0d7fd,200,da0592db3f94b6e25501e3a03a8dcf83bf0b1602871666a4c23c2df41f308fb3,0.016049612313508987
persona.high_e_high_n.seed-2008.neutral,2008,neutral,persona.high_e_high_n,high_e_high_n,v1,complete_five_failures,4,unsuccessful,valid_feedback,filler.neutral.4,1157719167337881160,200,da0592db3f94b6e25501e3a03a8dcf83bf0b1602871666a4c23c2df41f308fb3,52,fee77fcc685c20e5db1c3ad97c5c6b7588d06090bcccc85134f1d15dc3c41cb7,0.015430743806064129
persona.high_e_high_n.seed-2008.neutral,2008,neutral,persona.high_e_high_n,high_e_high_n,v1,complete_five_failures,5,unsuccessful,valid_feedback,filler.neutral.5,6714476192934985326,52,fee77fcc685c20e5db1c3ad97c5c6b7588d06090bcccc85134f1d15dc3c41cb7,10,341e35e545be038124ff3688f877b2fff59e2c2839cf44f0cc5b196813f2a71c,0.01668296381831169
persona.high_e_high_n.seed-2009.feedback_only,2009,feedback_only,persona.high_e_high_n,high_e_high_n,v1,complete_five_failures,1,unsuccessful,valid_feedback,,1260204083383722554,10000,9582c82c0e979ad4740159fd2ec5d74526aeb48ac07bda14b2745a25206ae9f4,3048,8d8a406c2701498bf0a5134fc8d3d2dd3838c787cab23a0c65e571fa2681a630,0.0056805238127708435
persona.high_e_high_n.seed-2009.feedback_only,2009,feedback_only,persona.high_e_high_n,high_e_high_n,v1,complete_five_failures,2,unsuccessful,valid_feedback,,8078703204154141548,3048,8d8a406c2701498bf0a5134fc8d3d2dd3838c787cab23a0c65e571fa2681a630,768,fc8d58a9e3d1f8e19ada2eb0935f356d1fd043e3c6223147b6eb63ab52c33d06,0.016771243885159492
persona.high_e_high_n.seed-2009.feedback_only,2009,feedback_only,persona.high_e_high_n,high_e_high_n,v1,complete_five_failures,3,unsuccessful,valid_feedback,,4408837213815512884,768,fc8d58a9e3d1f8e19ada2eb0935f356d1fd043e3c6223147b6eb63ab52c33d06,206,3701c51eacc8da4a43acc7def8b9efc78019c15d870b2f7a0f276ba681e765c0,0.016140786930918694
persona.high_e_high_n.seed-2009.feedback_only,2009,feedback_only,persona.high_e_high_n,high_e_high_n,v1,complete_five_failures,4,unsuccessful,valid_feedback,,5665391256835248990,206,3701c51eacc8da4a43acc7def8b9efc78019c15d870b2f7a0f276ba681e765c0,55,04a95813d7014d7950fe157a956d4387a292572957115ac209f07c7805a04adc,0.013518908061087132
persona.high_e_high_n.seed-2009.feedback_only,2009,feedback_only,persona.high_e_high_n,high_e_high_n,v1,complete_five_failures,5,unsuccessful,valid_feedback,,9128014439954229688,55,04a95813d7014d7950fe157a956d4387a292572957115ac209f07c7805a04adc,16,c4381b23c6bfad65ec6363bfce625f0aee93467eaa2c1d60c80ffbff1be04bda,0.012761310674250126
persona.high_e_high_n.seed-2009.supportive,2009,supportive,persona.high_e_high_n,high_e_high_n,v1,complete_five_failures,1,unsuccessful,valid_feedback,filler.supportive.1,1260204083383722554,10000,9582c82c0e979ad4740159fd2ec5d74526aeb48ac07bda14b2745a25206ae9f4,3048,8d8a406c2701498bf0a5134fc8d3d2dd3838c787cab23a0c65e571fa2681a630,0.003698121989145875
persona.high_e_high_n.seed-2009.supportive,2009,supportive,persona.high_e_high_n,high_e_high_n,v1,complete_five_failures,2,unsuccessful,valid_feedback,filler.supportive.2,8078703204154141548,3048,8d8a406c2701498bf0a5134fc8d3d2dd3838c787cab23a0c65e571fa2681a630,768,fc8d58a9e3d1f8e19ada2eb0935f356d1fd043e3c6223147b6eb63ab52c33d06,0.016926785930991173
persona.high_e_high_n.seed-2009.supportive,2009,supportive,persona.high_e_high_n,high_e_high_n,v1,complete_five_failures,3,unsuccessful,valid_feedback,filler.supportive.3,4408837213815512884,768,fc8d58a9e3d1f8e19ada2eb0935f356d1fd043e3c6223147b6eb63ab52c33d06,184,bb21685db6fbb818e3af6f4c5457db0c37e606a39470f45697f58b6b63d9526f,0.016034187749028206
persona.high_e_high_n.seed-2009.supportive,2009,supportive,persona.high_e_high_n,high_e_high_n,v1,complete_five_failures,4,unsuccessful,valid_feedback,filler.supportive.4,5665391256835248990,184,bb21685db6fbb818e3af6f4c5457db0c37e606a39470f45697f58b6b63d9526f,52,8727d9ce5fc0fc52767e37f5a5888530542b8cfb1a8cd4921fbcebfe35c06ec9,0.01663919724524021
persona.high_e_high_n.seed-2009.supportive,2009,supportive,persona.high_e_high_n,high_e_high_n,v1,complete_five_failures,5,unsuccessful,valid_feedback,filler.supportive.5,9128014439954229688,52,8727d9ce5fc0fc52767e37f5a5888530542b8cfb1a8cd4921fbcebfe35c06ec9,14,667ed144f66082f64c9231eb088f118d398b891f4a8c9e9fef02952a87d4d8ab,0.015654586255550385
persona.high_e_high_n.seed-2009.neutral,2009,neutral,persona.high_e_high_n,high_e_high_n,v1,complete_five_failures,1,unsuccessful,valid_feedback,filler.neutral.1,1260204083383722554,10000,9582c82c0e979ad4740159fd2ec5d74526aeb48ac07bda14b2745a25206ae9f4,3048,8d8a406c2701498bf0a5134fc8d3d2dd3838c787cab23a0c65e571fa2681a630,0.003658088156953454
persona.high_e_high_n.seed-2009.neutral,2009,neutral,persona.high_e_high_n,high_e_high_n,v1,complete_five_failures,2,unsuccessful,valid_feedback,filler.neutral.2,8078703204154141548,3048,8d8a406c2701498bf0a5134fc8d3d2dd3838c787cab23a0c65e571fa2681a630,768,fc8d58a9e3d1f8e19ada2eb0935f356d1fd043e3c6223147b6eb63ab52c33d06,0.016032516956329346
persona.high_e_high_n.seed-2009.neutral,2009,neutral,persona.high_e_high_n,high_e_high_n,v1,complete_five_failures,3,unsuccessful,valid_feedback,filler.neutral.3,4408837213815512884,768,fc8d58a9e3d1f8e19ada2eb0935f356d1fd043e3c6223147b6eb63ab52c33d06,206,3701c51eacc8da4a43acc7def8b9efc78019c15d870b2f7a0f276ba681e765c0,0.014201818034052849
persona.high_e_high_n.seed-2009.neutral,2009,neutral,persona.high_e_high_n,high_e_high_n,v1,complete_five_failures,4,unsuccessful,valid_feedback,filler.neutral.4,5665391256835248990,206,3701c51eacc8da4a43acc7def8b9efc78019c15d870b2f7a0f276ba681e765c0,55,04a95813d7014d7950fe157a956d4387a292572957115ac209f07c7805a04adc,0.012440688908100128
persona.high_e_high_n.seed-2009.neutral,2009,neutral,persona.high_e_high_n,high_e_high_n,v1,complete_five_failures,5,unsuccessful,valid_feedback,filler.neutral.5,9128014439954229688,55,04a95813d7014d7950fe157a956d4387a292572957115ac209f07c7805a04adc,16,c4381b23c6bfad65ec6363bfce625f0aee93467eaa2c1d60c80ffbff1be04bda,0.011340335942804813
persona.high_e_high_n.seed-2010.feedback_only,2010,feedback_only,persona.high_e_high_n,high_e_high_n,v1,complete_five_failures,1,unsuccessful,valid_feedback,,3469795497683125335,10000,9582c82c0e979ad4740159fd2ec5d74526aeb48ac07bda14b2745a25206ae9f4,3048,8d8a406c2701498bf0a5134fc8d3d2dd3838c787cab23a0c65e571fa2681a630,0.0056805238127708435
persona.high_e_high_n.seed-2010.feedback_only,2010,feedback_only,persona.high_e_high_n,high_e_high_n,v1,complete_five_failures,2,unsuccessful,valid_feedback,,7502407488306205158,3048,8d8a406c2701498bf0a5134fc8d3d2dd3838c787cab23a0c65e571fa2681a630,768,fc8d58a9e3d1f8e19ada2eb0935f356d1fd043e3c6223147b6eb63ab52c33d06,0.016771243885159492
persona.high_e_high_n.seed-2010.feedback_only,2010,feedback_only,persona.high_e_high_n,high_e_high_n,v1,complete_five_failures,3,unsuccessful,valid_feedback,,7505458095384574504,768,fc8d58a9e3d1f8e19ada2eb0935f356d1fd043e3c6223147b6eb63ab52c33d06,206,3701c51eacc8da4a43acc7def8b9efc78019c15d870b2f7a0f276ba681e765c0,0.016140786930918694
persona.high_e_high_n.seed-2010.feedback_only,2010,feedback_only,persona.high_e_high_n,high_e_high_n,v1,complete_five_failures,4,unsuccessful,valid_feedback,,8890796447059342011,206,3701c51eacc8da4a43acc7def8b9efc78019c15d870b2f7a0f276ba681e765c0,55,04a95813d7014d7950fe157a956d4387a292572957115ac209f07c7805a04adc,0.013518908061087132
persona.high_e_high_n.seed-2010.feedback_only,2010,feedback_only,persona.high_e_high_n,high_e_high_n,v1,complete_five_failures,5,unsuccessful,valid_feedback,,2061649511049620242,55,04a95813d7014d7950fe157a956d4387a292572957115ac209f07c7805a04adc,15,ce5d95544a095d12f3a94473e04ccab55002b524452e073c9d463fb6eb1f422c,0.017345521599054337
persona.high_e_high_n.seed-2010.supportive,2010,supportive,persona.high_e_high_n,high_e_high_n,v1,complete_five_failures,1,unsuccessful,valid_feedback,filler.supportive.1,3469795497683125335,10000,9582c82c0e979ad4740159fd2ec5d74526aeb48ac07bda14b2745a25206ae9f4,3048,8d8a406c2701498bf0a5134fc8d3d2dd3838c787cab23a0c65e571fa2681a630,0.003698121989145875
persona.high_e_high_n.seed-2010.supportive,2010,supportive,persona.high_e_high_n,high_e_high_n,v1,complete_five_failures,2,unsuccessful,valid_feedback,filler.supportive.2,7502407488306205158,3048,8d8a406c2701498bf0a5134fc8d3d2dd3838c787cab23a0c65e571fa2681a630,768,fc8d58a9e3d1f8e19ada2eb0935f356d1fd043e3c6223147b6eb63ab52c33d06,0.016926785930991173
persona.high_e_high_n.seed-2010.supportive,2010,supportive,persona.high_e_high_n,high_e_high_n,v1,complete_five_failures,3,unsuccessful,valid_feedback,filler.supportive.3,7505458095384574504,768,fc8d58a9e3d1f8e19ada2eb0935f356d1fd043e3c6223147b6eb63ab52c33d06,184,bb21685db6fbb818e3af6f4c5457db0c37e606a39470f45697f58b6b63d9526f,0.016034187749028206
persona.high_e_high_n.seed-2010.supportive,2010,supportive,persona.high_e_high_n,high_e_high_n,v1,complete_five_failures,4,unsuccessful,valid_feedback,filler.supportive.4,8890796447059342011,184,bb21685db6fbb818e3af6f4c5457db0c37e606a39470f45697f58b6b63d9526f,46,e3f05775af2f3fb2465dd21b0bc5a6dac6415b64618aaa49d98df1e0774df3ca,0.01654091291129589
persona.high_e_high_n.seed-2010.supportive,2010,supportive,persona.high_e_high_n,high_e_high_n,v1,complete_five_failures,5,unsuccessful,valid_feedback,filler.supportive.5,2061649511049620242,46,e3f05775af2f3fb2465dd21b0bc5a6dac6415b64618aaa49d98df1e0774df3ca,20,5473296ada55e06d05e3fbf1d02ee3422f49af3eb73f4747257f653189e475b1,0.01118423044681549
persona.high_e_high_n.seed-2010.neutral,2010,neutral,persona.high_e_high_n,high_e_high_n,v1,complete_five_failures,1,unsuccessful,valid_feedback,filler.neutral.1,3469795497683125335,10000,9582c82c0e979ad4740159fd2ec5d74526aeb48ac07bda14b2745a25206ae9f4,3048,8d8a406c2701498bf0a5134fc8d3d2dd3838c787cab23a0c65e571fa2681a630,0.003658088156953454
persona.high_e_high_n.seed-2010.neutral,2010,neutral,persona.high_e_high_n,high_e_high_n,v1,complete_five_failures,2,unsuccessful,valid_feedback,filler.neutral.2,7502407488306205158,3048,8d8a406c2701498bf0a5134fc8d3d2dd3838c787cab23a0c65e571fa2681a630,768,fc8d58a9e3d1f8e19ada2eb0935f356d1fd043e3c6223147b6eb63ab52c33d06,0.016032516956329346
persona.high_e_high_n.seed-2010.neutral,2010,neutral,persona.high_e_high_n,high_e_high_n,v1,complete_five_failures,3,unsuccessful,valid_feedback,filler.neutral.3,7505458095384574504,768,fc8d58a9e3d1f8e19ada2eb0935f356d1fd043e3c6223147b6eb63ab52c33d06,206,3701c51eacc8da4a43acc7def8b9efc78019c15d870b2f7a0f276ba681e765c0,0.014201818034052849
persona.high_e_high_n.seed-2010.neutral,2010,neutral,persona.high_e_high_n,high_e_high_n,v1,complete_five_failures,4,unsuccessful,valid_feedback,filler.neutral.4,8890796447059342011,206,3701c51eacc8da4a43acc7def8b9efc78019c15d870b2f7a0f276ba681e765c0,55,04a95813d7014d7950fe157a956d4387a292572957115ac209f07c7805a04adc,0.012440688908100128
persona.high_e_high_n.seed-2010.neutral,2010,neutral,persona.high_e_high_n,high_e_high_n,v1,complete_five_failures,5,unsuccessful,valid_feedback,filler.neutral.5,2061649511049620242,55,04a95813d7014d7950fe157a956d4387a292572957115ac209f07c7805a04adc,15,ce5d95544a095d12f3a94473e04ccab55002b524452e073c9d463fb6eb1f422c,0.014995597302913666
persona.high_e_high_n.v2.seed-2001.feedback_only,2001,feedback_only,persona.high_e_high_n.v2,high_e_high_n,v2,complete_five_failures,1,unsuccessful,valid_feedback,,4469567771656788920,10000,9582c82c0e979ad4740159fd2ec5d74526aeb48ac07bda14b2745a25206ae9f4,3048,8d8a406c2701498bf0a5134fc8d3d2dd3838c787cab23a0c65e571fa2681a630,0.0056761084124445915
persona.high_e_high_n.v2.seed-2001.feedback_only,2001,feedback_only,persona.high_e_high_n.v2,high_e_high_n,v2,complete_five_failures,2,unsuccessful,valid_feedback,,462000147538888414,3048,8d8a406c2701498bf0a5134fc8d3d2dd3838c787cab23a0c65e571fa2681a630,768,fc8d58a9e3d1f8e19ada2eb0935f356d1fd043e3c6223147b6eb63ab52c33d06,0.015828218311071396
persona.high_e_high_n.v2.seed-2001.feedback_only,2001,feedback_only,persona.high_e_high_n.v2,high_e_high_n,v2,complete_five_failures,3,unsuccessful,valid_feedback,,7203904594921472573,768,fc8d58a9e3d1f8e19ada2eb0935f356d1fd043e3c6223147b6eb63ab52c33d06,206,3701c51eacc8da4a43acc7def8b9efc78019c15d870b2f7a0f276ba681e765c0,0.015155420638620853
persona.high_e_high_n.v2.seed-2001.feedback_only,2001,feedback_only,persona.high_e_high_n.v2,high_e_high_n,v2,complete_five_failures,4,unsuccessful,valid_feedback,,7493285141810551950,206,3701c51eacc8da4a43acc7def8b9efc78019c15d870b2f7a0f276ba681e765c0,55,04a95813d7014d7950fe157a956d4387a292572957115ac209f07c7805a04adc,0.012279346585273743
persona.high_e_high_n.v2.seed-2001.feedback_only,2001,feedback_only,persona.high_e_high_n.v2,high_e_high_n,v2,complete_five_failures,5,unsuccessful,valid_feedback,,1845676750874802399,55,04a95813d7014d7950fe157a956d4387a292572957115ac209f07c7805a04adc,15,ce5d95544a095d12f3a94473e04ccab55002b524452e073c9d463fb6eb1f422c,0.016256552189588547
persona.high_e_high_n.v2.seed-2001.supportive,2001,supportive,persona.high_e_high_n.v2,high_e_high_n,v2,complete_five_failures,1,unsuccessful,valid_feedback,filler.supportive.1,4469567771656788920,10000,9582c82c0e979ad4740159fd2ec5d74526aeb48ac07bda14b2745a25206ae9f4,3048,8d8a406c2701498bf0a5134fc8d3d2dd3838c787cab23a0c65e571fa2681a630,0.0038595355581492186
persona.high_e_high_n.v2.seed-2001.supportive,2001,supportive,persona.high_e_high_n.v2,high_e_high_n,v2,complete_five_failures,2,unsuccessful,valid_feedback,filler.supportive.2,462000147538888414,3048,8d8a406c2701498bf0a5134fc8d3d2dd3838c787cab23a0c65e571fa2681a630,768,fc8d58a9e3d1f8e19ada2eb0935f356d1fd043e3c6223147b6eb63ab52c33d06,0.016279689967632294
persona.high_e_high_n.v2.seed-2001.supportive,2001,supportive,persona.high_e_high_n.v2,high_e_high_n,v2,complete_five_failures,3,unsuccessful,valid_feedback,filler.supportive.3,7203904594921472573,768,fc8d58a9e3d1f8e19ada2eb0935f356d1fd043e3c6223147b6eb63ab52c33d06,206,3701c51eacc8da4a43acc7def8b9efc78019c15d870b2f7a0f276ba681e765c0,0.01601085625588894
persona.high_e_high_n.v2.seed-2001.supportive,2001,supportive,persona.high_e_high_n.v2,high_e_high_n,v2,complete_five_failures,4,unsuccessful,valid_feedback,filler.supportive.4,7493285141810551950,206,3701c51eacc8da4a43acc7def8b9efc78019c15d870b2f7a0f276ba681e765c0,55,04a95813d7014d7950fe157a956d4387a292572957115ac209f07c7805a04adc,0.0153812812641263
persona.high_e_high_n.v2.seed-2001.supportive,2001,supportive,persona.high_e_high_n.v2,high_e_high_n,v2,complete_five_failures,5,unsuccessful,valid_feedback,filler.supportive.5,1845676750874802399,55,04a95813d7014d7950fe157a956d4387a292572957115ac209f07c7805a04adc,15,ce5d95544a095d12f3a94473e04ccab55002b524452e073c9d463fb6eb1f422c,0.01697724498808384
persona.high_e_high_n.v2.seed-2001.neutral,2001,neutral,persona.high_e_high_n.v2,high_e_high_n,v2,complete_five_failures,1,unsuccessful,valid_feedback,filler.neutral.1,4469567771656788920,10000,9582c82c0e979ad4740159fd2ec5d74526aeb48ac07bda14b2745a25206ae9f4,3048,8d8a406c2701498bf0a5134fc8d3d2dd3838c787cab23a0c65e571fa2681a630,0.004035583231598139
persona.high_e_high_n.v2.seed-2001.neutral,2001,neutral,persona.high_e_high_n.v2,high_e_high_n,v2,complete_five_failures,2,unsuccessful,valid_feedback,filler.neutral.2,462000147538888414,3048,8d8a406c2701498bf0a5134fc8d3d2dd3838c787cab23a0c65e571fa2681a630,768,fc8d58a9e3d1f8e19ada2eb0935f356d1fd043e3c6223147b6eb63ab52c33d06,0.015313518233597279
persona.high_e_high_n.v2.seed-2001.neutral,2001,neutral,persona.high_e_high_n.v2,high_e_high_n,v2,complete_five_failures,3,unsuccessful,valid_feedback,filler.neutral.3,7203904594921472573,768,fc8d58a9e3d1f8e19ada2eb0935f356d1fd043e3c6223147b6eb63ab52c33d06,206,3701c51eacc8da4a43acc7def8b9efc78019c15d870b2f7a0f276ba681e765c0,0.013286221772432327
persona.high_e_high_n.v2.seed-2001.neutral,2001,neutral,persona.high_e_high_n.v2,high_e_high_n,v2,complete_five_failures,4,unsuccessful,valid_feedback,filler.neutral.4,7493285141810551950,206,3701c51eacc8da4a43acc7def8b9efc78019c15d870b2f7a0f276ba681e765c0,55,04a95813d7014d7950fe157a956d4387a292572957115ac209f07c7805a04adc,0.01132014486938715
persona.high_e_high_n.v2.seed-2001.neutral,2001,neutral,persona.high_e_high_n.v2,high_e_high_n,v2,complete_five_failures,5,unsuccessful,valid_feedback,filler.neutral.5,1845676750874802399,55,04a95813d7014d7950fe157a956d4387a292572957115ac209f07c7805a04adc,15,ce5d95544a095d12f3a94473e04ccab55002b524452e073c9d463fb6eb1f422c,0.013857920654118061
persona.high_e_high_n.v2.seed-2002.feedback_only,2002,feedback_only,persona.high_e_high_n.v2,high_e_high_n,v2,complete_five_failures,1,unsuccessful,valid_feedback,,1362916748984622560,10000,9582c82c0e979ad4740159fd2ec5d74526aeb48ac07bda14b2745a25206ae9f4,3048,c276bf3530cc8d3ce2b1ddb7f6cbf168184316c3a9894881b55d5b73f476cc0f,0.008204691112041473
persona.high_e_high_n.v2.seed-2002.feedback_only,2002,feedback_only,persona.high_e_high_n.v2,high_e_high_n,v2,complete_five_failures,2,unsuccessful,valid_feedback,,650953833576476763,3048,c276bf3530cc8d3ce2b1ddb7f6cbf168184316c3a9894881b55d5b73f476cc0f,886,0d3daa2ca8d34575596ff98fbf16fdc66fdcf7a2b2d6aaec69967d78b459ac5a,0.016472898423671722
persona.high_e_high_n.v2.seed-2002.feedback_only,2002,feedback_only,persona.high_e_high_n.v2,high_e_high_n,v2,complete_five_failures,3,invalid,invalid_guess,,2885332770678600905,886,0d3daa2ca8d34575596ff98fbf16fdc66fdcf7a2b2d6aaec69967d78b459ac5a,886,0d3daa2ca8d34575596ff98fbf16fdc66fdcf7a2b2d6aaec69967d78b459ac5a,0.018795819953083992
persona.high_e_high_n.v2.seed-2002.feedback_only,2002,feedback_only,persona.high_e_high_n.v2,high_e_high_n,v2,complete_five_failures,4,unsuccessful,valid_feedback,,3768721403253947093,886,0d3daa2ca8d34575596ff98fbf16fdc66fdcf7a2b2d6aaec69967d78b459ac5a,220,b031badf1c7b454458384239ee7ddba0095ddd30af33aaf382c5c243f0c0deff,0.009350495412945747
persona.high_e_high_n.v2.seed-2002.feedback_only,2002,feedback_only,persona.high_e_high_n.v2,high_e_high_n,v2,complete_five_failures,5,unsuccessful,valid_feedback,,7993377739206102388,220,b031badf1c7b454458384239ee7ddba0095ddd30af33aaf382c5c243f0c0deff,62,b502b312ad24fbedb79ad5b6f04133d76144a7889717dfed8a885ca84c303ed9,0.013239539228379726
persona.high_e_high_n.v2.seed-2002.supportive,2002,supportive,persona.high_e_high_n.v2,high_e_high_n,v2,complete_five_failures,1,unsuccessful,valid_feedback,filler.supportive.1,1362916748984622560,10000,9582c82c0e979ad4740159fd2ec5d74526aeb48ac07bda14b2745a25206ae9f4,3048,c276bf3530cc8d3ce2b1ddb7f6cbf168184316c3a9894881b55d5b73f476cc0f,0.006345517933368683
persona.high_e_high_n.v2.seed-2002.supportive,2002,supportive,persona.high_e_high_n.v2,high_e_high_n,v2,complete_five_failures,2,unsuccessful,valid_feedback,filler.supportive.2,650953833576476763,3048,c276bf3530cc8d3ce2b1ddb7f6cbf168184316c3a9894881b55d5b73f476cc0f,886,0d3daa2ca8d34575596ff98fbf16fdc66fdcf7a2b2d6aaec69967d78b459ac5a,0.01661090739071369
persona.high_e_high_n.v2.seed-2002.supportive,2002,supportive,persona.high_e_high_n.v2,high_e_high_n,v2,complete_five_failures,3,invalid,invalid_guess,filler.supportive.3,2885332770678600905,886,0d3daa2ca8d34575596ff98fbf16fdc66fdcf7a2b2d6aaec69967d78b459ac5a,886,0d3daa2ca8d34575596ff98fbf16fdc66fdcf7a2b2d6aaec69967d78b459ac5a,0.014397059567272663
persona.high_e_high_n.v2.seed-2002.supportive,2002,supportive,persona.high_e_high_n.v2,high_e_high_n,v2,complete_five_failures,4,unsuccessful,valid_feedback,filler.supportive.4,3768721403253947093,886,0d3daa2ca8d34575596ff98fbf16fdc66fdcf7a2b2d6aaec69967d78b459ac5a,239,cff8a270d51840c08248b6ef13bde1397c422a567b01cfd641bfa8b2f7af521c,0.013001455925405025
persona.high_e_high_n.v2.seed-2002.supportive,2002,supportive,persona.high_e_high_n.v2,high_e_high_n,v2,complete_five_failures,5,unsuccessful,valid_feedback,filler.supportive.5,7993377739206102388,239,cff8a270d51840c08248b6ef13bde1397c422a567b01cfd641bfa8b2f7af521c,99,a51f1f20171535ce91cf6e07622fd22a398d26effb0f93daadff2c05af3f2ffe,0.016640787944197655
persona.high_e_high_n.v2.seed-2002.neutral,2002,neutral,persona.high_e_high_n.v2,high_e_high_n,v2,complete_five_failures,1,unsuccessful,valid_feedback,filler.neutral.1,1362916748984622560,10000,9582c82c0e979ad4740159fd2ec5d74526aeb48ac07bda14b2745a25206ae9f4,3048,c276bf3530cc8d3ce2b1ddb7f6cbf168184316c3a9894881b55d5b73f476cc0f,0.005814133211970329
persona.high_e_high_n.v2.seed-2002.neutral,2002,neutral,persona.high_e_high_n.v2,high_e_high_n,v2,complete_five_failures,2,unsuccessful,valid_feedback,filler.neutral.2,650953833576476763,3048,c276bf3530cc8d3ce2b1ddb7f6cbf168184316c3a9894881b55d5b73f476cc0f,886,0d3daa2ca8d34575596ff98fbf16fdc66fdcf7a2b2d6aaec69967d78b459ac5a,0.01581030897796154
persona.high_e_high_n.v2.seed-2002.neutral,2002,neutral,persona.high_e_high_n.v2,high_e_high_n,v2,complete_five_failures,3,invalid,invalid_guess,filler.neutral.3,2885332770678600905,886,0d3daa2ca8d34575596ff98fbf16fdc66fdcf7a2b2d6aaec69967d78b459ac5a,886,0d3daa2ca8d34575596ff98fbf16fdc66fdcf7a2b2d6aaec69967d78b459ac5a,0.00819562841206789
persona.high_e_high_n.v2.seed-2002.neutral,2002,neutral,persona.high_e_high_n.v2,high_e_high_n,v2,complete_five_failures,4,unsuccessful,valid_feedback,filler.neutral.4,3768721403253947093,886,0d3daa2ca8d34575596ff98fbf16fdc66fdcf7a2b2d6aaec69967d78b459ac5a,239,cff8a270d51840c08248b6ef13bde1397c422a567b01cfd641bfa8b2f7af521c,0.007998043671250343
persona.high_e_high_n.v2.seed-2002.neutral,2002,neutral,persona.high_e_high_n.v2,high_e_high_n,v2,complete_five_failures,5,unsuccessful,valid_feedback,filler.neutral.5,7993377739206102388,239,cff8a270d51840c08248b6ef13bde1397c422a567b01cfd641bfa8b2f7af521c,86,dcd48a937783d3bcce96dce35bf00f78d8bce6a4cbdc63193bb9a4bef974927b,0.013764218427240849
persona.high_e_high_n.v2.seed-2003.feedback_only,2003,feedback_only,persona.high_e_high_n.v2,high_e_high_n,v2,complete_five_failures,1,unsuccessful,valid_feedback,,8452511391424371538,10000,9582c82c0e979ad4740159fd2ec5d74526aeb48ac07bda14b2745a25206ae9f4,6561,53a14051f308be8c745906018a762ceb477324e2fdfef98aa3ddc1cd72bc1dbf,0.00617103511467576
persona.high_e_high_n.v2.seed-2003.feedback_only,2003,feedback_only,persona.high_e_high_n.v2,high_e_high_n,v2,complete_five_failures,2,unsuccessful,valid_feedback,,2185802378076996070,6561,53a14051f308be8c745906018a762ceb477324e2fdfef98aa3ddc1cd72bc1dbf,4096,376496ebbc388d8377fe7808c992e94a578bc62ac25dfbf6252690822d1450d6,0.013893545605242252
persona.high_e_high_n.v2.seed-2003.feedback_only,2003,feedback_only,persona.high_e_high_n.v2,high_e_high_n,v2,complete_five_failures,3,unsuccessful,valid_feedback,,4546495009630349109,4096,376496ebbc388d8377fe7808c992e94a578bc62ac25dfbf6252690822d1450d6,4096,376496ebbc388d8377fe7808c992e94a578bc62ac25dfbf6252690822d1450d6,0.014270426705479622
persona.high_e_high_n.v2.seed-2003.feedback_only,2003,feedback_only,persona.high_e_high_n.v2,high_e_high_n,v2,complete_five_failures,4,unsuccessful,valid_feedback,,5827469766280291389,4096,376496ebbc388d8377fe7808c992e94a578bc62ac25dfbf6252690822d1450d6,4096,376496ebbc388d8377fe7808c992e94a578bc62ac25dfbf6252690822d1450d6,0.01637124828994274
persona.high_e_high_n.v2.seed-2003.feedback_only,2003,feedback_only,persona.high_e_high_n.v2,high_e_high_n,v2,complete_five_failures,5,unsuccessful,valid_feedback,,9189069359561447070,4096,376496ebbc388d8377fe7808c992e94a578bc62ac25dfbf6252690822d1450d6,4096,376496ebbc388d8377fe7808c992e94a578bc62ac25dfbf6252690822d1450d6,0.020513270050287247
persona.high_e_high_n.v2.seed-2003.supportive,2003,supportive,persona.high_e_high_n.v2,high_e_high_n,v2,complete_five_failures,1,unsuccessful,valid_feedback,filler.supportive.1,8452511391424371538,10000,9582c82c0e979ad4740159fd2ec5d74526aeb48ac07bda14b2745a25206ae9f4,6561,53a14051f308be8c745906018a762ceb477324e2fdfef98aa3ddc1cd72bc1dbf,0.0019983872771263123
persona.high_e_high_n.v2.seed-2003.supportive,2003,supportive,persona.high_e_high_n.v2,high_e_high_n,v2,complete_five_failures,2,unsuccessful,valid_feedback,filler.supportive.2,2185802378076996070,6561,53a14051f308be8c745906018a762ceb477324e2fdfef98aa3ddc1cd72bc1dbf,4096,376496ebbc388d8377fe7808c992e94a578bc62ac25dfbf6252690822d1450d6,0.016100773587822914
persona.high_e_high_n.v2.seed-2003.supportive,2003,supportive,persona.high_e_high_n.v2,high_e_high_n,v2,complete_five_failures,3,unsuccessful,valid_feedback,filler.supportive.3,4546495009630349109,4096,376496ebbc388d8377fe7808c992e94a578bc62ac25dfbf6252690822d1450d6,4096,376496ebbc388d8377fe7808c992e94a578bc62ac25dfbf6252690822d1450d6,0.015068789012730122
persona.high_e_high_n.v2.seed-2003.supportive,2003,supportive,persona.high_e_high_n.v2,high_e_high_n,v2,complete_five_failures,4,unsuccessful,valid_feedback,filler.supportive.4,5827469766280291389,4096,376496ebbc388d8377fe7808c992e94a578bc62ac25dfbf6252690822d1450d6,4096,376496ebbc388d8377fe7808c992e94a578bc62ac25dfbf6252690822d1450d6,0.019691014662384987
persona.high_e_high_n.v2.seed-2003.supportive,2003,supportive,persona.high_e_high_n.v2,high_e_high_n,v2,complete_five_failures,5,unsuccessful,valid_feedback,filler.supportive.5,9189069359561447070,4096,376496ebbc388d8377fe7808c992e94a578bc62ac25dfbf6252690822d1450d6,4096,376496ebbc388d8377fe7808c992e94a578bc62ac25dfbf6252690822d1450d6,0.017847884446382523
persona.high_e_high_n.v2.seed-2003.neutral,2003,neutral,persona.high_e_high_n.v2,high_e_high_n,v2,complete_five_failures,1,unsuccessful,valid_feedback,filler.neutral.1,8452511391424371538,10000,9582c82c0e979ad4740159fd2ec5d74526aeb48ac07bda14b2745a25206ae9f4,6561,53a14051f308be8c745906018a762ceb477324e2fdfef98aa3ddc1cd72bc1dbf,0.002424903679639101
persona.high_e_high_n.v2.seed-2003.neutral,2003,neutral,persona.high_e_high_n.v2,high_e_high_n,v2,complete_five_failures,2,unsuccessful,valid_feedback,filler.neutral.2,2185802378076996070,6561,53a14051f308be8c745906018a762ceb477324e2fdfef98aa3ddc1cd72bc1dbf,4096,376496ebbc388d8377fe7808c992e94a578bc62ac25dfbf6252690822d1450d6,0.014653104357421398
persona.high_e_high_n.v2.seed-2003.neutral,2003,neutral,persona.high_e_high_n.v2,high_e_high_n,v2,complete_five_failures,3,unsuccessful,valid_feedback,filler.neutral.3,4546495009630349109,4096,376496ebbc388d8377fe7808c992e94a578bc62ac25dfbf6252690822d1450d6,4096,376496ebbc388d8377fe7808c992e94a578bc62ac25dfbf6252690822d1450d6,0.012890798971056938
persona.high_e_high_n.v2.seed-2003.neutral,2003,neutral,persona.high_e_high_n.v2,high_e_high_n,v2,complete_five_failures,4,unsuccessful,valid_feedback,filler.neutral.4,5827469766280291389,4096,376496ebbc388d8377fe7808c992e94a578bc62ac25dfbf6252690822d1450d6,4096,376496ebbc388d8377fe7808c992e94a578bc62ac25dfbf6252690822d1450d6,0.013536222279071808
persona.high_e_high_n.v2.seed-2003.neutral,2003,neutral,persona.high_e_high_n.v2,high_e_high_n,v2,complete_five_failures,5,unsuccessful,valid_feedback,filler.neutral.5,9189069359561447070,4096,376496ebbc388d8377fe7808c992e94a578bc62ac25dfbf6252690822d1450d6,4096,376496ebbc388d8377fe7808c992e94a578bc62ac25dfbf6252690822d1450d6,0.01410805992782116
persona.high_e_high_n.v2.seed-2004.feedback_only,2004,feedback_only,persona.high_e_high_n.v2,high_e_high_n,v2,complete_five_failures,1,unsuccessful,valid_feedback,,3012682462339476124,10000,9582c82c0e979ad4740159fd2ec5d74526aeb48ac07bda14b2745a25206ae9f4,6561,53a14051f308be8c745906018a762ceb477324e2fdfef98aa3ddc1cd72bc1dbf,0.00617103511467576
persona.high_e_high_n.v2.seed-2004.feedback_only,2004,feedback_only,persona.high_e_high_n.v2,high_e_high_n,v2,complete_five_failures,2,unsuccessful,valid_feedback,,5539227853087561902,6561,53a14051f308be8c745906018a762ceb477324e2fdfef98aa3ddc1cd72bc1dbf,1820,ab963e3ac5c47a412aa8e77e52f2aebf2c350c67899c4acae4511a5e0eb024e6,0.011937938630580902
persona.high_e_high_n.v2.seed-2004.feedback_only,2004,feedback_only,persona.high_e_high_n.v2,high_e_high_n,v2,complete_five_failures,3,unsuccessful,valid_feedback,,9087570836507131457,1820,ab963e3ac5c47a412aa8e77e52f2aebf2c350c67899c4acae4511a5e0eb024e6,588,8700a3bcaa3be0b6d6d88102648e2e896709b87e73bc3b226c676a53c735b7aa,0.01667589321732521
persona.high_e_high_n.v2.seed-2004.feedback_only,2004,feedback_only,persona.high_e_high_n.v2,high_e_high_n,v2,complete_five_failures,4,unsuccessful,valid_feedback,,4770636941596934890,588,8700a3bcaa3be0b6d6d88102648e2e896709b87e73bc3b226c676a53c735b7aa,184,cb198093726eef3fc3e7114005fe6d3fcfc94f89aa68ca88f644f07878fb6efb,0.02060100995004177
persona.high_e_high_n.v2.seed-2004.feedback_only,2004,feedback_only,persona.high_e_high_n.v2,high_e_high_n,v2,complete_five_failures,5,unsuccessful,valid_feedback,,879249873976900214,184,cb198093726eef3fc3e7114005fe6d3fcfc94f89aa68ca88f644f07878fb6efb,63,f5615a652174268c6d89bcdffbb8a46dc5825ddf29135ada17dc66ea2dbefec9,0.020710600540041924
persona.high_e_high_n.v2.seed-2004.supportive,2004,supportive,persona.high_e_high_n.v2,high_e_high_n,v2,complete_five_failures,1,unsuccessful,valid_feedback,filler.supportive.1,3012682462339476124,10000,9582c82c0e979ad4740159fd2ec5d74526aeb48ac07bda14b2745a25206ae9f4,6561,53a14051f308be8c745906018a762ceb477324e2fdfef98aa3ddc1cd72bc1dbf,0.0019983872771263123
persona.high_e_high_n.v2.seed-2004.supportive,2004,supportive,persona.high_e_high_n.v2,high_e_high_n,v2,complete_five_failures,2,unsuccessful,valid_feedback,filler.supportive.2,5539227853087561902,6561,53a14051f308be8c745906018a762ceb477324e2fdfef98aa3ddc1cd72bc1dbf,1820,ab963e3ac5c47a412aa8e77e52f2aebf2c350c67899c4acae4511a5e0eb024e6,0.01444017793983221
persona.high_e_high_n.v2.seed-2004.supportive,2004,supportive,persona.high_e_high_n.v2,high_e_high_n,v2,complete_five_failures,3,unsuccessful,valid_feedback,filler.supportive.3,9087570836507131457,1820,ab963e3ac5c47a412aa8e77e52f2aebf2c350c67899c4acae4511a5e0eb024e6,588,8700a3bcaa3be0b6d6d88102648e2e896709b87e73bc3b226c676a53c735b7aa,0.016886021941900253
persona.high_e_high_n.v2.seed-2004.supportive,2004,supportive,persona.high_e_high_n.v2,high_e_high_n,v2,complete_five_failures,4,unsuccessful,valid_feedback,filler.supportive.4,4770636941596934890,588,8700a3bcaa3be0b6d6d88102648e2e896709b87e73bc3b226c676a53c735b7aa,184,cb198093726eef3fc3e7114005fe6d3fcfc94f89aa68ca88f644f07878fb6efb,0.01935669779777527
persona.high_e_high_n.v2.seed-2004.supportive,2004,supportive,persona.high_e_high_n.v2,high_e_high_n,v2,complete_five_failures,5,unsuccessful,valid_feedback,filler.supportive.5,879249873976900214,184,cb198093726eef3fc3e7114005fe6d3fcfc94f89aa68ca88f644f07878fb6efb,63,f5615a652174268c6d89bcdffbb8a46dc5825ddf29135ada17dc66ea2dbefec9,0.0195059385150671
persona.high_e_high_n.v2.seed-2004.neutral,2004,neutral,persona.high_e_high_n.v2,high_e_high_n,v2,complete_five_failures,1,unsuccessful,valid_feedback,filler.neutral.1,3012682462339476124,10000,9582c82c0e979ad4740159fd2ec5d74526aeb48ac07bda14b2745a25206ae9f4,6561,53a14051f308be8c745906018a762ceb477324e2fdfef98aa3ddc1cd72bc1dbf,0.002424903679639101
persona.high_e_high_n.v2.seed-2004.neutral,2004,neutral,persona.high_e_high_n.v2,high_e_high_n,v2,complete_five_failures,2,unsuccessful,valid_feedback,filler.neutral.2,5539227853087561902,6561,53a14051f308be8c745906018a762ceb477324e2fdfef98aa3ddc1cd72bc1dbf,1820,ab963e3ac5c47a412aa8e77e52f2aebf2c350c67899c4acae4511a5e0eb024e6,0.012129537761211395
persona.high_e_high_n.v2.seed-2004.neutral,2004,neutral,persona.high_e_high_n.v2,high_e_high_n,v2,complete_five_failures,3,unsuccessful,valid_feedback,filler.neutral.3,9087570836507131457,1820,ab963e3ac5c47a412aa8e77e52f2aebf2c350c67899c4acae4511a5e0eb024e6,588,8700a3bcaa3be0b6d6d88102648e2e896709b87e73bc3b226c676a53c735b7aa,0.014342904090881348
persona.high_e_high_n.v2.seed-2004.neutral,2004,neutral,persona.high_e_high_n.v2,high_e_high_n,v2,complete_five_failures,4,unsuccessful,valid_feedback,filler.neutral.4,4770636941596934890,588,8700a3bcaa3be0b6d6d88102648e2e896709b87e73bc3b226c676a53c735b7aa,184,cb198093726eef3fc3e7114005fe6d3fcfc94f89aa68ca88f644f07878fb6efb,0.013824556022882462
persona.high_e_high_n.v2.seed-2004.neutral,2004,neutral,persona.high_e_high_n.v2,high_e_high_n,v2,complete_five_failures,5,unsuccessful,valid_feedback,filler.neutral.5,879249873976900214,184,cb198093726eef3fc3e7114005fe6d3fcfc94f89aa68ca88f644f07878fb6efb,63,f5615a652174268c6d89bcdffbb8a46dc5825ddf29135ada17dc66ea2dbefec9,0.01601749286055565
persona.high_e_high_n.v2.seed-2005.feedback_only,2005,feedback_only,persona.high_e_high_n.v2,high_e_high_n,v2,complete_five_failures,1,unsuccessful,valid_feedback,,8146282925072561755,10000,9582c82c0e979ad4740159fd2ec5d74526aeb48ac07bda14b2745a25206ae9f4,3048,8d8a406c2701498bf0a5134fc8d3d2dd3838c787cab23a0c65e571fa2681a630,0.00695993285626173
persona.high_e_high_n.v2.seed-2005.feedback_only,2005,feedback_only,persona.high_e_high_n.v2,high_e_high_n,v2,complete_five_failures,2,unsuccessful,valid_feedback,,7270573099286778731,3048,8d8a406c2701498bf0a5134fc8d3d2dd3838c787cab23a0c65e571fa2681a630,768,fc8d58a9e3d1f8e19ada2eb0935f356d1fd043e3c6223147b6eb63ab52c33d06,0.015247903764247894
persona.high_e_high_n.v2.seed-2005.feedback_only,2005,feedback_only,persona.high_e_high_n.v2,high_e_high_n,v2,complete_five_failures,3,unsuccessful,valid_feedback,,320833271567228942,768,fc8d58a9e3d1f8e19ada2eb0935f356d1fd043e3c6223147b6eb63ab52c33d06,184,bb21685db6fbb818e3af6f4c5457db0c37e606a39470f45697f58b6b63d9526f,0.015135031193494797
persona.high_e_high_n.v2.seed-2005.feedback_only,2005,feedback_only,persona.high_e_high_n.v2,high_e_high_n,v2,complete_five_failures,4,unsuccessful,valid_feedback,,1081455331307413947,184,bb21685db6fbb818e3af6f4c5457db0c37e606a39470f45697f58b6b63d9526f,52,8727d9ce5fc0fc52767e37f5a5888530542b8cfb1a8cd4921fbcebfe35c06ec9,0.010320793837308884
persona.high_e_high_n.v2.seed-2005.feedback_only,2005,feedback_only,persona.high_e_high_n.v2,high_e_high_n,v2,complete_five_failures,5,unsuccessful,valid_feedback,,5451539660838294209,52,8727d9ce5fc0fc52767e37f5a5888530542b8cfb1a8cd4921fbcebfe35c06ec9,14,b095fd74ddff9807c5b218bb54089369c9a8234da040fb89bc7b476d47ae2067,0.0016570573206990957
persona.high_e_high_n.v2.seed-2005.supportive,2005,supportive,persona.high_e_high_n.v2,high_e_high_n,v2,complete_five_failures,1,unsuccessful,valid_feedback,filler.supportive.1,8146282925072561755,10000,9582c82c0e979ad4740159fd2ec5d74526aeb48ac07bda14b2745a25206ae9f4,3048,8d8a406c2701498bf0a5134fc8d3d2dd3838c787cab23a0c65e571fa2681a630,0.0047380803152918816
persona.high_e_high_n.v2.seed-2005.supportive,2005,supportive,persona.high_e_high_n.v2,high_e_high_n,v2,complete_five_failures,2,unsuccessful,valid_feedback,filler.supportive.2,7270573099286778731,3048,8d8a406c2701498bf0a5134fc8d3d2dd3838c787cab23a0c65e571fa2681a630,768,fc8d58a9e3d1f8e19ada2eb0935f356d1fd043e3c6223147b6eb63ab52c33d06,0.01972467638552189
persona.high_e_high_n.v2.seed-2005.supportive,2005,supportive,persona.high_e_high_n.v2,high_e_high_n,v2,complete_five_failures,3,unsuccessful,valid_feedback,filler.supportive.3,320833271567228942,768,fc8d58a9e3d1f8e19ada2eb0935f356d1fd043e3c6223147b6eb63ab52c33d06,190,35049178f6b4f7103224259f9c9baff8546af3ff8ac7de6c3814cb9b2c8a38ef,0.016154369339346886
persona.high_e_high_n.v2.seed-2005.supportive,2005,supportive,persona.high_e_high_n.v2,high_e_high_n,v2,complete_five_failures,4,unsuccessful,valid_feedback,filler.supportive.4,1081455331307413947,190,35049178f6b4f7103224259f9c9baff8546af3ff8ac7de6c3814cb9b2c8a38ef,51,7f6792ea80549f3fe04e97f7dcf6ec11eee7817a080ac7fed3b10acf9289c34c,0.009217893704771996
persona.high_e_high_n.v2.seed-2005.supportive,2005,supportive,persona.high_e_high_n.v2,high_e_high_n,v2,complete_five_failures,5,unsuccessful,valid_feedback,filler.supportive.5,5451539660838294209,51,7f6792ea80549f3fe04e97f7dcf6ec11eee7817a080ac7fed3b10acf9289c34c,25,ece30cf22d281aa2d29dbd5b632ea660c98aac1c9754a6467a2c6815b58b52cd,0.013403479941189289
persona.high_e_high_n.v2.seed-2005.neutral,2005,neutral,persona.high_e_high_n.v2,high_e_high_n,v2,complete_five_failures,1,unsuccessful,valid_feedback,filler.neutral.1,8146282925072561755,10000,9582c82c0e979ad4740159fd2ec5d74526aeb48ac07bda14b2745a25206ae9f4,3048,8d8a406c2701498bf0a5134fc8d3d2dd3838c787cab23a0c65e571fa2681a630,0.004607470706105232
persona.high_e_high_n.v2.seed-2005.neutral,2005,neutral,persona.high_e_high_n.v2,high_e_high_n,v2,complete_five_failures,2,unsuccessful,valid_feedback,filler.neutral.2,7270573099286778731,3048,8d8a406c2701498bf0a5134fc8d3d2dd3838c787cab23a0c65e571fa2681a630,768,fc8d58a9e3d1f8e19ada2eb0935f356d1fd043e3c6223147b6eb63ab52c33d06,0.015674490481615067
persona.high_e_high_n.v2.seed-2005.neutral,2005,neutral,persona.high_e_high_n.v2,high_e_high_n,v2,complete_five_failures,3,unsuccessful,valid_feedback,filler.neutral.3,320833271567228942,768,fc8d58a9e3d1f8e19ada2eb0935f356d1fd043e3c6223147b6eb63ab52c33d06,190,35049178f6b4f7103224259f9c9baff8546af3ff8ac7de6c3814cb9b2c8a38ef,0.013426009565591812
persona.high_e_high_n.v2.seed-2005.neutral,2005,neutral,persona.high_e_high_n.v2,high_e_high_n,v2,complete_five_failures,4,unsuccessful,valid_feedback,filler.neutral.4,1081455331307413947,190,35049178f6b4f7103224259f9c9baff8546af3ff8ac7de6c3814cb9b2c8a38ef,51,7f6792ea80549f3fe04e97f7dcf6ec11eee7817a080ac7fed3b10acf9289c34c,0.007184778805822134
persona.high_e_high_n.v2.seed-2005.neutral,2005,neutral,persona.high_e_high_n.v2,high_e_high_n,v2,complete_five_failures,5,unsuccessful,valid_feedback,filler.neutral.5,5451539660838294209,51,7f6792ea80549f3fe04e97f7dcf6ec11eee7817a080ac7fed3b10acf9289c34c,25,ece30cf22d281aa2d29dbd5b632ea660c98aac1c9754a6467a2c6815b58b52cd,0.010237445123493671
persona.high_e_high_n.v2.seed-2006.feedback_only,2006,feedback_only,persona.high_e_high_n.v2,high_e_high_n,v2,complete_five_failures,1,unsuccessful,valid_feedback,,20746705984210227,10000,9582c82c0e979ad4740159fd2ec5d74526aeb48ac07bda14b2745a25206ae9f4,3048,8d8a406c2701498bf0a5134fc8d3d2dd3838c787cab23a0c65e571fa2681a630,0.0056761084124445915
persona.high_e_high_n.v2.seed-2006.feedback_only,2006,feedback_only,persona.high_e_high_n.v2,high_e_high_n,v2,complete_five_failures,2,unsuccessful,valid_feedback,,7186787635236517948,3048,8d8a406c2701498bf0a5134fc8d3d2dd3838c787cab23a0c65e571fa2681a630,768,fc8d58a9e3d1f8e19ada2eb0935f356d1fd043e3c6223147b6eb63ab52c33d06,0.015828218311071396
persona.high_e_high_n.v2.seed-2006.feedback_only,2006,feedback_only,persona.high_e_high_n.v2,high_e_high_n,v2,complete_five_failures,3,unsuccessful,valid_feedback,,2633872377281840482,768,fc8d58a9e3d1f8e19ada2eb0935f356d1fd043e3c6223147b6eb63ab52c33d06,206,3701c51eacc8da4a43acc7def8b9efc78019c15d870b2f7a0f276ba681e765c0,0.015155420638620853
persona.high_e_high_n.v2.seed-2006.feedback_only,2006,feedback_only,persona.high_e_high_n.v2,high_e_high_n,v2,complete_five_failures,4,unsuccessful,valid_feedback,,7338954399356967658,206,3701c51eacc8da4a43acc7def8b9efc78019c15d870b2f7a0f276ba681e765c0,55,04a95813d7014d7950fe157a956d4387a292572957115ac209f07c7805a04adc,0.012279346585273743
persona.high_e_high_n.v2.seed-2006.feedback_only,2006,feedback_only,persona.high_e_high_n.v2,high_e_high_n,v2,complete_five_failures,5,unsuccessful,valid_feedback,,9132968224681273883,55,04a95813d7014d7950fe157a956d4387a292572957115ac209f07c7805a04adc,15,ce5d95544a095d12f3a94473e04ccab55002b524452e073c9d463fb6eb1f422c,0.016256552189588547
persona.high_e_high_n.v2.seed-2006.supportive,2006,supportive,persona.high_e_high_n.v2,high_e_high_n,v2,complete_five_failures,1,unsuccessful,valid_feedback,filler.supportive.1,20746705984210227,10000,9582c82c0e979ad4740159fd2ec5d74526aeb48ac07bda14b2745a25206ae9f4,3048,8d8a406c2701498bf0a5134fc8d3d2dd3838c787cab23a0c65e571fa2681a630,0.0038595355581492186
persona.high_e_high_n.v2.seed-2006.supportive,2006,supportive,persona.high_e_high_n.v2,high_e_high_n,v2,complete_five_failures,2,unsuccessful,valid_feedback,filler.supportive.2,7186787635236517948,3048,8d8a406c2701498bf0a5134fc8d3d2dd3838c787cab23a0c65e571fa2681a630,768,fc8d58a9e3d1f8e19ada2eb0935f356d1fd043e3c6223147b6eb63ab52c33d06,0.016279689967632294
persona.high_e_high_n.v2.seed-2006.supportive,2006,supportive,persona.high_e_high_n.v2,high_e_high_n,v2,complete_five_failures,3,unsuccessful,valid_feedback,filler.supportive.3,2633872377281840482,768,fc8d58a9e3d1f8e19ada2eb0935f356d1fd043e3c6223147b6eb63ab52c33d06,206,3701c51eacc8da4a43acc7def8b9efc78019c15d870b2f7a0f276ba681e765c0,0.01601085625588894
persona.high_e_high_n.v2.seed-2006.supportive,2006,supportive,persona.high_e_high_n.v2,high_e_high_n,v2,complete_five_failures,4,unsuccessful,valid_feedback,filler.supportive.4,7338954399356967658,206,3701c51eacc8da4a43acc7def8b9efc78019c15d870b2f7a0f276ba681e765c0,55,04a95813d7014d7950fe157a956d4387a292572957115ac209f07c7805a04adc,0.0153812812641263
persona.high_e_high_n.v2.seed-2006.supportive,2006,supportive,persona.high_e_high_n.v2,high_e_high_n,v2,complete_five_failures,5,unsuccessful,valid_feedback,filler.supportive.5,9132968224681273883,55,04a95813d7014d7950fe157a956d4387a292572957115ac209f07c7805a04adc,15,ce5d95544a095d12f3a94473e04ccab55002b524452e073c9d463fb6eb1f422c,0.01697724498808384
persona.high_e_high_n.v2.seed-2006.neutral,2006,neutral,persona.high_e_high_n.v2,high_e_high_n,v2,complete_five_failures,1,unsuccessful,valid_feedback,filler.neutral.1,20746705984210227,10000,9582c82c0e979ad4740159fd2ec5d74526aeb48ac07bda14b2745a25206ae9f4,3048,8d8a406c2701498bf0a5134fc8d3d2dd3838c787cab23a0c65e571fa2681a630,0.004035583231598139
persona.high_e_high_n.v2.seed-2006.neutral,2006,neutral,persona.high_e_high_n.v2,high_e_high_n,v2,complete_five_failures,2,unsuccessful,valid_feedback,filler.neutral.2,7186787635236517948,3048,8d8a406c2701498bf0a5134fc8d3d2dd3838c787cab23a0c65e571fa2681a630,768,fc8d58a9e3d1f8e19ada2eb0935f356d1fd043e3c6223147b6eb63ab52c33d06,0.015313518233597279
persona.high_e_high_n.v2.seed-2006.neutral,2006,neutral,persona.high_e_high_n.v2,high_e_high_n,v2,complete_five_failures,3,unsuccessful,valid_feedback,filler.neutral.3,2633872377281840482,768,fc8d58a9e3d1f8e19ada2eb0935f356d1fd043e3c6223147b6eb63ab52c33d06,206,3701c51eacc8da4a43acc7def8b9efc78019c15d870b2f7a0f276ba681e765c0,0.013286221772432327
persona.high_e_high_n.v2.seed-2006.neutral,2006,neutral,persona.high_e_high_n.v2,high_e_high_n,v2,complete_five_failures,4,unsuccessful,valid_feedback,filler.neutral.4,7338954399356967658,206,3701c51eacc8da4a43acc7def8b9efc78019c15d870b2f7a0f276ba681e765c0,55,04a95813d7014d7950fe157a956d4387a292572957115ac209f07c7805a04adc,0.01132014486938715
persona.high_e_high_n.v2.seed-2006.neutral,2006,neutral,persona.high_e_high_n.v2,high_e_high_n,v2,complete_five_failures,5,unsuccessful,valid_feedback,filler.neutral.5,9132968224681273883,55,04a95813d7014d7950fe157a956d4387a292572957115ac209f07c7805a04adc,15,ce5d95544a095d12f3a94473e04ccab55002b524452e073c9d463fb6eb1f422c,0.013857920654118061
persona.high_e_high_n.v2.seed-2007.feedback_only,2007,feedback_only,persona.high_e_high_n.v2,high_e_high_n,v2,complete_five_failures,1,unsuccessful,valid_feedback,,5495818002014909466,10000,9582c82c0e979ad4740159fd2ec5d74526aeb48ac07bda14b2745a25206ae9f4,3048,8d8a406c2701498bf0a5134fc8d3d2dd3838c787cab23a0c65e571fa2681a630,0.0056761084124445915
persona.high_e_high_n.v2.seed-2007.feedback_only,2007,feedback_only,persona.high_e_high_n.v2,high_e_high_n,v2,complete_five_failures,2,unsuccessful,valid_feedback,,7092970346930268185,3048,8d8a406c2701498bf0a5134fc8d3d2dd3838c787cab23a0c65e571fa2681a630,768,fc8d58a9e3d1f8e19ada2eb0935f356d1fd043e3c6223147b6eb63ab52c33d06,0.015828218311071396
persona.high_e_high_n.v2.seed-2007.feedback_only,2007,feedback_only,persona.high_e_high_n.v2,high_e_high_n,v2,complete_five_failures,3,unsuccessful,valid_feedback,,4413334138324627702,768,fc8d58a9e3d1f8e19ada2eb0935f356d1fd043e3c6223147b6eb63ab52c33d06,206,3701c51eacc8da4a43acc7def8b9efc78019c15d870b2f7a0f276ba681e765c0,0.015155420638620853
persona.high_e_high_n.v2.seed-2007.feedback_only,2007,feedback_only,persona.high_e_high_n.v2,high_e_high_n,v2,complete_five_failures,4,unsuccessful,valid_feedback,,7609396874926615527,206,3701c51eacc8da4a43acc7def8b9efc78019c15d870b2f7a0f276ba681e765c0,55,04a95813d7014d7950fe157a956d4387a292572957115ac209f07c7805a04adc,0.012279346585273743
persona.high_e_high_n.v2.seed-2007.feedback_only,2007,feedback_only,persona.high_e_high_n.v2,high_e_high_n,v2,complete_five_failures,5,unsuccessful,valid_feedback,,1032535146999642755,55,04a95813d7014d7950fe157a956d4387a292572957115ac209f07c7805a04adc,15,ce5d95544a095d12f3a94473e04ccab55002b524452e073c9d463fb6eb1f422c,0.016256552189588547
persona.high_e_high_n.v2.seed-2007.supportive,2007,supportive,persona.high_e_high_n.v2,high_e_high_n,v2,complete_five_failures,1,unsuccessful,valid_feedback,filler.supportive.1,5495818002014909466,10000,9582c82c0e979ad4740159fd2ec5d74526aeb48ac07bda14b2745a25206ae9f4,3048,8d8a406c2701498bf0a5134fc8d3d2dd3838c787cab23a0c65e571fa2681a630,0.0038595355581492186
persona.high_e_high_n.v2.seed-2007.supportive,2007,supportive,persona.high_e_high_n.v2,high_e_high_n,v2,complete_five_failures,2,unsuccessful,valid_feedback,filler.supportive.2,7092970346930268185,3048,8d8a406c2701498bf0a5134fc8d3d2dd3838c787cab23a0c65e571fa2681a630,768,fc8d58a9e3d1f8e19ada2eb0935f356d1fd043e3c6223147b6eb63ab52c33d06,0.016279689967632294
persona.high_e_high_n.v2.seed-2007.supportive,2007,supportive,persona.high_e_high_n.v2,high_e_high_n,v2,complete_five_failures,3,unsuccessful,valid_feedback,filler.supportive.3,4413334138324627702,768,fc8d58a9e3d1f8e19ada2eb0935f356d1fd043e3c6223147b6eb63ab52c33d06,184,bb21685db6fbb818e3af6f4c5457db0c37e606a39470f45697f58b6b63d9526f,0.015081782825291157
persona.high_e_high_n.v2.seed-2007.supportive,2007,supportive,persona.high_e_high_n.v2,high_e_high_n,v2,complete_five_failures,4,unsuccessful,valid_feedback,filler.supportive.4,7609396874926615527,184,bb21685db6fbb818e3af6f4c5457db0c37e606a39470f45697f58b6b63d9526f,52,8727d9ce5fc0fc52767e37f5a5888530542b8cfb1a8cd4921fbcebfe35c06ec9,0.015690909698605537
persona.high_e_high_n.v2.seed-2007.supportive,2007,supportive,persona.high_e_high_n.v2,high_e_high_n,v2,complete_five_failures,5,unsuccessful,valid_feedback,filler.supportive.5,1032535146999642755,52,8727d9ce5fc0fc52767e37f5a5888530542b8cfb1a8cd4921fbcebfe35c06ec9,14,c20fe7ff3ea44b293310f977030bad517d0ae0a26ec375b140ddc7f54e24f9f9,0.01744779944419861
persona.high_e_high_n.v2.seed-2007.neutral,2007,neutral,persona.high_e_high_n.v2,high_e_high_n,v2,complete_five_failures,1,unsuccessful,valid_feedback,filler.neutral.1,5495818002014909466,10000,9582c82c0e979ad4740159fd2ec5d74526aeb48ac07bda14b2745a25206ae9f4,3048,8d8a406c2701498bf0a5134fc8d3d2dd3838c787cab23a0c65e571fa2681a630,0.004035583231598139
persona.high_e_high_n.v2.seed-2007.neutral,2007,neutral,persona.high_e_high_n.v2,high_e_high_n,v2,complete_five_failures,2,unsuccessful,valid_feedback,filler.neutral.2,7092970346930268185,3048,8d8a406c2701498bf0a5134fc8d3d2dd3838c787cab23a0c65e571fa2681a630,768,fc8d58a9e3d1f8e19ada2eb0935f356d1fd043e3c6223147b6eb63ab52c33d06,0.015313518233597279
persona.high_e_high_n.v2.seed-2007.neutral,2007,neutral,persona.high_e_high_n.v2,high_e_high_n,v2,complete_five_failures,3,unsuccessful,valid_feedback,filler.neutral.3,4413334138324627702,768,fc8d58a9e3d1f8e19ada2eb0935f356d1fd043e3c6223147b6eb63ab52c33d06,184,bb21685db6fbb818e3af6f4c5457db0c37e606a39470f45697f58b6b63d9526f,0.0125381238758564
persona.high_e_high_n.v2.seed-2007.neutral,2007,neutral,persona.high_e_high_n.v2,high_e_high_n,v2,complete_five_failures,4,unsuccessful,valid_feedback,filler.neutral.4,7609396874926615527,184,bb21685db6fbb818e3af6f4c5457db0c37e606a39470f45697f58b6b63d9526f,52,8727d9ce5fc0fc52767e37f5a5888530542b8cfb1a8cd4921fbcebfe35c06ec9,0.011042404919862747
persona.high_e_high_n.v2.seed-2007.neutral,2007,neutral,persona.high_e_high_n.v2,high_e_high_n,v2,complete_five_failures,5,unsuccessful,valid_feedback,filler.neutral.5,1032535146999642755,52,8727d9ce5fc0fc52767e37f5a5888530542b8cfb1a8cd4921fbcebfe35c06ec9,14,667ed144f66082f64c9231eb088f118d398b891f4a8c9e9fef02952a87d4d8ab,0.011227967217564583
persona.high_e_high_n.v2.seed-2008.feedback_only,2008,feedback_only,persona.high_e_high_n.v2,high_e_high_n,v2,complete_five_failures,1,unsuccessful,valid_feedback,,8344175065288078558,10000,9582c82c0e979ad4740159fd2ec5d74526aeb48ac07bda14b2745a25206ae9f4,3048,db3e09caf8d9fe544e3300a8fb9e065e8f096165d4da0ef01c77d1914c1a939a,0.007937891408801079
persona.high_e_high_n.v2.seed-2008.feedback_only,2008,feedback_only,persona.high_e_high_n.v2,high_e_high_n,v2,complete_five_failures,2,unsuccessful,valid_feedback,,1764828235997338309,3048,db3e09caf8d9fe544e3300a8fb9e065e8f096165d4da0ef01c77d1914c1a939a,768,d480a83984f7d7a5f0948aedfe353e5507b5c410d01a3fd8ee84dfd54675586f,0.017285766080021858
persona.high_e_high_n.v2.seed-2008.feedback_only,2008,feedback_only,persona.high_e_high_n.v2,high_e_high_n,v2,complete_five_failures,3,unsuccessful,valid_feedback,,1186103364016962603,768,d480a83984f7d7a5f0948aedfe353e5507b5c410d01a3fd8ee84dfd54675586f,194,00f91b14f036a5de859e9bfb7342479d060d7442592d814feaa3311b7aed3e23,0.01907878927886486
persona.high_e_high_n.v2.seed-2008.feedback_only,2008,feedback_only,persona.high_e_high_n.v2,high_e_high_n,v2,complete_five_failures,4,unsuccessful,valid_feedback,,1157719167337881160,194,00f91b14f036a5de859e9bfb7342479d060d7442592d814feaa3311b7aed3e23,50,99b4550ff7b20390981f36fe83715e008dbd08292e361bfe3a7d5edca988d041,0.013913464732468128
persona.high_e_high_n.v2.seed-2008.feedback_only,2008,feedback_only,persona.high_e_high_n.v2,high_e_high_n,v2,complete_five_failures,5,unsuccessful,valid_feedback,,6714476192934985326,50,99b4550ff7b20390981f36fe83715e008dbd08292e361bfe3a7d5edca988d041,15,854615e93b14ca998d6ef10537c0a493080de05051ab1e49dbd221a7bffe5090,0.015995534136891365
persona.high_e_high_n.v2.seed-2008.supportive,2008,supportive,persona.high_e_high_n.v2,high_e_high_n,v2,complete_five_failures,1,unsuccessful,valid_feedback,filler.supportive.1,8344175065288078558,10000,9582c82c0e979ad4740159fd2ec5d74526aeb48ac07bda14b2745a25206ae9f4,3048,db3e09caf8d9fe544e3300a8fb9e065e8f096165d4da0ef01c77d1914c1a939a,0.006062386091798544
persona.high_e_high_n.v2.seed-2008.supportive,2008,supportive,persona.high_e_high_n.v2,high_e_high_n,v2,complete_five_failures,2,unsuccessful,valid_feedback,filler.supportive.2,1764828235997338309,3048,db3e09caf8d9fe544e3300a8fb9e065e8f096165d4da0ef01c77d1914c1a939a,768,d480a83984f7d7a5f0948aedfe353e5507b5c410d01a3fd8ee84dfd54675586f,0.01717383600771427
persona.high_e_high_n.v2.seed-2008.supportive,2008,supportive,persona.high_e_high_n.v2,high_e_high_n,v2,complete_five_failures,3,unsuccessful,valid_feedback,filler.supportive.3,1186103364016962603,768,d480a83984f7d7a5f0948aedfe353e5507b5c410d01a3fd8ee84dfd54675586f,194,00f91b14f036a5de859e9bfb7342479d060d7442592d814feaa3311b7aed3e23,0.01864580065011978
persona.high_e_high_n.v2.seed-2008.supportive,2008,supportive,persona.high_e_high_n.v2,high_e_high_n,v2,complete_five_failures,4,unsuccessful,valid_feedback,filler.supportive.4,1157719167337881160,194,00f91b14f036a5de859e9bfb7342479d060d7442592d814feaa3311b7aed3e23,50,99b4550ff7b20390981f36fe83715e008dbd08292e361bfe3a7d5edca988d041,0.0151857053861022
persona.high_e_high_n.v2.seed-2008.supportive,2008,supportive,persona.high_e_high_n.v2,high_e_high_n,v2,complete_five_failures,5,unsuccessful,valid_feedback,filler.supportive.5,6714476192934985326,50,99b4550ff7b20390981f36fe83715e008dbd08292e361bfe3a7d5edca988d041,27,1b253dbc5dbe43c4bc7205f4a8e872cfb8b93fcced49f5d0cc93433023644eba,0.014555733650922775
persona.high_e_high_n.v2.seed-2008.neutral,2008,neutral,persona.high_e_high_n.v2,high_e_high_n,v2,complete_five_failures,1,unsuccessful,valid_feedback,filler.neutral.1,8344175065288078558,10000,9582c82c0e979ad4740159fd2ec5d74526aeb48ac07bda14b2745a25206ae9f4,3048,db3e09caf8d9fe544e3300a8fb9e065e8f096165d4da0ef01c77d1914c1a939a,0.0047482093796133995
persona.high_e_high_n.v2.seed-2008.neutral,2008,neutral,persona.high_e_high_n.v2,high_e_high_n,v2,complete_five_failures,2,unsuccessful,valid_feedback,filler.neutral.2,1764828235997338309,3048,db3e09caf8d9fe544e3300a8fb9e065e8f096165d4da0ef01c77d1914c1a939a,768,5cd676d20b73535e66fa4484e4849ec299e5aa93baf26611f4a135b1c7c0d7fd,0.015951961278915405
persona.high_e_high_n.v2.seed-2008.neutral,2008,neutral,persona.high_e_high_n.v2,high_e_high_n,v2,complete_five_failures,3,unsuccessful,valid_feedback,filler.neutral.3,1186103364016962603,768,5cd676d20b73535e66fa4484e4849ec299e5aa93baf26611f4a135b1c7c0d7fd,200,da0592db3f94b6e25501e3a03a8dcf83bf0b1602871666a4c23c2df41f308fb3,0.0151030533015728
persona.high_e_high_n.v2.seed-2008.neutral,2008,neutral,persona.high_e_high_n.v2,high_e_high_n,v2,complete_five_failures,4,unsuccessful,valid_feedback,filler.neutral.4,1157719167337881160,200,da0592db3f94b6e25501e3a03a8dcf83bf0b1602871666a4c23c2df41f308fb3,52,fee77fcc685c20e5db1c3ad97c5c6b7588d06090bcccc85134f1d15dc3c41cb7,0.014269987121224403
persona.high_e_high_n.v2.seed-2008.neutral,2008,neutral,persona.high_e_high_n.v2,high_e_high_n,v2,complete_five_failures,5,unsuccessful,valid_feedback,filler.neutral.5,6714476192934985326,52,fee77fcc685c20e5db1c3ad97c5c6b7588d06090bcccc85134f1d15dc3c41cb7,10,341e35e545be038124ff3688f877b2fff59e2c2839cf44f0cc5b196813f2a71c,0.015610802918672562
persona.high_e_high_n.v2.seed-2009.feedback_only,2009,feedback_only,persona.high_e_high_n.v2,high_e_high_n,v2,complete_five_failures,1,unsuccessful,valid_feedback,,1260204083383722554,10000,9582c82c0e979ad4740159fd2ec5d74526aeb48ac07bda14b2745a25206ae9f4,3048,8d8a406c2701498bf0a5134fc8d3d2dd3838c787cab23a0c65e571fa2681a630,0.0056761084124445915
persona.high_e_high_n.v2.seed-2009.feedback_only,2009,feedback_only,persona.high_e_high_n.v2,high_e_high_n,v2,complete_five_failures,2,unsuccessful,valid_feedback,,8078703204154141548,3048,8d8a406c2701498bf0a5134fc8d3d2dd3838c787cab23a0c65e571fa2681a630,768,fc8d58a9e3d1f8e19ada2eb0935f356d1fd043e3c6223147b6eb63ab52c33d06,0.015828218311071396
persona.high_e_high_n.v2.seed-2009.feedback_only,2009,feedback_only,persona.high_e_high_n.v2,high_e_high_n,v2,complete_five_failures,3,unsuccessful,valid_feedback,,4408837213815512884,768,fc8d58a9e3d1f8e19ada2eb0935f356d1fd043e3c6223147b6eb63ab52c33d06,206,3701c51eacc8da4a43acc7def8b9efc78019c15d870b2f7a0f276ba681e765c0,0.015155420638620853
persona.high_e_high_n.v2.seed-2009.feedback_only,2009,feedback_only,persona.high_e_high_n.v2,high_e_high_n,v2,complete_five_failures,4,unsuccessful,valid_feedback,,5665391256835248990,206,3701c51eacc8da4a43acc7def8b9efc78019c15d870b2f7a0f276ba681e765c0,55,04a95813d7014d7950fe157a956d4387a292572957115ac209f07c7805a04adc,0.012279346585273743
persona.high_e_high_n.v2.seed-2009.feedback_only,2009,feedback_only,persona.high_e_high_n.v2,high_e_high_n,v2,complete_five_failures,5,unsuccessful,valid_feedback,,9128014439954229688,55,04a95813d7014d7950fe157a956d4387a292572957115ac209f07c7805a04adc,16,c4381b23c6bfad65ec6363bfce625f0aee93467eaa2c1d60c80ffbff1be04bda,0.011891748756170273
persona.high_e_high_n.v2.seed-2009.supportive,2009,supportive,persona.high_e_high_n.v2,high_e_high_n,v2,complete_five_failures,1,unsuccessful,valid_feedback,filler.supportive.1,1260204083383722554,10000,9582c82c0e979ad4740159fd2ec5d74526aeb48ac07bda14b2745a25206ae9f4,3048,8d8a406c2701498bf0a5134fc8d3d2dd3838c787cab23a0c65e571fa2681a630,0.0038595355581492186
persona.high_e_high_n.v2.seed-2009.supportive,2009,supportive,persona.high_e_high_n.v2,high_e_high_n,v2,complete_five_failures,2,unsuccessful,valid_feedback,filler.supportive.2,8078703204154141548,3048,8d8a406c2701498bf0a5134fc8d3d2dd3838c787cab23a0c65e571fa2681a630,768,fc8d58a9e3d1f8e19ada2eb0935f356d1fd043e3c6223147b6eb63ab52c33d06,0.016279689967632294
persona.high_e_high_n.v2.seed-2009.supportive,2009,supportive,persona.high_e_high_n.v2,high_e_high_n,v2,complete_five_failures,3,unsuccessful,valid_feedback,filler.supportive.3,4408837213815512884,768,fc8d58a9e3d1f8e19ada2eb0935f356d1fd043e3c6223147b6eb63ab52c33d06,184,bb21685db6fbb818e3af6f4c5457db0c37e606a39470f45697f58b6b63d9526f,0.015081782825291157
persona.high_e_high_n.v2.seed-2009.supportive,2009,supportive,persona.high_e_high_n.v2,high_e_high_n,v2,complete_five_failures,4,unsuccessful,valid_feedback,filler.supportive.4,5665391256835248990,184,bb21685db6fbb818e3af6f4c5457db0c37e606a39470f45697f58b6b63d9526f,52,8727d9ce5fc0fc52767e37f5a5888530542b8cfb1a8cd4921fbcebfe35c06ec9,0.015690909698605537
persona.high_e_high_n.v2.seed-2009.supportive,2009,supportive,persona.high_e_high_n.v2,high_e_high_n,v2,complete_five_failures,5,unsuccessful,valid_feedback,filler.supportive.5,9128014439954229688,52,8727d9ce5fc0fc52767e37f5a5888530542b8cfb1a8cd4921fbcebfe35c06ec9,14,667ed144f66082f64c9231eb088f118d398b891f4a8c9e9fef02952a87d4d8ab,0.014512256719172001
persona.high_e_high_n.v2.seed-2009.neutral,2009,neutral,persona.high_e_high_n.v2,high_e_high_n,v2,complete_five_failures,1,unsuccessful,valid_feedback,filler.neutral.1,1260204083383722554,10000,9582c82c0e979ad4740159fd2ec5d74526aeb48ac07bda14b2745a25206ae9f4,3048,8d8a406c2701498bf0a5134fc8d3d2dd3838c787cab23a0c65e571fa2681a630,0.004035583231598139
persona.high_e_high_n.v2.seed-2009.neutral,2009,neutral,persona.high_e_high_n.v2,high_e_high_n,v2,complete_five_failures,2,unsuccessful,valid_feedback,filler.neutral.2,8078703204154141548,3048,8d8a406c2701498bf0a5134fc8d3d2dd3838c787cab23a0c65e571fa2681a630,768,fc8d58a9e3d1f8e19ada2eb0935f356d1fd043e3c6223147b6eb63ab52c33d06,0.015313518233597279
persona.high_e_high_n.v2.seed-2009.neutral,2009,neutral,persona.high_e_high_n.v2,high_e_high_n,v2,complete_five_failures,3,unsuccessful,valid_feedback,filler.neutral.3,4408837213815512884,768,fc8d58a9e3d1f8e19ada2eb0935f356d1fd043e3c6223147b6eb63ab52c33d06,184,bb21685db6fbb818e3af6f4c5457db0c37e606a39470f45697f58b6b63d9526f,0.0125381238758564
persona.high_e_high_n.v2.seed-2009.neutral,2009,neutral,persona.high_e_high_n.v2,high_e_high_n,v2,complete_five_failures,4,unsuccessful,valid_feedback,filler.neutral.4,5665391256835248990,184,bb21685db6fbb818e3af6f4c5457db0c37e606a39470f45697f58b6b63d9526f,52,8727d9ce5fc0fc52767e37f5a5888530542b8cfb1a8cd4921fbcebfe35c06ec9,0.011042404919862747
persona.high_e_high_n.v2.seed-2009.neutral,2009,neutral,persona.high_e_high_n.v2,high_e_high_n,v2,complete_five_failures,5,unsuccessful,valid_feedback,filler.neutral.5,9128014439954229688,52,8727d9ce5fc0fc52767e37f5a5888530542b8cfb1a8cd4921fbcebfe35c06ec9,14,667ed144f66082f64c9231eb088f118d398b891f4a8c9e9fef02952a87d4d8ab,0.011227967217564583
persona.high_e_high_n.v2.seed-2010.feedback_only,2010,feedback_only,persona.high_e_high_n.v2,high_e_high_n,v2,complete_five_failures,1,unsuccessful,valid_feedback,,3469795497683125335,10000,9582c82c0e979ad4740159fd2ec5d74526aeb48ac07bda14b2745a25206ae9f4,3048,8d8a406c2701498bf0a5134fc8d3d2dd3838c787cab23a0c65e571fa2681a630,0.0056761084124445915
persona.high_e_high_n.v2.seed-2010.feedback_only,2010,feedback_only,persona.high_e_high_n.v2,high_e_high_n,v2,complete_five_failures,2,unsuccessful,valid_feedback,,7502407488306205158,3048,8d8a406c2701498bf0a5134fc8d3d2dd3838c787cab23a0c65e571fa2681a630,768,fc8d58a9e3d1f8e19ada2eb0935f356d1fd043e3c6223147b6eb63ab52c33d06,0.015828218311071396
persona.high_e_high_n.v2.seed-2010.feedback_only,2010,feedback_only,persona.high_e_high_n.v2,high_e_high_n,v2,complete_five_failures,3,unsuccessful,valid_feedback,,7505458095384574504,768,fc8d58a9e3d1f8e19ada2eb0935f356d1fd043e3c6223147b6eb63ab52c33d06,206,3701c51eacc8da4a43acc7def8b9efc78019c15d870b2f7a0f276ba681e765c0,0.015155420638620853
persona.high_e_high_n.v2.seed-2010.feedback_only,2010,feedback_only,persona.high_e_high_n.v2,high_e_high_n,v2,complete_five_failures,4,unsuccessful,valid_feedback,,8890796447059342011,206,3701c51eacc8da4a43acc7def8b9efc78019c15d870b2f7a0f276ba681e765c0,55,04a95813d7014d7950fe157a956d4387a292572957115ac209f07c7805a04adc,0.012279346585273743
persona.high_e_high_n.v2.seed-2010.feedback_only,2010,feedback_only,persona.high_e_high_n.v2,high_e_high_n,v2,complete_five_failures,5,unsuccessful,valid_feedback,,2061649511049620242,55,04a95813d7014d7950fe157a956d4387a292572957115ac209f07c7805a04adc,15,ce5d95544a095d12f3a94473e04ccab55002b524452e073c9d463fb6eb1f422c,0.016256552189588547
persona.high_e_high_n.v2.seed-2010.supportive,2010,supportive,persona.high_e_high_n.v2,high_e_high_n,v2,complete_five_failures,1,unsuccessful,valid_feedback,filler.supportive.1,3469795497683125335,10000,9582c82c0e979ad4740159fd2ec5d74526aeb48ac07bda14b2745a25206ae9f4,3048,8d8a406c2701498bf0a5134fc8d3d2dd3838c787cab23a0c65e571fa2681a630,0.0038595355581492186
persona.high_e_high_n.v2.seed-2010.supportive,2010,supportive,persona.high_e_high_n.v2,high_e_high_n,v2,complete_five_failures,2,unsuccessful,valid_feedback,filler.supportive.2,7502407488306205158,3048,8d8a406c2701498bf0a5134fc8d3d2dd3838c787cab23a0c65e571fa2681a630,768,fc8d58a9e3d1f8e19ada2eb0935f356d1fd043e3c6223147b6eb63ab52c33d06,0.016279689967632294
persona.high_e_high_n.v2.seed-2010.supportive,2010,supportive,persona.high_e_high_n.v2,high_e_high_n,v2,complete_five_failures,3,unsuccessful,valid_feedback,filler.supportive.3,7505458095384574504,768,fc8d58a9e3d1f8e19ada2eb0935f356d1fd043e3c6223147b6eb63ab52c33d06,184,bb21685db6fbb818e3af6f4c5457db0c37e606a39470f45697f58b6b63d9526f,0.015081782825291157
persona.high_e_high_n.v2.seed-2010.supportive,2010,supportive,persona.high_e_high_n.v2,high_e_high_n,v2,complete_five_failures,4,unsuccessful,valid_feedback,filler.supportive.4,8890796447059342011,184,bb21685db6fbb818e3af6f4c5457db0c37e606a39470f45697f58b6b63d9526f,46,e3f05775af2f3fb2465dd21b0bc5a6dac6415b64618aaa49d98df1e0774df3ca,0.015536585822701454
persona.high_e_high_n.v2.seed-2010.supportive,2010,supportive,persona.high_e_high_n.v2,high_e_high_n,v2,complete_five_failures,5,unsuccessful,valid_feedback,filler.supportive.5,2061649511049620242,46,e3f05775af2f3fb2465dd21b0bc5a6dac6415b64618aaa49d98df1e0774df3ca,20,5473296ada55e06d05e3fbf1d02ee3422f49af3eb73f4747257f653189e475b1,0.010193857364356518
persona.high_e_high_n.v2.seed-2010.neutral,2010,neutral,persona.high_e_high_n.v2,high_e_high_n,v2,complete_five_failures,1,unsuccessful,valid_feedback,filler.neutral.1,3469795497683125335,10000,9582c82c0e979ad4740159fd2ec5d74526aeb48ac07bda14b2745a25206ae9f4,3048,8d8a406c2701498bf0a5134fc8d3d2dd3838c787cab23a0c65e571fa2681a630,0.004035583231598139
persona.high_e_high_n.v2.seed-2010.neutral,2010,neutral,persona.high_e_high_n.v2,high_e_high_n,v2,complete_five_failures,2,unsuccessful,valid_feedback,filler.neutral.2,7502407488306205158,3048,8d8a406c2701498bf0a5134fc8d3d2dd3838c787cab23a0c65e571fa2681a630,768,fc8d58a9e3d1f8e19ada2eb0935f356d1fd043e3c6223147b6eb63ab52c33d06,0.015313518233597279
persona.high_e_high_n.v2.seed-2010.neutral,2010,neutral,persona.high_e_high_n.v2,high_e_high_n,v2,complete_five_failures,3,unsuccessful,valid_feedback,filler.neutral.3,7505458095384574504,768,fc8d58a9e3d1f8e19ada2eb0935f356d1fd043e3c6223147b6eb63ab52c33d06,184,bb21685db6fbb818e3af6f4c5457db0c37e606a39470f45697f58b6b63d9526f,0.0125381238758564
persona.high_e_high_n.v2.seed-2010.neutral,2010,neutral,persona.high_e_high_n.v2,high_e_high_n,v2,complete_five_failures,4,unsuccessful,valid_feedback,filler.neutral.4,8890796447059342011,184,bb21685db6fbb818e3af6f4c5457db0c37e606a39470f45697f58b6b63d9526f,46,e3f05775af2f3fb2465dd21b0bc5a6dac6415b64618aaa49d98df1e0774df3ca,0.011448445729911327
persona.high_e_high_n.v2.seed-2010.neutral,2010,neutral,persona.high_e_high_n.v2,high_e_high_n,v2,complete_five_failures,5,unsuccessful,valid_feedback,filler.neutral.5,2061649511049620242,46,e3f05775af2f3fb2465dd21b0bc5a6dac6415b64618aaa49d98df1e0774df3ca,20,5473296ada55e06d05e3fbf1d02ee3422f49af3eb73f4747257f653189e475b1,0.007349318824708462
persona.high_e_high_n.v3.seed-2001.feedback_only,2001,feedback_only,persona.high_e_high_n.v3,high_e_high_n,v3,complete_five_failures,1,unsuccessful,valid_feedback,,4469567771656788920,10000,9582c82c0e979ad4740159fd2ec5d74526aeb48ac07bda14b2745a25206ae9f4,3048,8d8a406c2701498bf0a5134fc8d3d2dd3838c787cab23a0c65e571fa2681a630,0.006456037983298302
persona.high_e_high_n.v3.seed-2001.feedback_only,2001,feedback_only,persona.high_e_high_n.v3,high_e_high_n,v3,complete_five_failures,2,unsuccessful,valid_feedback,,462000147538888414,3048,8d8a406c2701498bf0a5134fc8d3d2dd3838c787cab23a0c65e571fa2681a630,768,fc8d58a9e3d1f8e19ada2eb0935f356d1fd043e3c6223147b6eb63ab52c33d06,0.016583146527409554
persona.high_e_high_n.v3.seed-2001.feedback_only,2001,feedback_only,persona.high_e_high_n.v3,high_e_high_n,v3,complete_five_failures,3,unsuccessful,valid_feedback,,7203904594921472573,768,fc8d58a9e3d1f8e19ada2eb0935f356d1fd043e3c6223147b6eb63ab52c33d06,206,3701c51eacc8da4a43acc7def8b9efc78019c15d870b2f7a0f276ba681e765c0,0.016047542914748192
persona.high_e_high_n.v3.seed-2001.feedback_only,2001,feedback_only,persona.high_e_high_n.v3,high_e_high_n,v3,complete_five_failures,4,unsuccessful,valid_feedback,,7493285141810551950,206,3701c51eacc8da4a43acc7def8b9efc78019c15d870b2f7a0f276ba681e765c0,55,04a95813d7014d7950fe157a956d4387a292572957115ac209f07c7805a04adc,0.013578238897025585
persona.high_e_high_n.v3.seed-2001.feedback_only,2001,feedback_only,persona.high_e_high_n.v3,high_e_high_n,v3,complete_five_failures,5,unsuccessful,valid_feedback,,1845676750874802399,55,04a95813d7014d7950fe157a956d4387a292572957115ac209f07c7805a04adc,15,ce5d95544a095d12f3a94473e04ccab55002b524452e073c9d463fb6eb1f422c,0.017534706741571426
persona.high_e_high_n.v3.seed-2001.supportive,2001,supportive,persona.high_e_high_n.v3,high_e_high_n,v3,complete_five_failures,1,unsuccessful,valid_feedback,filler.supportive.1,4469567771656788920,10000,9582c82c0e979ad4740159fd2ec5d74526aeb48ac07bda14b2745a25206ae9f4,3048,8d8a406c2701498bf0a5134fc8d3d2dd3838c787cab23a0c65e571fa2681a630,0.004553820937871933
persona.high_e_high_n.v3.seed-2001.supportive,2001,supportive,persona.high_e_high_n.v3,high_e_high_n,v3,complete_five_failures,2,unsuccessful,valid_feedback,filler.supportive.2,462000147538888414,3048,8d8a406c2701498bf0a5134fc8d3d2dd3838c787cab23a0c65e571fa2681a630,768,fc8d58a9e3d1f8e19ada2eb0935f356d1fd043e3c6223147b6eb63ab52c33d06,0.017216738313436508
persona.high_e_high_n.v3.seed-2001.supportive,2001,supportive,persona.high_e_high_n.v3,high_e_high_n,v3,complete_five_failures,3,unsuccessful,valid_feedback,filler.supportive.3,7203904594921472573,768,fc8d58a9e3d1f8e19ada2eb0935f356d1fd043e3c6223147b6eb63ab52c33d06,206,3701c51eacc8da4a43acc7def8b9efc78019c15d870b2f7a0f276ba681e765c0,0.01719019003212452
persona.high_e_high_n.v3.seed-2001.supportive,2001,supportive,persona.high_e_high_n.v3,high_e_high_n,v3,complete_five_failures,4,unsuccessful,valid_feedback,filler.supportive.4,7493285141810551950,206,3701c51eacc8da4a43acc7def8b9efc78019c15d870b2f7a0f276ba681e765c0,55,04a95813d7014d7950fe157a956d4387a292572957115ac209f07c7805a04adc,0.01657550223171711
persona.high_e_high_n.v3.seed-2001.supportive,2001,supportive,persona.high_e_high_n.v3,high_e_high_n,v3,complete_five_failures,5,unsuccessful,valid_feedback,filler.supportive.5,1845676750874802399,55,04a95813d7014d7950fe157a956d4387a292572957115ac209f07c7805a04adc,15,ce5d95544a095d12f3a94473e04ccab55002b524452e073c9d463fb6eb1f422c,0.018859412521123886
persona.high_e_high_n.v3.seed-2001.neutral,2001,neutral,persona.high_e_high_n.v3,high_e_high_n,v3,complete_five_failures,1,unsuccessful,valid_feedback,filler.neutral.1,4469567771656788920,10000,9582c82c0e979ad4740159fd2ec5d74526aeb48ac07bda14b2745a25206ae9f4,3048,8d8a406c2701498bf0a5134fc8d3d2dd3838c787cab23a0c65e571fa2681a630,0.004459311719983816
persona.high_e_high_n.v3.seed-2001.neutral,2001,neutral,persona.high_e_high_n.v3,high_e_high_n,v3,complete_five_failures,2,unsuccessful,valid_feedback,filler.neutral.2,462000147538888414,3048,8d8a406c2701498bf0a5134fc8d3d2dd3838c787cab23a0c65e571fa2681a630,768,fc8d58a9e3d1f8e19ada2eb0935f356d1fd043e3c6223147b6eb63ab52c33d06,0.01604265347123146
persona.high_e_high_n.v3.seed-2001.neutral,2001,neutral,persona.high_e_high_n.v3,high_e_high_n,v3,complete_five_failures,3,unsuccessful,valid_feedback,filler.neutral.3,7203904594921472573,768,fc8d58a9e3d1f8e19ada2eb0935f356d1fd043e3c6223147b6eb63ab52c33d06,206,3701c51eacc8da4a43acc7def8b9efc78019c15d870b2f7a0f276ba681e765c0,0.014369695447385311
persona.high_e_high_n.v3.seed-2001.neutral,2001,neutral,persona.high_e_high_n.v3,high_e_high_n,v3,complete_five_failures,4,unsuccessful,valid_feedback,filler.neutral.4,7493285141810551950,206,3701c51eacc8da4a43acc7def8b9efc78019c15d870b2f7a0f276ba681e765c0,55,04a95813d7014d7950fe157a956d4387a292572957115ac209f07c7805a04adc,0.01266472041606903
persona.high_e_high_n.v3.seed-2001.neutral,2001,neutral,persona.high_e_high_n.v3,high_e_high_n,v3,complete_five_failures,5,unsuccessful,valid_feedback,filler.neutral.5,1845676750874802399,55,04a95813d7014d7950fe157a956d4387a292572957115ac209f07c7805a04adc,15,ce5d95544a095d12f3a94473e04ccab55002b524452e073c9d463fb6eb1f422c,0.015210073441267014
persona.high_e_high_n.v3.seed-2002.feedback_only,2002,feedback_only,persona.high_e_high_n.v3,high_e_high_n,v3,complete_five_failures,1,unsuccessful,valid_feedback,,1362916748984622560,10000,9582c82c0e979ad4740159fd2ec5d74526aeb48ac07bda14b2745a25206ae9f4,3048,c276bf3530cc8d3ce2b1ddb7f6cbf168184316c3a9894881b55d5b73f476cc0f,0.008517378941178322
persona.high_e_high_n.v3.seed-2002.feedback_only,2002,feedback_only,persona.high_e_high_n.v3,high_e_high_n,v3,complete_five_failures,2,unsuccessful,valid_feedback,,650953833576476763,3048,c276bf3530cc8d3ce2b1ddb7f6cbf168184316c3a9894881b55d5b73f476cc0f,886,0d3daa2ca8d34575596ff98fbf16fdc66fdcf7a2b2d6aaec69967d78b459ac5a,0.017199141904711723
persona.high_e_high_n.v3.seed-2002.feedback_only,2002,feedback_only,persona.high_e_high_n.v3,high_e_high_n,v3,complete_five_failures,3,invalid,invalid_guess,,2885332770678600905,886,0d3daa2ca8d34575596ff98fbf16fdc66fdcf7a2b2d6aaec69967d78b459ac5a,886,0d3daa2ca8d34575596ff98fbf16fdc66fdcf7a2b2d6aaec69967d78b459ac5a,0.01917807012796402
persona.high_e_high_n.v3.seed-2002.feedback_only,2002,feedback_only,persona.high_e_high_n.v3,high_e_high_n,v3,complete_five_failures,4,unsuccessful,valid_feedback,,3768721403253947093,886,0d3daa2ca8d34575596ff98fbf16fdc66fdcf7a2b2d6aaec69967d78b459ac5a,220,b031badf1c7b454458384239ee7ddba0095ddd30af33aaf382c5c243f0c0deff,0.010376627556979656
persona.high_e_high_n.v3.seed-2002.feedback_only,2002,feedback_only,persona.high_e_high_n.v3,high_e_high_n,v3,complete_five_failures,5,unsuccessful,valid_feedback,,7993377739206102388,220,b031badf1c7b454458384239ee7ddba0095ddd30af33aaf382c5c243f0c0deff,62,b502b312ad24fbedb79ad5b6f04133d76144a7889717dfed8a885ca84c303ed9,0.014375362545251846
persona.high_e_high_n.v3.seed-2002.supportive,2002,supportive,persona.high_e_high_n.v3,high_e_high_n,v3,complete_five_failures,1,unsuccessful,valid_feedback,filler.supportive.1,1362916748984622560,10000,9582c82c0e979ad4740159fd2ec5d74526aeb48ac07bda14b2745a25206ae9f4,3048,c276bf3530cc8d3ce2b1ddb7f6cbf168184316c3a9894881b55d5b73f476cc0f,0.006810043007135391
persona.high_e_high_n.v3.seed-2002.supportive,2002,supportive,persona.high_e_high_n.v3,high_e_high_n,v3,complete_five_failures,2,unsuccessful,valid_feedback,filler.supportive.2,650953833576476763,3048,c276bf3530cc8d3ce2b1ddb7f6cbf168184316c3a9894881b55d5b73f476cc0f,886,0d3daa2ca8d34575596ff98fbf16fdc66fdcf7a2b2d6aaec69967d78b459ac5a,0.017436577007174492
persona.high_e_high_n.v3.seed-2002.supportive,2002,supportive,persona.high_e_high_n.v3,high_e_high_n,v3,complete_five_failures,3,invalid,invalid_guess,filler.supportive.3,2885332770678600905,886,0d3daa2ca8d34575596ff98fbf16fdc66fdcf7a2b2d6aaec69967d78b459ac5a,886,0d3daa2ca8d34575596ff98fbf16fdc66fdcf7a2b2d6aaec69967d78b459ac5a,0.015101301483809948
persona.high_e_high_n.v3.seed-2002.supportive,2002,supportive,persona.high_e_high_n.v3,high_e_high_n,v3,complete_five_failures,4,unsuccessful,valid_feedback,filler.supportive.4,3768721403253947093,886,0d3daa2ca8d34575596ff98fbf16fdc66fdcf7a2b2d6aaec69967d78b459ac5a,239,cff8a270d51840c08248b6ef13bde1397c422a567b01cfd641bfa8b2f7af521c,0.013967632316052914
persona.high_e_high_n.v3.seed-2002.supportive,2002,supportive,persona.high_e_high_n.v3,high_e_high_n,v3,complete_five_failures,5,unsuccessful,valid_feedback,filler.supportive.5,7993377739206102388,239,cff8a270d51840c08248b6ef13bde1397c422a567b01cfd641bfa8b2f7af521c,99,a51f1f20171535ce91cf6e07622fd22a398d26effb0f93daadff2c05af3f2ffe,0.017852259799838066
persona.high_e_high_n.v3.seed-2002.neutral,2002,neutral,persona.high_e_high_n.v3,high_e_high_n,v3,complete_five_failures,1,unsuccessful,valid_feedback,filler.neutral.1,1362916748984622560,10000,9582c82c0e979ad4740159fd2ec5d74526aeb48ac07bda14b2745a25206ae9f4,3048,c276bf3530cc8d3ce2b1ddb7f6cbf168184316c3a9894881b55d5b73f476cc0f,0.006099400110542774
persona.high_e_high_n.v3.seed-2002.neutral,2002,neutral,persona.high_e_high_n.v3,high_e_high_n,v3,complete_five_failures,2,unsuccessful,valid_feedback,filler.neutral.2,650953833576476763,3048,c276bf3530cc8d3ce2b1ddb7f6cbf168184316c3a9894881b55d5b73f476cc0f,886,0d3daa2ca8d34575596ff98fbf16fdc66fdcf7a2b2d6aaec69967d78b459ac5a,0.01642788201570511
persona.high_e_high_n.v3.seed-2002.neutral,2002,neutral,persona.high_e_high_n.v3,high_e_high_n,v3,complete_five_failures,3,invalid,invalid_guess,filler.neutral.3,2885332770678600905,886,0d3daa2ca8d34575596ff98fbf16fdc66fdcf7a2b2d6aaec69967d78b459ac5a,886,0d3daa2ca8d34575596ff98fbf16fdc66fdcf7a2b2d6aaec69967d78b459ac5a,0.01194643136113882
persona.high_e_high_n.v3.seed-2002.neutral,2002,neutral,persona.high_e_high_n.v3,high_e_high_n,v3,complete_five_failures,4,unsuccessful,valid_feedback,filler.neutral.4,3768721403253947093,886,0d3daa2ca8d34575596ff98fbf16fdc66fdcf7a2b2d6aaec69967d78b459ac5a,239,cff8a270d51840c08248b6ef13bde1397c422a567b01cfd641bfa8b2f7af521c,0.010593526996672153
persona.high_e_high_n.v3.seed-2002.neutral,2002,neutral,persona.high_e_high_n.v3,high_e_high_n,v3,complete_five_failures,5,unsuccessful,valid_feedback,filler.neutral.5,7993377739206102388,239,cff8a270d51840c08248b6ef13bde1397c422a567b01cfd641bfa8b2f7af521c,86,dcd48a937783d3bcce96dce35bf00f78d8bce6a4cbdc63193bb9a4bef974927b,0.015805818140506744
persona.high_e_high_n.v3.seed-2003.feedback_only,2003,feedback_only,persona.high_e_high_n.v3,high_e_high_n,v3,complete_five_failures,1,unsuccessful,valid_feedback,,8452511391424371538,10000,9582c82c0e979ad4740159fd2ec5d74526aeb48ac07bda14b2745a25206ae9f4,3048,8d8a406c2701498bf0a5134fc8d3d2dd3838c787cab23a0c65e571fa2681a630,0.006456037983298302
persona.high_e_high_n.v3.seed-2003.feedback_only,2003,feedback_only,persona.high_e_high_n.v3,high_e_high_n,v3,complete_five_failures,2,unsuccessful,valid_feedback,,2185802378076996070,3048,8d8a406c2701498bf0a5134fc8d3d2dd3838c787cab23a0c65e571fa2681a630,768,fc8d58a9e3d1f8e19ada2eb0935f356d1fd043e3c6223147b6eb63ab52c33d06,0.016583146527409554
persona.high_e_high_n.v3.seed-2003.feedback_only,2003,feedback_only,persona.high_e_high_n.v3,high_e_high_n,v3,complete_five_failures,3,unsuccessful,valid_feedback,,4546495009630349109,768,fc8d58a9e3d1f8e19ada2eb0935f356d1fd043e3c6223147b6eb63ab52c33d06,206,3701c51eacc8da4a43acc7def8b9efc78019c15d870b2f7a0f276ba681e765c0,0.016047542914748192
persona.high_e_high_n.v3.seed-2003.feedback_only,2003,feedback_only,persona.high_e_high_n.v3,high_e_high_n,v3,complete_five_failures,4,unsuccessful,valid_feedback,,5827469766280291389,206,3701c51eacc8da4a43acc7def8b9efc78019c15d870b2f7a0f276ba681e765c0,55,04a95813d7014d7950fe157a956d4387a292572957115ac209f07c7805a04adc,0.013578238897025585
persona.high_e_high_n.v3.seed-2003.feedback_only,2003,feedback_only,persona.high_e_high_n.v3,high_e_high_n,v3,complete_five_failures,5,unsuccessful,valid_feedback,,9189069359561447070,55,04a95813d7014d7950fe157a956d4387a292572957115ac209f07c7805a04adc,15,ce5d95544a095d12f3a94473e04ccab55002b524452e073c9d463fb6eb1f422c,0.017534706741571426
persona.high_e_high_n.v3.seed-2003.supportive,2003,supportive,persona.high_e_high_n.v3,high_e_high_n,v3,complete_five_failures,1,unsuccessful,valid_feedback,filler.supportive.1,8452511391424371538,10000,9582c82c0e979ad4740159fd2ec5d74526aeb48ac07bda14b2745a25206ae9f4,3048,8d8a406c2701498bf0a5134fc8d3d2dd3838c787cab23a0c65e571fa2681a630,0.004553820937871933
persona.high_e_high_n.v3.seed-2003.supportive,2003,supportive,persona.high_e_high_n.v3,high_e_high_n,v3,complete_five_failures,2,unsuccessful,valid_feedback,filler.supportive.2,2185802378076996070,3048,8d8a406c2701498bf0a5134fc8d3d2dd3838c787cab23a0c65e571fa2681a630,768,fc8d58a9e3d1f8e19ada2eb0935f356d1fd043e3c6223147b6eb63ab52c33d06,0.017216738313436508
persona.high_e_high_n.v3.seed-2003.supportive,2003,supportive,persona.high_e_high_n.v3,high_e_high_n,v3,complete_five_failures,3,unsuccessful,valid_feedback,filler.supportive.3,4546495009630349109,768,fc8d58a9e3d1f8e19ada2eb0935f356d1fd043e3c6223147b6eb63ab52c33d06,206,3701c51eacc8da4a43acc7def8b9efc78019c15d870b2f7a0f276ba681e765c0,0.01719019003212452
persona.high_e_high_n.v3.seed-2003.supportive,2003,supportive,persona.high_e_high_n.v3,high_e_high_n,v3,complete_five_failures,4,unsuccessful,valid_feedback,filler.supportive.4,5827469766280291389,206,3701c51eacc8da4a43acc7def8b9efc78019c15d870b2f7a0f276ba681e765c0,55,04a95813d7014d7950fe157a956d4387a292572957115ac209f07c7805a04adc,0.01657550223171711
persona.high_e_high_n.v3.seed-2003.supportive,2003,supportive,persona.high_e_high_n.v3,high_e_high_n,v3,complete_five_failures,5,unsuccessful,valid_feedback,filler.supportive.5,9189069359561447070,55,04a95813d7014d7950fe157a956d4387a292572957115ac209f07c7805a04adc,15,ce5d95544a095d12f3a94473e04ccab55002b524452e073c9d463fb6eb1f422c,0.018859412521123886
persona.high_e_high_n.v3.seed-2003.neutral,2003,neutral,persona.high_e_high_n.v3,high_e_high_n,v3,complete_five_failures,1,unsuccessful,valid_feedback,filler.neutral.1,8452511391424371538,10000,9582c82c0e979ad4740159fd2ec5d74526aeb48ac07bda14b2745a25206ae9f4,3048,8d8a406c2701498bf0a5134fc8d3d2dd3838c787cab23a0c65e571fa2681a630,0.004459311719983816
persona.high_e_high_n.v3.seed-2003.neutral,2003,neutral,persona.high_e_high_n.v3,high_e_high_n,v3,complete_five_failures,2,unsuccessful,valid_feedback,filler.neutral.2,2185802378076996070,3048,8d8a406c2701498bf0a5134fc8d3d2dd3838c787cab23a0c65e571fa2681a630,768,fc8d58a9e3d1f8e19ada2eb0935f356d1fd043e3c6223147b6eb63ab52c33d06,0.01604265347123146
persona.high_e_high_n.v3.seed-2003.neutral,2003,neutral,persona.high_e_high_n.v3,high_e_high_n,v3,complete_five_failures,3,unsuccessful,valid_feedback,filler.neutral.3,4546495009630349109,768,fc8d58a9e3d1f8e19ada2eb0935f356d1fd043e3c6223147b6eb63ab52c33d06,206,3701c51eacc8da4a43acc7def8b9efc78019c15d870b2f7a0f276ba681e765c0,0.014369695447385311
persona.high_e_high_n.v3.seed-2003.neutral,2003,neutral,persona.high_e_high_n.v3,high_e_high_n,v3,complete_five_failures,4,unsuccessful,valid_feedback,filler.neutral.4,5827469766280291389,206,3701c51eacc8da4a43acc7def8b9efc78019c15d870b2f7a0f276ba681e765c0,55,04a95813d7014d7950fe157a956d4387a292572957115ac209f07c7805a04adc,0.01266472041606903
persona.high_e_high_n.v3.seed-2003.neutral,2003,neutral,persona.high_e_high_n.v3,high_e_high_n,v3,complete_five_failures,5,unsuccessful,valid_feedback,filler.neutral.5,9189069359561447070,55,04a95813d7014d7950fe157a956d4387a292572957115ac209f07c7805a04adc,15,ce5d95544a095d12f3a94473e04ccab55002b524452e073c9d463fb6eb1f422c,0.015210073441267014
persona.high_e_high_n.v3.seed-2004.feedback_only,2004,feedback_only,persona.high_e_high_n.v3,high_e_high_n,v3,complete_five_failures,1,unsuccessful,valid_feedback,,3012682462339476124,10000,9582c82c0e979ad4740159fd2ec5d74526aeb48ac07bda14b2745a25206ae9f4,6561,53a14051f308be8c745906018a762ceb477324e2fdfef98aa3ddc1cd72bc1dbf,0.006862762849777937
persona.high_e_high_n.v3.seed-2004.feedback_only,2004,feedback_only,persona.high_e_high_n.v3,high_e_high_n,v3,complete_five_failures,2,unsuccessful,valid_feedback,,5539227853087561902,6561,53a14051f308be8c745906018a762ceb477324e2fdfef98aa3ddc1cd72bc1dbf,1820,ab963e3ac5c47a412aa8e77e52f2aebf2c350c67899c4acae4511a5e0eb024e6,0.012550656683743
persona.high_e_high_n.v3.seed-2004.feedback_only,2004,feedback_only,persona.high_e_high_n.v3,high_e_high_n,v3,complete_five_failures,3,unsuccessful,valid_feedback,,9087570836507131457,1820,ab963e3ac5c47a412aa8e77e52f2aebf2c350c67899c4acae4511a5e0eb024e6,588,8700a3bcaa3be0b6d6d88102648e2e896709b87e73bc3b226c676a53c735b7aa,0.017524154856801033
persona.high_e_high_n.v3.seed-2004.feedback_only,2004,feedback_only,persona.high_e_high_n.v3,high_e_high_n,v3,complete_five_failures,4,unsuccessful,valid_feedback,,4770636941596934890,588,8700a3bcaa3be0b6d6d88102648e2e896709b87e73bc3b226c676a53c735b7aa,184,cb198093726eef3fc3e7114005fe6d3fcfc94f89aa68ca88f644f07878fb6efb,0.022161921486258507
persona.high_e_high_n.v3.seed-2004.feedback_only,2004,feedback_only,persona.high_e_high_n.v3,high_e_high_n,v3,complete_five_failures,5,unsuccessful,valid_feedback,,879249873976900214,184,cb198093726eef3fc3e7114005fe6d3fcfc94f89aa68ca88f644f07878fb6efb,63,f5615a652174268c6d89bcdffbb8a46dc5825ddf29135ada17dc66ea2dbefec9,0.022235170006752014
persona.high_e_high_n.v3.seed-2004.supportive,2004,supportive,persona.high_e_high_n.v3,high_e_high_n,v3,complete_five_failures,1,unsuccessful,valid_feedback,filler.supportive.1,3012682462339476124,10000,9582c82c0e979ad4740159fd2ec5d74526aeb48ac07bda14b2745a25206ae9f4,6561,53a14051f308be8c745906018a762ceb477324e2fdfef98aa3ddc1cd72bc1dbf,0.002738674869760871
persona.high_e_high_n.v3.seed-2004.supportive,2004,supportive,persona.high_e_high_n.v3,high_e_high_n,v3,complete_five_failures,2,unsuccessful,valid_feedback,filler.supportive.2,5539227853087561902,6561,53a14051f308be8c745906018a762ceb477324e2fdfef98aa3ddc1cd72bc1dbf,1820,ab963e3ac5c47a412aa8e77e52f2aebf2c350c67899c4acae4511a5e0eb024e6,0.014991110190749168
persona.high_e_high_n.v3.seed-2004.supportive,2004,supportive,persona.high_e_high_n.v3,high_e_high_n,v3,complete_five_failures,3,unsuccessful,valid_feedback,filler.supportive.3,9087570836507131457,1820,ab963e3ac5c47a412aa8e77e52f2aebf2c350c67899c4acae4511a5e0eb024e6,588,8700a3bcaa3be0b6d6d88102648e2e896709b87e73bc3b226c676a53c735b7aa,0.018042337149381638
persona.high_e_high_n.v3.seed-2004.supportive,2004,supportive,persona.high_e_high_n.v3,high_e_high_n,v3,complete_five_failures,4,unsuccessful,valid_feedback,filler.supportive.4,4770636941596934890,588,8700a3bcaa3be0b6d6d88102648e2e896709b87e73bc3b226c676a53c735b7aa,184,cb198093726eef3fc3e7114005fe6d3fcfc94f89aa68ca88f644f07878fb6efb,0.020913932472467422
persona.high_e_high_n.v3.seed-2004.supportive,2004,supportive,persona.high_e_high_n.v3,high_e_high_n,v3,complete_five_failures,5,unsuccessful,valid_feedback,filler.supportive.5,879249873976900214,184,cb198093726eef3fc3e7114005fe6d3fcfc94f89aa68ca88f644f07878fb6efb,63,f5615a652174268c6d89bcdffbb8a46dc5825ddf29135ada17dc66ea2dbefec9,0.021520398557186127
persona.high_e_high_n.v3.seed-2004.neutral,2004,neutral,persona.high_e_high_n.v3,high_e_high_n,v3,complete_five_failures,1,unsuccessful,valid_feedback,filler.neutral.1,3012682462339476124,10000,9582c82c0e979ad4740159fd2ec5d74526aeb48ac07bda14b2745a25206ae9f4,6561,53a14051f308be8c745906018a762ceb477324e2fdfef98aa3ddc1cd72bc1dbf,0.0030535717960447073
persona.high_e_high_n.v3.seed-2004.neutral,2004,neutral,persona.high_e_high_n.v3,high_e_high_n,v3,complete_five_failures,2,unsuccessful,valid_feedback,filler.neutral.2,5539227853087561902,6561,53a14051f308be8c745906018a762ceb477324e2fdfef98aa3ddc1cd72bc1dbf,1820,ab963e3ac5c47a412aa8e77e52f2aebf2c350c67899c4acae4511a5e0eb024e6,0.012287198565900326
persona.high_e_high_n.v3.seed-2004.neutral,2004,neutral,persona.high_e_high_n.v3,high_e_high_n,v3,complete_five_failures,3,unsuccessful,valid_feedback,filler.neutral.3,9087570836507131457,1820,ab963e3ac5c47a412aa8e77e52f2aebf2c350c67899c4acae4511a5e0eb024e6,588,8700a3bcaa3be0b6d6d88102648e2e896709b87e73bc3b226c676a53c735b7aa,0.015209256671369076
persona.high_e_high_n.v3.seed-2004.neutral,2004,neutral,persona.high_e_high_n.v3,high_e_high_n,v3,complete_five_failures,4,unsuccessful,valid_feedback,filler.neutral.4,4770636941596934890,588,8700a3bcaa3be0b6d6d88102648e2e896709b87e73bc3b226c676a53c735b7aa,184,cb198093726eef3fc3e7114005fe6d3fcfc94f89aa68ca88f644f07878fb6efb,0.015280237421393394
persona.high_e_high_n.v3.seed-2004.neutral,2004,neutral,persona.high_e_high_n.v3,high_e_high_n,v3,complete_five_failures,5,unsuccessful,valid_feedback,filler.neutral.5,879249873976900214,184,cb198093726eef3fc3e7114005fe6d3fcfc94f89aa68ca88f644f07878fb6efb,63,f5615a652174268c6d89bcdffbb8a46dc5825ddf29135ada17dc66ea2dbefec9,0.01745547167956829
persona.high_e_high_n.v3.seed-2005.feedback_only,2005,feedback_only,persona.high_e_high_n.v3,high_e_high_n,v3,complete_five_failures,1,unsuccessful,valid_feedback,,8146282925072561755,10000,9582c82c0e979ad4740159fd2ec5d74526aeb48ac07bda14b2745a25206ae9f4,3048,8d8a406c2701498bf0a5134fc8d3d2dd3838c787cab23a0c65e571fa2681a630,0.003592835273593664
persona.high_e_high_n.v3.seed-2005.feedback_only,2005,feedback_only,persona.high_e_high_n.v3,high_e_high_n,v3,complete_five_failures,2,unsuccessful,valid_feedback,,7270573099286778731,3048,8d8a406c2701498bf0a5134fc8d3d2dd3838c787cab23a0c65e571fa2681a630,768,fc8d58a9e3d1f8e19ada2eb0935f356d1fd043e3c6223147b6eb63ab52c33d06,0.013792171142995358
persona.high_e_high_n.v3.seed-2005.feedback_only,2005,feedback_only,persona.high_e_high_n.v3,high_e_high_n,v3,complete_five_failures,3,unsuccessful,valid_feedback,,320833271567228942,768,fc8d58a9e3d1f8e19ada2eb0935f356d1fd043e3c6223147b6eb63ab52c33d06,184,bb21685db6fbb818e3af6f4c5457db0c37e606a39470f45697f58b6b63d9526f,0.014307972975075245
persona.high_e_high_n.v3.seed-2005.feedback_only,2005,feedback_only,persona.high_e_high_n.v3,high_e_high_n,v3,complete_five_failures,4,unsuccessful,valid_feedback,,1081455331307413947,184,bb21685db6fbb818e3af6f4c5457db0c37e606a39470f45697f58b6b63d9526f,52,8727d9ce5fc0fc52767e37f5a5888530542b8cfb1a8cd4921fbcebfe35c06ec9,0.012109596282243729
persona.high_e_high_n.v3.seed-2005.feedback_only,2005,feedback_only,persona.high_e_high_n.v3,high_e_high_n,v3,complete_five_failures,5,unsuccessful,valid_feedback,,5451539660838294209,52,8727d9ce5fc0fc52767e37f5a5888530542b8cfb1a8cd4921fbcebfe35c06ec9,14,b095fd74ddff9807c5b218bb54089369c9a8234da040fb89bc7b476d47ae2067,0.002995583927258849
persona.high_e_high_n.v3.seed-2005.supportive,2005,supportive,persona.high_e_high_n.v3,high_e_high_n,v3,complete_five_failures,1,unsuccessful,valid_feedback,filler.supportive.1,8146282925072561755,10000,9582c82c0e979ad4740159fd2ec5d74526aeb48ac07bda14b2745a25206ae9f4,3048,8d8a406c2701498bf0a5134fc8d3d2dd3838c787cab23a0c65e571fa2681a630,0.0004569623270072043
persona.high_e_high_n.v3.seed-2005.supportive,2005,supportive,persona.high_e_high_n.v3,high_e_high_n,v3,complete_five_failures,2,unsuccessful,valid_feedback,filler.supportive.2,7270573099286778731,3048,8d8a406c2701498bf0a5134fc8d3d2dd3838c787cab23a0c65e571fa2681a630,768,fc8d58a9e3d1f8e19ada2eb0935f356d1fd043e3c6223147b6eb63ab52c33d06,0.0162274818867445
persona.high_e_high_n.v3.seed-2005.supportive,2005,supportive,persona.high_e_high_n.v3,high_e_high_n,v3,complete_five_failures,3,unsuccessful,valid_feedback,filler.supportive.3,320833271567228942,768,fc8d58a9e3d1f8e19ada2eb0935f356d1fd043e3c6223147b6eb63ab52c33d06,190,35049178f6b4f7103224259f9c9baff8546af3ff8ac7de6c3814cb9b2c8a38ef,0.014103453606367111
persona.high_e_high_n.v3.seed-2005.supportive,2005,supportive,persona.high_e_high_n.v3,high_e_high_n,v3,complete_five_failures,4,unsuccessful,valid_feedback,filler.supportive.4,1081455331307413947,190,35049178f6b4f7103224259f9c9baff8546af3ff8ac7de6c3814cb9b2c8a38ef,51,7f6792ea80549f3fe04e97f7dcf6ec11eee7817a080ac7fed3b10acf9289c34c,0.009118177928030491
persona.high_e_high_n.v3.seed-2005.supportive,2005,supportive,persona.high_e_high_n.v3,high_e_high_n,v3,complete_five_failures,5,unsuccessful,valid_feedback,filler.supportive.5,5451539660838294209,51,7f6792ea80549f3fe04e97f7dcf6ec11eee7817a080ac7fed3b10acf9289c34c,25,ece30cf22d281aa2d29dbd5b632ea660c98aac1c9754a6467a2c6815b58b52cd,0.014199050143361092
persona.high_e_high_n.v3.seed-2005.neutral,2005,neutral,persona.high_e_high_n.v3,high_e_high_n,v3,complete_five_failures,1,unsuccessful,valid_feedback,filler.neutral.1,8146282925072561755,10000,9582c82c0e979ad4740159fd2ec5d74526aeb48ac07bda14b2745a25206ae9f4,3048,8d8a406c2701498bf0a5134fc8d3d2dd3838c787cab23a0c65e571fa2681a630,0.00013404848868958652
persona.high_e_high_n.v3.seed-2005.neutral,2005,neutral,persona.high_e_high_n.v3,high_e_high_n,v3,complete_five_failures,2,unsuccessful,valid_feedback,filler.neutral.2,7270573099286778731,3048,8d8a406c2701498bf0a5134fc8d3d2dd3838c787cab23a0c65e571fa2681a630,768,fc8d58a9e3d1f8e19ada2eb0935f356d1fd043e3c6223147b6eb63ab52c33d06,0.012369895353913307
persona.high_e_high_n.v3.seed-2005.neutral,2005,neutral,persona.high_e_high_n.v3,high_e_high_n,v3,complete_five_failures,3,unsuccessful,valid_feedback,filler.neutral.3,320833271567228942,768,fc8d58a9e3d1f8e19ada2eb0935f356d1fd043e3c6223147b6eb63ab52c33d06,184,bb21685db6fbb818e3af6f4c5457db0c37e606a39470f45697f58b6b63d9526f,0.012987573631107807
persona.high_e_high_n.v3.seed-2005.neutral,2005,neutral,persona.high_e_high_n.v3,high_e_high_n,v3,complete_five_failures,4,unsuccessful,valid_feedback,filler.neutral.4,1081455331307413947,184,bb21685db6fbb818e3af6f4c5457db0c37e606a39470f45697f58b6b63d9526f,46,e3f05775af2f3fb2465dd21b0bc5a6dac6415b64618aaa49d98df1e0774df3ca,0.011578772217035294
persona.high_e_high_n.v3.seed-2005.neutral,2005,neutral,persona.high_e_high_n.v3,high_e_high_n,v3,complete_five_failures,5,unsuccessful,valid_feedback,filler.neutral.5,5451539660838294209,46,e3f05775af2f3fb2465dd21b0bc5a6dac6415b64618aaa49d98df1e0774df3ca,20,5473296ada55e06d05e3fbf1d02ee3422f49af3eb73f4747257f653189e475b1,0.0061257947236299515
persona.high_e_high_n.v3.seed-2006.feedback_only,2006,feedback_only,persona.high_e_high_n.v3,high_e_high_n,v3,complete_five_failures,1,unsuccessful,valid_feedback,,20746705984210227,10000,9582c82c0e979ad4740159fd2ec5d74526aeb48ac07bda14b2745a25206ae9f4,3048,8d8a406c2701498bf0a5134fc8d3d2dd3838c787cab23a0c65e571fa2681a630,0.006456037983298302
persona.high_e_high_n.v3.seed-2006.feedback_only,2006,feedback_only,persona.high_e_high_n.v3,high_e_high_n,v3,complete_five_failures,2,unsuccessful,valid_feedback,,7186787635236517948,3048,8d8a406c2701498bf0a5134fc8d3d2dd3838c787cab23a0c65e571fa2681a630,768,fc8d58a9e3d1f8e19ada2eb0935f356d1fd043e3c6223147b6eb63ab52c33d06,0.016583146527409554
persona.high_e_high_n.v3.seed-2006.feedback_only,2006,feedback_only,persona.high_e_high_n.v3,high_e_high_n,v3,complete_five_failures,3,unsuccessful,valid_feedback,,2633872377281840482,768,fc8d58a9e3d1f8e19ada2eb0935f356d1fd043e3c6223147b6eb63ab52c33d06,206,3701c51eacc8da4a43acc7def8b9efc78019c15d870b2f7a0f276ba681e765c0,0.016047542914748192
persona.high_e_high_n.v3.seed-2006.feedback_only,2006,feedback_only,persona.high_e_high_n.v3,high_e_high_n,v3,complete_five_failures,4,unsuccessful,valid_feedback,,7338954399356967658,206,3701c51eacc8da4a43acc7def8b9efc78019c15d870b2f7a0f276ba681e765c0,55,04a95813d7014d7950fe157a956d4387a292572957115ac209f07c7805a04adc,0.013578238897025585
persona.high_e_high_n.v3.seed-2006.feedback_only,2006,feedback_only,persona.high_e_high_n.v3,high_e_high_n,v3,complete_five_failures,5,unsuccessful,valid_feedback,,9132968224681273883,55,04a95813d7014d7950fe157a956d4387a292572957115ac209f07c7805a04adc,15,ce5d95544a095d12f3a94473e04ccab55002b524452e073c9d463fb6eb1f422c,0.017534706741571426
persona.high_e_high_n.v3.seed-2006.supportive,2006,supportive,persona.high_e_high_n.v3,high_e_high_n,v3,complete_five_failures,1,unsuccessful,valid_feedback,filler.supportive.1,20746705984210227,10000,9582c82c0e979ad4740159fd2ec5d74526aeb48ac07bda14b2745a25206ae9f4,3048,8d8a406c2701498bf0a5134fc8d3d2dd3838c787cab23a0c65e571fa2681a630,0.004553820937871933
persona.high_e_high_n.v3.seed-2006.supportive,2006,supportive,persona.high_e_high_n.v3,high_e_high_n,v3,complete_five_failures,2,unsuccessful,valid_feedback,filler.supportive.2,7186787635236517948,3048,8d8a406c2701498bf0a5134fc8d3d2dd3838c787cab23a0c65e571fa2681a630,768,fc8d58a9e3d1f8e19ada2eb0935f356d1fd043e3c6223147b6eb63ab52c33d06,0.017216738313436508
persona.high_e_high_n.v3.seed-2006.supportive,2006,supportive,persona.high_e_high_n.v3,high_e_high_n,v3,complete_five_failures,3,unsuccessful,valid_feedback,filler.supportive.3,2633872377281840482,768,fc8d58a9e3d1f8e19ada2eb0935f356d1fd043e3c6223147b6eb63ab52c33d06,206,3701c51eacc8da4a43acc7def8b9efc78019c15d870b2f7a0f276ba681e765c0,0.01719019003212452
persona.high_e_high_n.v3.seed-2006.supportive,2006,supportive,persona.high_e_high_n.v3,high_e_high_n,v3,complete_five_failures,4,unsuccessful,valid_feedback,filler.supportive.4,7338954399356967658,206,3701c51eacc8da4a43acc7def8b9efc78019c15d870b2f7a0f276ba681e765c0,55,04a95813d7014d7950fe157a956d4387a292572957115ac209f07c7805a04adc,0.01657550223171711
persona.high_e_high_n.v3.seed-2006.supportive,2006,supportive,persona.high_e_high_n.v3,high_e_high_n,v3,complete_five_failures,5,unsuccessful,valid_feedback,filler.supportive.5,9132968224681273883,55,04a95813d7014d7950fe157a956d4387a292572957115ac209f07c7805a04adc,15,ce5d95544a095d12f3a94473e04ccab55002b524452e073c9d463fb6eb1f422c,0.018859412521123886
persona.high_e_high_n.v3.seed-2006.neutral,2006,neutral,persona.high_e_high_n.v3,high_e_high_n,v3,complete_five_failures,1,unsuccessful,valid_feedback,filler.neutral.1,20746705984210227,10000,9582c82c0e979ad4740159fd2ec5d74526aeb48ac07bda14b2745a25206ae9f4,3048,8d8a406c2701498bf0a5134fc8d3d2dd3838c787cab23a0c65e571fa2681a630,0.004459311719983816
persona.high_e_high_n.v3.seed-2006.neutral,2006,neutral,persona.high_e_high_n.v3,high_e_high_n,v3,complete_five_failures,2,unsuccessful,valid_feedback,filler.neutral.2,7186787635236517948,3048,8d8a406c2701498bf0a5134fc8d3d2dd3838c787cab23a0c65e571fa2681a630,768,fc8d58a9e3d1f8e19ada2eb0935f356d1fd043e3c6223147b6eb63ab52c33d06,0.01604265347123146
persona.high_e_high_n.v3.seed-2006.neutral,2006,neutral,persona.high_e_high_n.v3,high_e_high_n,v3,complete_five_failures,3,unsuccessful,valid_feedback,filler.neutral.3,2633872377281840482,768,fc8d58a9e3d1f8e19ada2eb0935f356d1fd043e3c6223147b6eb63ab52c33d06,206,3701c51eacc8da4a43acc7def8b9efc78019c15d870b2f7a0f276ba681e765c0,0.014369695447385311
persona.high_e_high_n.v3.seed-2006.neutral,2006,neutral,persona.high_e_high_n.v3,high_e_high_n,v3,complete_five_failures,4,unsuccessful,valid_feedback,filler.neutral.4,7338954399356967658,206,3701c51eacc8da4a43acc7def8b9efc78019c15d870b2f7a0f276ba681e765c0,55,04a95813d7014d7950fe157a956d4387a292572957115ac209f07c7805a04adc,0.01266472041606903
persona.high_e_high_n.v3.seed-2006.neutral,2006,neutral,persona.high_e_high_n.v3,high_e_high_n,v3,complete_five_failures,5,unsuccessful,valid_feedback,filler.neutral.5,9132968224681273883,55,04a95813d7014d7950fe157a956d4387a292572957115ac209f07c7805a04adc,15,ce5d95544a095d12f3a94473e04ccab55002b524452e073c9d463fb6eb1f422c,0.015210073441267014
persona.high_e_high_n.v3.seed-2007.feedback_only,2007,feedback_only,persona.high_e_high_n.v3,high_e_high_n,v3,complete_five_failures,1,unsuccessful,valid_feedback,,5495818002014909466,10000,9582c82c0e979ad4740159fd2ec5d74526aeb48ac07bda14b2745a25206ae9f4,3048,8d8a406c2701498bf0a5134fc8d3d2dd3838c787cab23a0c65e571fa2681a630,0.006456037983298302
persona.high_e_high_n.v3.seed-2007.feedback_only,2007,feedback_only,persona.high_e_high_n.v3,high_e_high_n,v3,complete_five_failures,2,unsuccessful,valid_feedback,,7092970346930268185,3048,8d8a406c2701498bf0a5134fc8d3d2dd3838c787cab23a0c65e571fa2681a630,768,fc8d58a9e3d1f8e19ada2eb0935f356d1fd043e3c6223147b6eb63ab52c33d06,0.016583146527409554
persona.high_e_high_n.v3.seed-2007.feedback_only,2007,feedback_only,persona.high_e_high_n.v3,high_e_high_n,v3,complete_five_failures,3,unsuccessful,valid_feedback,,4413334138324627702,768,fc8d58a9e3d1f8e19ada2eb0935f356d1fd043e3c6223147b6eb63ab52c33d06,206,3701c51eacc8da4a43acc7def8b9efc78019c15d870b2f7a0f276ba681e765c0,0.016047542914748192
persona.high_e_high_n.v3.seed-2007.feedback_only,2007,feedback_only,persona.high_e_high_n.v3,high_e_high_n,v3,complete_five_failures,4,unsuccessful,valid_feedback,,7609396874926615527,206,3701c51eacc8da4a43acc7def8b9efc78019c15d870b2f7a0f276ba681e765c0,55,04a95813d7014d7950fe157a956d4387a292572957115ac209f07c7805a04adc,0.013578238897025585
persona.high_e_high_n.v3.seed-2007.feedback_only,2007,feedback_only,persona.high_e_high_n.v3,high_e_high_n,v3,complete_five_failures,5,unsuccessful,valid_feedback,,1032535146999642755,55,04a95813d7014d7950fe157a956d4387a292572957115ac209f07c7805a04adc,15,ce5d95544a095d12f3a94473e04ccab55002b524452e073c9d463fb6eb1f422c,0.017534706741571426
persona.high_e_high_n.v3.seed-2007.supportive,2007,supportive,persona.high_e_high_n.v3,high_e_high_n,v3,complete_five_failures,1,unsuccessful,valid_feedback,filler.supportive.1,5495818002014909466,10000,9582c82c0e979ad4740159fd2ec5d74526aeb48ac07bda14b2745a25206ae9f4,3048,8d8a406c2701498bf0a5134fc8d3d2dd3838c787cab23a0c65e571fa2681a630,0.004553820937871933
persona.high_e_high_n.v3.seed-2007.supportive,2007,supportive,persona.high_e_high_n.v3,high_e_high_n,v3,complete_five_failures,2,unsuccessful,valid_feedback,filler.supportive.2,7092970346930268185,3048,8d8a406c2701498bf0a5134fc8d3d2dd3838c787cab23a0c65e571fa2681a630,768,fc8d58a9e3d1f8e19ada2eb0935f356d1fd043e3c6223147b6eb63ab52c33d06,0.017216738313436508
persona.high_e_high_n.v3.seed-2007.supportive,2007,supportive,persona.high_e_high_n.v3,high_e_high_n,v3,complete_five_failures,3,unsuccessful,valid_feedback,filler.supportive.3,4413334138324627702,768,fc8d58a9e3d1f8e19ada2eb0935f356d1fd043e3c6223147b6eb63ab52c33d06,206,3701c51eacc8da4a43acc7def8b9efc78019c15d870b2f7a0f276ba681e765c0,0.01719019003212452
persona.high_e_high_n.v3.seed-2007.supportive,2007,supportive,persona.high_e_high_n.v3,high_e_high_n,v3,complete_five_failures,4,unsuccessful,valid_feedback,filler.supportive.4,7609396874926615527,206,3701c51eacc8da4a43acc7def8b9efc78019c15d870b2f7a0f276ba681e765c0,55,04a95813d7014d7950fe157a956d4387a292572957115ac209f07c7805a04adc,0.01657550223171711
persona.high_e_high_n.v3.seed-2007.supportive,2007,supportive,persona.high_e_high_n.v3,high_e_high_n,v3,complete_five_failures,5,unsuccessful,valid_feedback,filler.supportive.5,1032535146999642755,55,04a95813d7014d7950fe157a956d4387a292572957115ac209f07c7805a04adc,15,ce5d95544a095d12f3a94473e04ccab55002b524452e073c9d463fb6eb1f422c,0.018859412521123886
persona.high_e_high_n.v3.seed-2007.neutral,2007,neutral,persona.high_e_high_n.v3,high_e_high_n,v3,complete_five_failures,1,unsuccessful,valid_feedback,filler.neutral.1,5495818002014909466,10000,9582c82c0e979ad4740159fd2ec5d74526aeb48ac07bda14b2745a25206ae9f4,3048,8d8a406c2701498bf0a5134fc8d3d2dd3838c787cab23a0c65e571fa2681a630,0.004459311719983816
persona.high_e_high_n.v3.seed-2007.neutral,2007,neutral,persona.high_e_high_n.v3,high_e_high_n,v3,complete_five_failures,2,unsuccessful,valid_feedback,filler.neutral.2,7092970346930268185,3048,8d8a406c2701498bf0a5134fc8d3d2dd3838c787cab23a0c65e571fa2681a630,768,fc8d58a9e3d1f8e19ada2eb0935f356d1fd043e3c6223147b6eb63ab52c33d06,0.01604265347123146
persona.high_e_high_n.v3.seed-2007.neutral,2007,neutral,persona.high_e_high_n.v3,high_e_high_n,v3,complete_five_failures,3,unsuccessful,valid_feedback,filler.neutral.3,4413334138324627702,768,fc8d58a9e3d1f8e19ada2eb0935f356d1fd043e3c6223147b6eb63ab52c33d06,206,3701c51eacc8da4a43acc7def8b9efc78019c15d870b2f7a0f276ba681e765c0,0.014369695447385311
persona.high_e_high_n.v3.seed-2007.neutral,2007,neutral,persona.high_e_high_n.v3,high_e_high_n,v3,complete_five_failures,4,unsuccessful,valid_feedback,filler.neutral.4,7609396874926615527,206,3701c51eacc8da4a43acc7def8b9efc78019c15d870b2f7a0f276ba681e765c0,55,04a95813d7014d7950fe157a956d4387a292572957115ac209f07c7805a04adc,0.01266472041606903
persona.high_e_high_n.v3.seed-2007.neutral,2007,neutral,persona.high_e_high_n.v3,high_e_high_n,v3,complete_five_failures,5,unsuccessful,valid_feedback,filler.neutral.5,1032535146999642755,55,04a95813d7014d7950fe157a956d4387a292572957115ac209f07c7805a04adc,15,ce5d95544a095d12f3a94473e04ccab55002b524452e073c9d463fb6eb1f422c,0.015210073441267014
persona.high_e_high_n.v3.seed-2008.feedback_only,2008,feedback_only,persona.high_e_high_n.v3,high_e_high_n,v3,complete_five_failures,1,unsuccessful,valid_feedback,,8344175065288078558,10000,9582c82c0e979ad4740159fd2ec5d74526aeb48ac07bda14b2745a25206ae9f4,3048,8d8a406c2701498bf0a5134fc8d3d2dd3838c787cab23a0c65e571fa2681a630,0.006456037983298302
persona.high_e_high_n.v3.seed-2008.feedback_only,2008,feedback_only,persona.high_e_high_n.v3,high_e_high_n,v3,complete_five_failures,2,unsuccessful,valid_feedback,,1764828235997338309,3048,8d8a406c2701498bf0a5134fc8d3d2dd3838c787cab23a0c65e571fa2681a630,768,fc8d58a9e3d1f8e19ada2eb0935f356d1fd043e3c6223147b6eb63ab52c33d06,0.016583146527409554
persona.high_e_high_n.v3.seed-2008.feedback_only,2008,feedback_only,persona.high_e_high_n.v3,high_e_high_n,v3,complete_five_failures,3,unsuccessful,valid_feedback,,1186103364016962603,768,fc8d58a9e3d1f8e19ada2eb0935f356d1fd043e3c6223147b6eb63ab52c33d06,206,3701c51eacc8da4a43acc7def8b9efc78019c15d870b2f7a0f276ba681e765c0,0.016047542914748192
persona.high_e_high_n.v3.seed-2008.feedback_only,2008,feedback_only,persona.high_e_high_n.v3,high_e_high_n,v3,complete_five_failures,4,unsuccessful,valid_feedback,,1157719167337881160,206,3701c51eacc8da4a43acc7def8b9efc78019c15d870b2f7a0f276ba681e765c0,55,04a95813d7014d7950fe157a956d4387a292572957115ac209f07c7805a04adc,0.013578238897025585
persona.high_e_high_n.v3.seed-2008.feedback_only,2008,feedback_only,persona.high_e_high_n.v3,high_e_high_n,v3,complete_five_failures,5,unsuccessful,valid_feedback,,6714476192934985326,55,04a95813d7014d7950fe157a956d4387a292572957115ac209f07c7805a04adc,15,ce5d95544a095d12f3a94473e04ccab55002b524452e073c9d463fb6eb1f422c,0.017534706741571426
persona.high_e_high_n.v3.seed-2008.supportive,2008,supportive,persona.high_e_high_n.v3,high_e_high_n,v3,complete_five_failures,1,unsuccessful,valid_feedback,filler.supportive.1,8344175065288078558,10000,9582c82c0e979ad4740159fd2ec5d74526aeb48ac07bda14b2745a25206ae9f4,3048,8d8a406c2701498bf0a5134fc8d3d2dd3838c787cab23a0c65e571fa2681a630,0.004553820937871933
persona.high_e_high_n.v3.seed-2008.supportive,2008,supportive,persona.high_e_high_n.v3,high_e_high_n,v3,complete_five_failures,2,unsuccessful,valid_feedback,filler.supportive.2,1764828235997338309,3048,8d8a406c2701498bf0a5134fc8d3d2dd3838c787cab23a0c65e571fa2681a630,768,fc8d58a9e3d1f8e19ada2eb0935f356d1fd043e3c6223147b6eb63ab52c33d06,0.017216738313436508
persona.high_e_high_n.v3.seed-2008.supportive,2008,supportive,persona.high_e_high_n.v3,high_e_high_n,v3,complete_five_failures,3,unsuccessful,valid_feedback,filler.supportive.3,1186103364016962603,768,fc8d58a9e3d1f8e19ada2eb0935f356d1fd043e3c6223147b6eb63ab52c33d06,206,3701c51eacc8da4a43acc7def8b9efc78019c15d870b2f7a0f276ba681e765c0,0.01719019003212452
persona.high_e_high_n.v3.seed-2008.supportive,2008,supportive,persona.high_e_high_n.v3,high_e_high_n,v3,complete_five_failures,4,unsuccessful,valid_feedback,filler.supportive.4,1157719167337881160,206,3701c51eacc8da4a43acc7def8b9efc78019c15d870b2f7a0f276ba681e765c0,55,04a95813d7014d7950fe157a956d4387a292572957115ac209f07c7805a04adc,0.01657550223171711
persona.high_e_high_n.v3.seed-2008.supportive,2008,supportive,persona.high_e_high_n.v3,high_e_high_n,v3,complete_five_failures,5,unsuccessful,valid_feedback,filler.supportive.5,6714476192934985326,55,04a95813d7014d7950fe157a956d4387a292572957115ac209f07c7805a04adc,15,ce5d95544a095d12f3a94473e04ccab55002b524452e073c9d463fb6eb1f422c,0.018859412521123886
persona.high_e_high_n.v3.seed-2008.neutral,2008,neutral,persona.high_e_high_n.v3,high_e_high_n,v3,complete_five_failures,1,unsuccessful,valid_feedback,filler.neutral.1,8344175065288078558,10000,9582c82c0e979ad4740159fd2ec5d74526aeb48ac07bda14b2745a25206ae9f4,3048,8d8a406c2701498bf0a5134fc8d3d2dd3838c787cab23a0c65e571fa2681a630,0.004459311719983816
persona.high_e_high_n.v3.seed-2008.neutral,2008,neutral,persona.high_e_high_n.v3,high_e_high_n,v3,complete_five_failures,2,unsuccessful,valid_feedback,filler.neutral.2,1764828235997338309,3048,8d8a406c2701498bf0a5134fc8d3d2dd3838c787cab23a0c65e571fa2681a630,768,fc8d58a9e3d1f8e19ada2eb0935f356d1fd043e3c6223147b6eb63ab52c33d06,0.01604265347123146
persona.high_e_high_n.v3.seed-2008.neutral,2008,neutral,persona.high_e_high_n.v3,high_e_high_n,v3,complete_five_failures,3,unsuccessful,valid_feedback,filler.neutral.3,1186103364016962603,768,fc8d58a9e3d1f8e19ada2eb0935f356d1fd043e3c6223147b6eb63ab52c33d06,206,3701c51eacc8da4a43acc7def8b9efc78019c15d870b2f7a0f276ba681e765c0,0.014369695447385311
persona.high_e_high_n.v3.seed-2008.neutral,2008,neutral,persona.high_e_high_n.v3,high_e_high_n,v3,complete_five_failures,4,unsuccessful,valid_feedback,filler.neutral.4,1157719167337881160,206,3701c51eacc8da4a43acc7def8b9efc78019c15d870b2f7a0f276ba681e765c0,55,04a95813d7014d7950fe157a956d4387a292572957115ac209f07c7805a04adc,0.01266472041606903
persona.high_e_high_n.v3.seed-2008.neutral,2008,neutral,persona.high_e_high_n.v3,high_e_high_n,v3,complete_five_failures,5,unsuccessful,valid_feedback,filler.neutral.5,6714476192934985326,55,04a95813d7014d7950fe157a956d4387a292572957115ac209f07c7805a04adc,15,ce5d95544a095d12f3a94473e04ccab55002b524452e073c9d463fb6eb1f422c,0.015210073441267014
persona.high_e_high_n.v3.seed-2009.feedback_only,2009,feedback_only,persona.high_e_high_n.v3,high_e_high_n,v3,complete_five_failures,1,unsuccessful,valid_feedback,,1260204083383722554,10000,9582c82c0e979ad4740159fd2ec5d74526aeb48ac07bda14b2745a25206ae9f4,3048,8d8a406c2701498bf0a5134fc8d3d2dd3838c787cab23a0c65e571fa2681a630,0.006456037983298302
persona.high_e_high_n.v3.seed-2009.feedback_only,2009,feedback_only,persona.high_e_high_n.v3,high_e_high_n,v3,complete_five_failures,2,unsuccessful,valid_feedback,,8078703204154141548,3048,8d8a406c2701498bf0a5134fc8d3d2dd3838c787cab23a0c65e571fa2681a630,768,fc8d58a9e3d1f8e19ada2eb0935f356d1fd043e3c6223147b6eb63ab52c33d06,0.016583146527409554
persona.high_e_high_n.v3.seed-2009.feedback_only,2009,feedback_only,persona.high_e_high_n.v3,high_e_high_n,v3,complete_five_failures,3,unsuccessful,valid_feedback,,4408837213815512884,768,fc8d58a9e3d1f8e19ada2eb0935f356d1fd043e3c6223147b6eb63ab52c33d06,206,3701c51eacc8da4a43acc7def8b9efc78019c15d870b2f7a0f276ba681e765c0,0.016047542914748192
persona.high_e_high_n.v3.seed-2009.feedback_only,2009,feedback_only,persona.high_e_high_n.v3,high_e_high_n,v3,complete_five_failures,4,unsuccessful,valid_feedback,,5665391256835248990,206,3701c51eacc8da4a43acc7def8b9efc78019c15d870b2f7a0f276ba681e765c0,55,04a95813d7014d7950fe157a956d4387a292572957115ac209f07c7805a04adc,0.013578238897025585
persona.high_e_high_n.v3.seed-2009.feedback_only,2009,feedback_only,persona.high_e_high_n.v3,high_e_high_n,v3,complete_five_failures,5,unsuccessful,valid_feedback,,9128014439954229688,55,04a95813d7014d7950fe157a956d4387a292572957115ac209f07c7805a04adc,16,c4381b23c6bfad65ec6363bfce625f0aee93467eaa2c1d60c80ffbff1be04bda,0.013517911545932293
persona.high_e_high_n.v3.seed-2009.supportive,2009,supportive,persona.high_e_high_n.v3,high_e_high_n,v3,complete_five_failures,1,unsuccessful,valid_feedback,filler.supportive.1,1260204083383722554,10000,9582c82c0e979ad4740159fd2ec5d74526aeb48ac07bda14b2745a25206ae9f4,3048,8d8a406c2701498bf0a5134fc8d3d2dd3838c787cab23a0c65e571fa2681a630,0.004553820937871933
persona.high_e_high_n.v3.seed-2009.supportive,2009,supportive,persona.high_e_high_n.v3,high_e_high_n,v3,complete_five_failures,2,unsuccessful,valid_feedback,filler.supportive.2,8078703204154141548,3048,8d8a406c2701498bf0a5134fc8d3d2dd3838c787cab23a0c65e571fa2681a630,768,fc8d58a9e3d1f8e19ada2eb0935f356d1fd043e3c6223147b6eb63ab52c33d06,0.017216738313436508
persona.high_e_high_n.v3.seed-2009.supportive,2009,supportive,persona.high_e_high_n.v3,high_e_high_n,v3,complete_five_failures,3,unsuccessful,valid_feedback,filler.supportive.3,4408837213815512884,768,fc8d58a9e3d1f8e19ada2eb0935f356d1fd043e3c6223147b6eb63ab52c33d06,206,3701c51eacc8da4a43acc7def8b9efc78019c15d870b2f7a0f276ba681e765c0,0.01719019003212452
persona.high_e_high_n.v3.seed-2009.supportive,2009,supportive,persona.high_e_high_n.v3,high_e_high_n,v3,complete_five_failures,4,unsuccessful,valid_feedback,filler.supportive.4,5665391256835248990,206,3701c51eacc8da4a43acc7def8b9efc78019c15d870b2f7a0f276ba681e765c0,55,04a95813d7014d7950fe157a956d4387a292572957115ac209f07c7805a04adc,0.01657550223171711
persona.high_e_high_n.v3.seed-2009.supportive,2009,supportive,persona.high_e_high_n.v3,high_e_high_n,v3,complete_five_failures,5,unsuccessful,valid_feedback,filler.supportive.5,9128014439954229688,55,04a95813d7014d7950fe157a956d4387a292572957115ac209f07c7805a04adc,16,c4381b23c6bfad65ec6363bfce625f0aee93467eaa2c1d60c80ffbff1be04bda,0.01602291688323021
persona.high_e_high_n.v3.seed-2009.neutral,2009,neutral,persona.high_e_high_n.v3,high_e_high_n,v3,complete_five_failures,1,unsuccessful,valid_feedback,filler.neutral.1,1260204083383722554,10000,9582c82c0e979ad4740159fd2ec5d74526aeb48ac07bda14b2745a25206ae9f4,3048,8d8a406c2701498bf0a5134fc8d3d2dd3838c787cab23a0c65e571fa2681a630,0.004459311719983816
persona.high_e_high_n.v3.seed-2009.neutral,2009,neutral,persona.high_e_high_n.v3,high_e_high_n,v3,complete_five_failures,2,unsuccessful,valid_feedback,filler.neutral.2,8078703204154141548,3048,8d8a406c2701498bf0a5134fc8d3d2dd3838c787cab23a0c65e571fa2681a630,768,fc8d58a9e3d1f8e19ada2eb0935f356d1fd043e3c6223147b6eb63ab52c33d06,0.01604265347123146
persona.high_e_high_n.v3.seed-2009.neutral,2009,neutral,persona.high_e_high_n.v3,high_e_high_n,v3,complete_five_failures,3,unsuccessful,valid_feedback,filler.neutral.3,4408837213815512884,768,fc8d58a9e3d1f8e19ada2eb0935f356d1fd043e3c6223147b6eb63ab52c33d06,206,3701c51eacc8da4a43acc7def8b9efc78019c15d870b2f7a0f276ba681e765c0,0.014369695447385311
persona.high_e_high_n.v3.seed-2009.neutral,2009,neutral,persona.high_e_high_n.v3,high_e_high_n,v3,complete_five_failures,4,unsuccessful,valid_feedback,filler.neutral.4,5665391256835248990,206,3701c51eacc8da4a43acc7def8b9efc78019c15d870b2f7a0f276ba681e765c0,55,04a95813d7014d7950fe157a956d4387a292572957115ac209f07c7805a04adc,0.01266472041606903
persona.high_e_high_n.v3.seed-2009.neutral,2009,neutral,persona.high_e_high_n.v3,high_e_high_n,v3,complete_five_failures,5,unsuccessful,valid_feedback,filler.neutral.5,9128014439954229688,55,04a95813d7014d7950fe157a956d4387a292572957115ac209f07c7805a04adc,16,c4381b23c6bfad65ec6363bfce625f0aee93467eaa2c1d60c80ffbff1be04bda,0.012073629535734653
persona.high_e_high_n.v3.seed-2010.feedback_only,2010,feedback_only,persona.high_e_high_n.v3,high_e_high_n,v3,complete_five_failures,1,unsuccessful,valid_feedback,,3469795497683125335,10000,9582c82c0e979ad4740159fd2ec5d74526aeb48ac07bda14b2745a25206ae9f4,3048,8d8a406c2701498bf0a5134fc8d3d2dd3838c787cab23a0c65e571fa2681a630,0.006456037983298302
persona.high_e_high_n.v3.seed-2010.feedback_only,2010,feedback_only,persona.high_e_high_n.v3,high_e_high_n,v3,complete_five_failures,2,unsuccessful,valid_feedback,,7502407488306205158,3048,8d8a406c2701498bf0a5134fc8d3d2dd3838c787cab23a0c65e571fa2681a630,768,fc8d58a9e3d1f8e19ada2eb0935f356d1fd043e3c6223147b6eb63ab52c33d06,0.016583146527409554
persona.high_e_high_n.v3.seed-2010.feedback_only,2010,feedback_only,persona.high_e_high_n.v3,high_e_high_n,v3,complete_five_failures,3,unsuccessful,valid_feedback,,7505458095384574504,768,fc8d58a9e3d1f8e19ada2eb0935f356d1fd043e3c6223147b6eb63ab52c33d06,206,3701c51eacc8da4a43acc7def8b9efc78019c15d870b2f7a0f276ba681e765c0,0.016047542914748192
persona.high_e_high_n.v3.seed-2010.feedback_only,2010,feedback_only,persona.high_e_high_n.v3,high_e_high_n,v3,complete_five_failures,4,unsuccessful,valid_feedback,,8890796447059342011,206,3701c51eacc8da4a43acc7def8b9efc78019c15d870b2f7a0f276ba681e765c0,55,04a95813d7014d7950fe157a956d4387a292572957115ac209f07c7805a04adc,0.013578238897025585
persona.high_e_high_n.v3.seed-2010.feedback_only,2010,feedback_only,persona.high_e_high_n.v3,high_e_high_n,v3,complete_five_failures,5,unsuccessful,valid_feedback,,2061649511049620242,55,04a95813d7014d7950fe157a956d4387a292572957115ac209f07c7805a04adc,15,ce5d95544a095d12f3a94473e04ccab55002b524452e073c9d463fb6eb1f422c,0.017534706741571426
persona.high_e_high_n.v3.seed-2010.supportive,2010,supportive,persona.high_e_high_n.v3,high_e_high_n,v3,complete_five_failures,1,unsuccessful,valid_feedback,filler.supportive.1,3469795497683125335,10000,9582c82c0e979ad4740159fd2ec5d74526aeb48ac07bda14b2745a25206ae9f4,3048,8d8a406c2701498bf0a5134fc8d3d2dd3838c787cab23a0c65e571fa2681a630,0.004553820937871933
persona.high_e_high_n.v3.seed-2010.supportive,2010,supportive,persona.high_e_high_n.v3,high_e_high_n,v3,complete_five_failures,2,unsuccessful,valid_feedback,filler.supportive.2,7502407488306205158,3048,8d8a406c2701498bf0a5134fc8d3d2dd3838c787cab23a0c65e571fa2681a630,768,fc8d58a9e3d1f8e19ada2eb0935f356d1fd043e3c6223147b6eb63ab52c33d06,0.017216738313436508
persona.high_e_high_n.v3.seed-2010.supportive,2010,supportive,persona.high_e_high_n.v3,high_e_high_n,v3,complete_five_failures,3,unsuccessful,valid_feedback,filler.supportive.3,7505458095384574504,768,fc8d58a9e3d1f8e19ada2eb0935f356d1fd043e3c6223147b6eb63ab52c33d06,206,3701c51eacc8da4a43acc7def8b9efc78019c15d870b2f7a0f276ba681e765c0,0.01719019003212452
persona.high_e_high_n.v3.seed-2010.supportive,2010,supportive,persona.high_e_high_n.v3,high_e_high_n,v3,complete_five_failures,4,unsuccessful,valid_feedback,filler.supportive.4,8890796447059342011,206,3701c51eacc8da4a43acc7def8b9efc78019c15d870b2f7a0f276ba681e765c0,55,04a95813d7014d7950fe157a956d4387a292572957115ac209f07c7805a04adc,0.01657550223171711
persona.high_e_high_n.v3.seed-2010.supportive,2010,supportive,persona.high_e_high_n.v3,high_e_high_n,v3,complete_five_failures,5,unsuccessful,valid_feedback,filler.supportive.5,2061649511049620242,55,04a95813d7014d7950fe157a956d4387a292572957115ac209f07c7805a04adc,15,ce5d95544a095d12f3a94473e04ccab55002b524452e073c9d463fb6eb1f422c,0.018859412521123886
persona.high_e_high_n.v3.seed-2010.neutral,2010,neutral,persona.high_e_high_n.v3,high_e_high_n,v3,complete_five_failures,1,unsuccessful,valid_feedback,filler.neutral.1,3469795497683125335,10000,9582c82c0e979ad4740159fd2ec5d74526aeb48ac07bda14b2745a25206ae9f4,3048,8d8a406c2701498bf0a5134fc8d3d2dd3838c787cab23a0c65e571fa2681a630,0.004459311719983816
persona.high_e_high_n.v3.seed-2010.neutral,2010,neutral,persona.high_e_high_n.v3,high_e_high_n,v3,complete_five_failures,2,unsuccessful,valid_feedback,filler.neutral.2,7502407488306205158,3048,8d8a406c2701498bf0a5134fc8d3d2dd3838c787cab23a0c65e571fa2681a630,768,fc8d58a9e3d1f8e19ada2eb0935f356d1fd043e3c6223147b6eb63ab52c33d06,0.01604265347123146
persona.high_e_high_n.v3.seed-2010.neutral,2010,neutral,persona.high_e_high_n.v3,high_e_high_n,v3,complete_five_failures,3,unsuccessful,valid_feedback,filler.neutral.3,7505458095384574504,768,fc8d58a9e3d1f8e19ada2eb0935f356d1fd043e3c6223147b6eb63ab52c33d06,206,3701c51eacc8da4a43acc7def8b9efc78019c15d870b2f7a0f276ba681e765c0,0.014369695447385311
persona.high_e_high_n.v3.seed-2010.neutral,2010,neutral,persona.high_e_high_n.v3,high_e_high_n,v3,complete_five_failures,4,unsuccessful,valid_feedback,filler.neutral.4,8890796447059342011,206,3701c51eacc8da4a43acc7def8b9efc78019c15d870b2f7a0f276ba681e765c0,55,04a95813d7014d7950fe157a956d4387a292572957115ac209f07c7805a04adc,0.01266472041606903
persona.high_e_high_n.v3.seed-2010.neutral,2010,neutral,persona.high_e_high_n.v3,high_e_high_n,v3,complete_five_failures,5,unsuccessful,valid_feedback,filler.neutral.5,2061649511049620242,55,04a95813d7014d7950fe157a956d4387a292572957115ac209f07c7805a04adc,15,ce5d95544a095d12f3a94473e04ccab55002b524452e073c9d463fb6eb1f422c,0.015210073441267014
persona.high_e_low_n.seed-2001.feedback_only,2001,feedback_only,persona.high_e_low_n,high_e_low_n,v1,complete_five_failures,1,unsuccessful,valid_feedback,,4469567771656788920,10000,9582c82c0e979ad4740159fd2ec5d74526aeb48ac07bda14b2745a25206ae9f4,3048,8d8a406c2701498bf0a5134fc8d3d2dd3838c787cab23a0c65e571fa2681a630,0.00511575024574995
persona.high_e_low_n.seed-2001.feedback_only,2001,feedback_only,persona.high_e_low_n,high_e_low_n,v1,complete_five_failures,2,unsuccessful,valid_feedback,,462000147538888414,3048,8d8a406c2701498bf0a5134fc8d3d2dd3838c787cab23a0c65e571fa2681a630,768,fc8d58a9e3d1f8e19ada2eb0935f356d1fd043e3c6223147b6eb63ab52c33d06,0.01626560091972351
persona.high_e_low_n.seed-2001.feedback_only,2001,feedback_only,persona.high_e_low_n,high_e_low_n,v1,complete_five_failures,3,unsuccessful,valid_feedback,,7203904594921472573,768,fc8d58a9e3d1f8e19ada2eb0935f356d1fd043e3c6223147b6eb63ab52c33d06,206,3701c51eacc8da4a43acc7def8b9efc78019c15d870b2f7a0f276ba681e765c0,0.015569438226521015
persona.high_e_low_n.seed-2001.feedback_only,2001,feedback_only,persona.high_e_low_n,high_e_low_n,v1,complete_five_failures,4,unsuccessful,valid_feedback,,7493285141810551950,206,3701c51eacc8da4a43acc7def8b9efc78019c15d870b2f7a0f276ba681e765c0,55,04a95813d7014d7950fe157a956d4387a292572957115ac209f07c7805a04adc,0.013034640811383724
persona.high_e_low_n.seed-2001.feedback_only,2001,feedback_only,persona.high_e_low_n,high_e_low_n,v1,complete_five_failures,5,unsuccessful,valid_feedback,,1845676750874802399,55,04a95813d7014d7950fe157a956d4387a292572957115ac209f07c7805a04adc,15,ce5d95544a095d12f3a94473e04ccab55002b524452e073c9d463fb6eb1f422c,0.017283961176872253
persona.high_e_low_n.seed-2001.supportive,2001,supportive,persona.high_e_low_n,high_e_low_n,v1,complete_five_failures,1,unsuccessful,valid_feedback,filler.supportive.1,4469567771656788920,10000,9582c82c0e979ad4740159fd2ec5d74526aeb48ac07bda14b2745a25206ae9f4,3048,8d8a406c2701498bf0a5134fc8d3d2dd3838c787cab23a0c65e571fa2681a630,0.003054983215406537
persona.high_e_low_n.seed-2001.supportive,2001,supportive,persona.high_e_low_n,high_e_low_n,v1,complete_five_failures,2,unsuccessful,valid_feedback,filler.supportive.2,462000147538888414,3048,8d8a406c2701498bf0a5134fc8d3d2dd3838c787cab23a0c65e571fa2681a630,768,fc8d58a9e3d1f8e19ada2eb0935f356d1fd043e3c6223147b6eb63ab52c33d06,0.01635614223778248
persona.high_e_low_n.seed-2001.supportive,2001,supportive,persona.high_e_low_n,high_e_low_n,v1,complete_five_failures,3,unsuccessful,valid_feedback,filler.supportive.3,7203904594921472573,768,fc8d58a9e3d1f8e19ada2eb0935f356d1fd043e3c6223147b6eb63ab52c33d06,206,3701c51eacc8da4a43acc7def8b9efc78019c15d870b2f7a0f276ba681e765c0,0.016370007768273354
persona.high_e_low_n.seed-2001.supportive,2001,supportive,persona.high_e_low_n,high_e_low_n,v1,complete_five_failures,4,unsuccessful,valid_feedback,filler.supportive.4,7493285141810551950,206,3701c51eacc8da4a43acc7def8b9efc78019c15d870b2f7a0f276ba681e765c0,55,04a95813d7014d7950fe157a956d4387a292572957115ac209f07c7805a04adc,0.015574624761939049
persona.high_e_low_n.seed-2001.supportive,2001,supportive,persona.high_e_low_n,high_e_low_n,v1,complete_five_failures,5,unsuccessful,valid_feedback,filler.supportive.5,1845676750874802399,55,04a95813d7014d7950fe157a956d4387a292572957115ac209f07c7805a04adc,15,ce5d95544a095d12f3a94473e04ccab55002b524452e073c9d463fb6eb1f422c,0.018016191199421883
persona.high_e_low_n.seed-2001.neutral,2001,neutral,persona.high_e_low_n,high_e_low_n,v1,complete_five_failures,1,unsuccessful,valid_feedback,filler.neutral.1,4469567771656788920,10000,9582c82c0e979ad4740159fd2ec5d74526aeb48ac07bda14b2745a25206ae9f4,3048,8d8a406c2701498bf0a5134fc8d3d2dd3838c787cab23a0c65e571fa2681a630,0.0031490072142332792
persona.high_e_low_n.seed-2001.neutral,2001,neutral,persona.high_e_low_n,high_e_low_n,v1,complete_five_failures,2,unsuccessful,valid_feedback,filler.neutral.2,462000147538888414,3048,8d8a406c2701498bf0a5134fc8d3d2dd3838c787cab23a0c65e571fa2681a630,768,fc8d58a9e3d1f8e19ada2eb0935f356d1fd043e3c6223147b6eb63ab52c33d06,0.015476936474442482
persona.high_e_low_n.seed-2001.neutral,2001,neutral,persona.high_e_low_n,high_e_low_n,v1,complete_five_failures,3,unsuccessful,valid_feedback,filler.neutral.3,7203904594921472573,768,fc8d58a9e3d1f8e19ada2eb0935f356d1fd043e3c6223147b6eb63ab52c33d06,206,3701c51eacc8da4a43acc7def8b9efc78019c15d870b2f7a0f276ba681e765c0,0.013735637068748474
persona.high_e_low_n.seed-2001.neutral,2001,neutral,persona.high_e_low_n,high_e_low_n,v1,complete_five_failures,4,unsuccessful,valid_feedback,filler.neutral.4,7493285141810551950,206,3701c51eacc8da4a43acc7def8b9efc78019c15d870b2f7a0f276ba681e765c0,55,04a95813d7014d7950fe157a956d4387a292572957115ac209f07c7805a04adc,0.01199993584305048
persona.high_e_low_n.seed-2001.neutral,2001,neutral,persona.high_e_low_n,high_e_low_n,v1,complete_five_failures,5,unsuccessful,valid_feedback,filler.neutral.5,1845676750874802399,55,04a95813d7014d7950fe157a956d4387a292572957115ac209f07c7805a04adc,15,ce5d95544a095d12f3a94473e04ccab55002b524452e073c9d463fb6eb1f422c,0.01478075236082077
persona.high_e_low_n.seed-2002.feedback_only,2002,feedback_only,persona.high_e_low_n,high_e_low_n,v1,complete_five_failures,1,unsuccessful,valid_feedback,,1362916748984622560,10000,9582c82c0e979ad4740159fd2ec5d74526aeb48ac07bda14b2745a25206ae9f4,3048,c276bf3530cc8d3ce2b1ddb7f6cbf168184316c3a9894881b55d5b73f476cc0f,0.007386929355561733
persona.high_e_low_n.seed-2002.feedback_only,2002,feedback_only,persona.high_e_low_n,high_e_low_n,v1,complete_five_failures,2,unsuccessful,valid_feedback,,650953833576476763,3048,c276bf3530cc8d3ce2b1ddb7f6cbf168184316c3a9894881b55d5b73f476cc0f,886,0d3daa2ca8d34575596ff98fbf16fdc66fdcf7a2b2d6aaec69967d78b459ac5a,0.016942057758569717
persona.high_e_low_n.seed-2002.feedback_only,2002,feedback_only,persona.high_e_low_n,high_e_low_n,v1,complete_five_failures,3,invalid,invalid_guess,,2885332770678600905,886,0d3daa2ca8d34575596ff98fbf16fdc66fdcf7a2b2d6aaec69967d78b459ac5a,886,0d3daa2ca8d34575596ff98fbf16fdc66fdcf7a2b2d6aaec69967d78b459ac5a,0.019096724689006805
persona.high_e_low_n.seed-2002.feedback_only,2002,feedback_only,persona.high_e_low_n,high_e_low_n,v1,complete_five_failures,4,unsuccessful,valid_feedback,,3768721403253947093,886,0d3daa2ca8d34575596ff98fbf16fdc66fdcf7a2b2d6aaec69967d78b459ac5a,220,b031badf1c7b454458384239ee7ddba0095ddd30af33aaf382c5c243f0c0deff,0.00942824874073267
persona.high_e_low_n.seed-2002.feedback_only,2002,feedback_only,persona.high_e_low_n,high_e_low_n,v1,complete_five_failures,5,unsuccessful,valid_feedback,,7993377739206102388,220,b031badf1c7b454458384239ee7ddba0095ddd30af33aaf382c5c243f0c0deff,62,b502b312ad24fbedb79ad5b6f04133d76144a7889717dfed8a885ca84c303ed9,0.014037677086889744
persona.high_e_low_n.seed-2002.supportive,2002,supportive,persona.high_e_low_n,high_e_low_n,v1,complete_five_failures,1,unsuccessful,valid_feedback,filler.supportive.1,1362916748984622560,10000,9582c82c0e979ad4740159fd2ec5d74526aeb48ac07bda14b2745a25206ae9f4,3048,c276bf3530cc8d3ce2b1ddb7f6cbf168184316c3a9894881b55d5b73f476cc0f,0.005565531086176634
persona.high_e_low_n.seed-2002.supportive,2002,supportive,persona.high_e_low_n,high_e_low_n,v1,complete_five_failures,2,unsuccessful,valid_feedback,filler.supportive.2,650953833576476763,3048,c276bf3530cc8d3ce2b1ddb7f6cbf168184316c3a9894881b55d5b73f476cc0f,886,0d3daa2ca8d34575596ff98fbf16fdc66fdcf7a2b2d6aaec69967d78b459ac5a,0.01684187352657318
persona.high_e_low_n.seed-2002.supportive,2002,supportive,persona.high_e_low_n,high_e_low_n,v1,complete_five_failures,3,invalid,invalid_guess,filler.supportive.3,2885332770678600905,886,0d3daa2ca8d34575596ff98fbf16fdc66fdcf7a2b2d6aaec69967d78b459ac5a,886,0d3daa2ca8d34575596ff98fbf16fdc66fdcf7a2b2d6aaec69967d78b459ac5a,0.015191075392067432
persona.high_e_low_n.seed-2002.supportive,2002,supportive,persona.high_e_low_n,high_e_low_n,v1,complete_five_failures,4,unsuccessful,valid_feedback,filler.supportive.4,3768721403253947093,886,0d3daa2ca8d34575596ff98fbf16fdc66fdcf7a2b2d6aaec69967d78b459ac5a,239,cff8a270d51840c08248b6ef13bde1397c422a567b01cfd641bfa8b2f7af521c,0.012786931358277798
persona.high_e_low_n.seed-2002.supportive,2002,supportive,persona.high_e_low_n,high_e_low_n,v1,complete_five_failures,5,unsuccessful,valid_feedback,filler.supportive.5,7993377739206102388,239,cff8a270d51840c08248b6ef13bde1397c422a567b01cfd641bfa8b2f7af521c,99,a51f1f20171535ce91cf6e07622fd22a398d26effb0f93daadff2c05af3f2ffe,0.016863226890563965
persona.high_e_low_n.seed-2002.neutral,2002,neutral,persona.high_e_low_n,high_e_low_n,v1,complete_five_failures,1,unsuccessful,valid_feedback,filler.neutral.1,1362916748984622560,10000,9582c82c0e979ad4740159fd2ec5d74526aeb48ac07bda14b2745a25206ae9f4,3048,c276bf3530cc8d3ce2b1ddb7f6cbf168184316c3a9894881b55d5b73f476cc0f,0.004697834141552448
persona.high_e_low_n.seed-2002.neutral,2002,neutral,persona.high_e_low_n,high_e_low_n,v1,complete_five_failures,2,unsuccessful,valid_feedback,filler.neutral.2,650953833576476763,3048,c276bf3530cc8d3ce2b1ddb7f6cbf168184316c3a9894881b55d5b73f476cc0f,886,0d3daa2ca8d34575596ff98fbf16fdc66fdcf7a2b2d6aaec69967d78b459ac5a,0.01586877927184105
persona.high_e_low_n.seed-2002.neutral,2002,neutral,persona.high_e_low_n,high_e_low_n,v1,complete_five_failures,3,invalid,invalid_guess,filler.neutral.3,2885332770678600905,886,0d3daa2ca8d34575596ff98fbf16fdc66fdcf7a2b2d6aaec69967d78b459ac5a,886,0d3daa2ca8d34575596ff98fbf16fdc66fdcf7a2b2d6aaec69967d78b459ac5a,0.009435723535716534
persona.high_e_low_n.seed-2002.neutral,2002,neutral,persona.high_e_low_n,high_e_low_n,v1,complete_five_failures,4,unsuccessful,valid_feedback,filler.neutral.4,3768721403253947093,886,0d3daa2ca8d34575596ff98fbf16fdc66fdcf7a2b2d6aaec69967d78b459ac5a,239,cff8a270d51840c08248b6ef13bde1397c422a567b01cfd641bfa8b2f7af521c,0.008003398776054382
persona.high_e_low_n.seed-2002.neutral,2002,neutral,persona.high_e_low_n,high_e_low_n,v1,complete_five_failures,5,unsuccessful,valid_feedback,filler.neutral.5,7993377739206102388,239,cff8a270d51840c08248b6ef13bde1397c422a567b01cfd641bfa8b2f7af521c,86,dcd48a937783d3bcce96dce35bf00f78d8bce6a4cbdc63193bb9a4bef974927b,0.013799354434013367
persona.high_e_low_n.seed-2003.feedback_only,2003,feedback_only,persona.high_e_low_n,high_e_low_n,v1,complete_five_failures,1,unsuccessful,valid_feedback,,8452511391424371538,10000,9582c82c0e979ad4740159fd2ec5d74526aeb48ac07bda14b2745a25206ae9f4,3048,8d8a406c2701498bf0a5134fc8d3d2dd3838c787cab23a0c65e571fa2681a630,0.00511575024574995
persona.high_e_low_n.seed-2003.feedback_only,2003,feedback_only,persona.high_e_low_n,high_e_low_n,v1,complete_five_failures,2,unsuccessful,valid_feedback,,2185802378076996070,3048,8d8a406c2701498bf0a5134fc8d3d2dd3838c787cab23a0c65e571fa2681a630,768,fc8d58a9e3d1f8e19ada2eb0935f356d1fd043e3c6223147b6eb63ab52c33d06,0.01626560091972351
persona.high_e_low_n.seed-2003.feedback_only,2003,feedback_only,persona.high_e_low_n,high_e_low_n,v1,complete_five_failures,3,unsuccessful,valid_feedback,,4546495009630349109,768,fc8d58a9e3d1f8e19ada2eb0935f356d1fd043e3c6223147b6eb63ab52c33d06,206,3701c51eacc8da4a43acc7def8b9efc78019c15d870b2f7a0f276ba681e765c0,0.015569438226521015
persona.high_e_low_n.seed-2003.feedback_only,2003,feedback_only,persona.high_e_low_n,high_e_low_n,v1,complete_five_failures,4,unsuccessful,valid_feedback,,5827469766280291389,206,3701c51eacc8da4a43acc7def8b9efc78019c15d870b2f7a0f276ba681e765c0,55,04a95813d7014d7950fe157a956d4387a292572957115ac209f07c7805a04adc,0.013034640811383724
persona.high_e_low_n.seed-2003.feedback_only,2003,feedback_only,persona.high_e_low_n,high_e_low_n,v1,complete_five_failures,5,unsuccessful,valid_feedback,,9189069359561447070,55,04a95813d7014d7950fe157a956d4387a292572957115ac209f07c7805a04adc,15,ce5d95544a095d12f3a94473e04ccab55002b524452e073c9d463fb6eb1f422c,0.017283961176872253
persona.high_e_low_n.seed-2003.supportive,2003,supportive,persona.high_e_low_n,high_e_low_n,v1,complete_five_failures,1,unsuccessful,valid_feedback,filler.supportive.1,8452511391424371538,10000,9582c82c0e979ad4740159fd2ec5d74526aeb48ac07bda14b2745a25206ae9f4,3048,8d8a406c2701498bf0a5134fc8d3d2dd3838c787cab23a0c65e571fa2681a630,0.003054983215406537
persona.high_e_low_n.seed-2003.supportive,2003,supportive,persona.high_e_low_n,high_e_low_n,v1,complete_five_failures,2,unsuccessful,valid_feedback,filler.supportive.2,2185802378076996070,3048,8d8a406c2701498bf0a5134fc8d3d2dd3838c787cab23a0c65e571fa2681a630,768,fc8d58a9e3d1f8e19ada2eb0935f356d1fd043e3c6223147b6eb63ab52c33d06,0.01635614223778248
persona.high_e_low_n.seed-2003.supportive,2003,supportive,persona.high_e_low_n,high_e_low_n,v1,complete_five_failures,3,unsuccessful,valid_feedback,filler.supportive.3,4546495009630349109,768,fc8d58a9e3d1f8e19ada2eb0935f356d1fd043e3c6223147b6eb63ab52c33d06,206,3701c51eacc8da4a43acc7def8b9efc78019c15d870b2f7a0f276ba681e765c0,0.016370007768273354
persona.high_e_low_n.seed-2003.supportive,2003,supportive,persona.high_e_low_n,high_e_low_n,v1,complete_five_failures,4,unsuccessful,valid_feedback,filler.supportive.4,5827469766280291389,206,3701c51eacc8da4a43acc7def8b9efc78019c15d870b2f7a0f276ba681e765c0,55,04a95813d7014d7950fe157a956d4387a292572957115ac209f07c7805a04adc,0.015574624761939049
persona.high_e_low_n.seed-2003.supportive,2003,supportive,persona.high_e_low_n,high_e_low_n,v1,complete_five_failures,5,unsuccessful,valid_feedback,filler.supportive.5,9189069359561447070,55,04a95813d7014d7950fe157a956d4387a292572957115ac209f07c7805a04adc,15,ce5d95544a095d12f3a94473e04ccab55002b524452e073c9d463fb6eb1f422c,0.018016191199421883
persona.high_e_low_n.seed-2003.neutral,2003,neutral,persona.high_e_low_n,high_e_low_n,v1,complete_five_failures,1,unsuccessful,valid_feedback,filler.neutral.1,8452511391424371538,10000,9582c82c0e979ad4740159fd2ec5d74526aeb48ac07bda14b2745a25206ae9f4,3048,8d8a406c2701498bf0a5134fc8d3d2dd3838c787cab23a0c65e571fa2681a630,0.0031490072142332792
persona.high_e_low_n.seed-2003.neutral,2003,neutral,persona.high_e_low_n,high_e_low_n,v1,complete_five_failures,2,unsuccessful,valid_feedback,filler.neutral.2,2185802378076996070,3048,8d8a406c2701498bf0a5134fc8d3d2dd3838c787cab23a0c65e571fa2681a630,768,fc8d58a9e3d1f8e19ada2eb0935f356d1fd043e3c6223147b6eb63ab52c33d06,0.015476936474442482
persona.high_e_low_n.seed-2003.neutral,2003,neutral,persona.high_e_low_n,high_e_low_n,v1,complete_five_failures,3,unsuccessful,valid_feedback,filler.neutral.3,4546495009630349109,768,fc8d58a9e3d1f8e19ada2eb0935f356d1fd043e3c6223147b6eb63ab52c33d06,206,3701c51eacc8da4a43acc7def8b9efc78019c15d870b2f7a0f276ba681e765c0,0.013735637068748474
persona.high_e_low_n.seed-2003.neutral,2003,neutral,persona.high_e_low_n,high_e_low_n,v1,complete_five_failures,4,unsuccessful,valid_feedback,filler.neutral.4,5827469766280291389,206,3701c51eacc8da4a43acc7def8b9efc78019c15d870b2f7a0f276ba681e765c0,55,04a95813d7014d7950fe157a956d4387a292572957115ac209f07c7805a04adc,0.01199993584305048
persona.high_e_low_n.seed-2003.neutral,2003,neutral,persona.high_e_low_n,high_e_low_n,v1,complete_five_failures,5,unsuccessful,valid_feedback,filler.neutral.5,9189069359561447070,55,04a95813d7014d7950fe157a956d4387a292572957115ac209f07c7805a04adc,15,ce5d95544a095d12f3a94473e04ccab55002b524452e073c9d463fb6eb1f422c,0.01478075236082077
persona.high_e_low_n.seed-2004.feedback_only,2004,feedback_only,persona.high_e_low_n,high_e_low_n,v1,complete_five_failures,1,unsuccessful,valid_feedback,,3012682462339476124,10000,9582c82c0e979ad4740159fd2ec5d74526aeb48ac07bda14b2745a25206ae9f4,6561,53a14051f308be8c745906018a762ceb477324e2fdfef98aa3ddc1cd72bc1dbf,0.005723414942622185
persona.high_e_low_n.seed-2004.feedback_only,2004,feedback_only,persona.high_e_low_n,high_e_low_n,v1,complete_five_failures,2,unsuccessful,valid_feedback,,5539227853087561902,6561,53a14051f308be8c745906018a762ceb477324e2fdfef98aa3ddc1cd72bc1dbf,4096,376496ebbc388d8377fe7808c992e94a578bc62ac25dfbf6252690822d1450d6,0.01221807673573494
persona.high_e_low_n.seed-2004.feedback_only,2004,feedback_only,persona.high_e_low_n,high_e_low_n,v1,complete_five_failures,3,unsuccessful,valid_feedback,,9087570836507131457,4096,376496ebbc388d8377fe7808c992e94a578bc62ac25dfbf6252690822d1450d6,2401,189f5cdadf24cab8dffbae24e408b2d176c74829ec85b4aaf529f1064f1bda1e,0.01755364052951336
persona.high_e_low_n.seed-2004.feedback_only,2004,feedback_only,persona.high_e_low_n,high_e_low_n,v1,complete_five_failures,4,unsuccessful,valid_feedback,,4770636941596934890,2401,189f5cdadf24cab8dffbae24e408b2d176c74829ec85b4aaf529f1064f1bda1e,1296,e89552d5dca552c05e3ffd1f6a4215ff15f21f0c2b733aaa2eeeffc5541698b2,0.02001218870282173
persona.high_e_low_n.seed-2004.feedback_only,2004,feedback_only,persona.high_e_low_n,high_e_low_n,v1,complete_five_failures,5,unsuccessful,valid_feedback,,879249873976900214,1296,e89552d5dca552c05e3ffd1f6a4215ff15f21f0c2b733aaa2eeeffc5541698b2,625,4d28f7984ad1e52f00b72ec545d23d24e5091aa76e3403c7e85db43033899fbe,0.020549923181533813
persona.high_e_low_n.seed-2004.supportive,2004,supportive,persona.high_e_low_n,high_e_low_n,v1,complete_five_failures,1,unsuccessful,valid_feedback,filler.supportive.1,3012682462339476124,10000,9582c82c0e979ad4740159fd2ec5d74526aeb48ac07bda14b2745a25206ae9f4,6561,53a14051f308be8c745906018a762ceb477324e2fdfef98aa3ddc1cd72bc1dbf,0.0013996020425111055
persona.high_e_low_n.seed-2004.supportive,2004,supportive,persona.high_e_low_n,high_e_low_n,v1,complete_five_failures,2,unsuccessful,valid_feedback,filler.supportive.2,5539227853087561902,6561,53a14051f308be8c745906018a762ceb477324e2fdfef98aa3ddc1cd72bc1dbf,1820,ab963e3ac5c47a412aa8e77e52f2aebf2c350c67899c4acae4511a5e0eb024e6,0.01451448816806078
persona.high_e_low_n.seed-2004.supportive,2004,supportive,persona.high_e_low_n,high_e_low_n,v1,complete_five_failures,3,unsuccessful,valid_feedback,filler.supportive.3,9087570836507131457,1820,ab963e3ac5c47a412aa8e77e52f2aebf2c350c67899c4acae4511a5e0eb024e6,588,8700a3bcaa3be0b6d6d88102648e2e896709b87e73bc3b226c676a53c735b7aa,0.017479833215475082
persona.high_e_low_n.seed-2004.supportive,2004,supportive,persona.high_e_low_n,high_e_low_n,v1,complete_five_failures,4,unsuccessful,valid_feedback,filler.supportive.4,4770636941596934890,588,8700a3bcaa3be0b6d6d88102648e2e896709b87e73bc3b226c676a53c735b7aa,184,cb198093726eef3fc3e7114005fe6d3fcfc94f89aa68ca88f644f07878fb6efb,0.019863557070493698
persona.high_e_low_n.seed-2004.supportive,2004,supportive,persona.high_e_low_n,high_e_low_n,v1,complete_five_failures,5,unsuccessful,valid_feedback,filler.supportive.5,879249873976900214,184,cb198093726eef3fc3e7114005fe6d3fcfc94f89aa68ca88f644f07878fb6efb,63,f5615a652174268c6d89bcdffbb8a46dc5825ddf29135ada17dc66ea2dbefec9,0.020441625267267227
persona.high_e_low_n.seed-2004.neutral,2004,neutral,persona.high_e_low_n,high_e_low_n,v1,complete_five_failures,1,unsuccessful,valid_feedback,filler.neutral.1,3012682462339476124,10000,9582c82c0e979ad4740159fd2ec5d74526aeb48ac07bda14b2745a25206ae9f4,6561,53a14051f308be8c745906018a762ceb477324e2fdfef98aa3ddc1cd72bc1dbf,0.0015835901722311974
persona.high_e_low_n.seed-2004.neutral,2004,neutral,persona.high_e_low_n,high_e_low_n,v1,complete_five_failures,2,unsuccessful,valid_feedback,filler.neutral.2,5539227853087561902,6561,53a14051f308be8c745906018a762ceb477324e2fdfef98aa3ddc1cd72bc1dbf,1820,ab963e3ac5c47a412aa8e77e52f2aebf2c350c67899c4acae4511a5e0eb024e6,0.0121742719784379
persona.high_e_low_n.seed-2004.neutral,2004,neutral,persona.high_e_low_n,high_e_low_n,v1,complete_five_failures,3,unsuccessful,valid_feedback,filler.neutral.3,9087570836507131457,1820,ab963e3ac5c47a412aa8e77e52f2aebf2c350c67899c4acae4511a5e0eb024e6,588,8700a3bcaa3be0b6d6d88102648e2e896709b87e73bc3b226c676a53c735b7aa,0.014788511209189892
persona.high_e_low_n.seed-2004.neutral,2004,neutral,persona.high_e_low_n,high_e_low_n,v1,complete_five_failures,4,unsuccessful,valid_feedback,filler.neutral.4,4770636941596934890,588,8700a3bcaa3be0b6d6d88102648e2e896709b87e73bc3b226c676a53c735b7aa,184,cb198093726eef3fc3e7114005fe6d3fcfc94f89aa68ca88f644f07878fb6efb,0.014609428122639656
persona.high_e_low_n.seed-2004.neutral,2004,neutral,persona.high_e_low_n,high_e_low_n,v1,complete_five_failures,5,unsuccessful,valid_feedback,filler.neutral.5,879249873976900214,184,cb198093726eef3fc3e7114005fe6d3fcfc94f89aa68ca88f644f07878fb6efb,63,f5615a652174268c6d89bcdffbb8a46dc5825ddf29135ada17dc66ea2dbefec9,0.016795484349131584
persona.high_e_low_n.seed-2005.feedback_only,2005,feedback_only,persona.high_e_low_n,high_e_low_n,v1,complete_five_failures,1,unsuccessful,valid_feedback,,8146282925072561755,10000,9582c82c0e979ad4740159fd2ec5d74526aeb48ac07bda14b2745a25206ae9f4,3048,8d8a406c2701498bf0a5134fc8d3d2dd3838c787cab23a0c65e571fa2681a630,0.002247043652459979
persona.high_e_low_n.seed-2005.feedback_only,2005,feedback_only,persona.high_e_low_n,high_e_low_n,v1,complete_five_failures,2,unsuccessful,valid_feedback,,7270573099286778731,3048,8d8a406c2701498bf0a5134fc8d3d2dd3838c787cab23a0c65e571fa2681a630,768,fc8d58a9e3d1f8e19ada2eb0935f356d1fd043e3c6223147b6eb63ab52c33d06,0.012984853237867355
persona.high_e_low_n.seed-2005.feedback_only,2005,feedback_only,persona.high_e_low_n,high_e_low_n,v1,complete_five_failures,3,unsuccessful,valid_feedback,,320833271567228942,768,fc8d58a9e3d1f8e19ada2eb0935f356d1fd043e3c6223147b6eb63ab52c33d06,184,bb21685db6fbb818e3af6f4c5457db0c37e606a39470f45697f58b6b63d9526f,0.014210604131221771
persona.high_e_low_n.seed-2005.feedback_only,2005,feedback_only,persona.high_e_low_n,high_e_low_n,v1,complete_five_failures,4,unsuccessful,valid_feedback,,1081455331307413947,184,bb21685db6fbb818e3af6f4c5457db0c37e606a39470f45697f58b6b63d9526f,52,8727d9ce5fc0fc52767e37f5a5888530542b8cfb1a8cd4921fbcebfe35c06ec9,0.011716491542756557
persona.high_e_low_n.seed-2005.feedback_only,2005,feedback_only,persona.high_e_low_n,high_e_low_n,v1,complete_five_failures,5,unsuccessful,valid_feedback,,5451539660838294209,52,8727d9ce5fc0fc52767e37f5a5888530542b8cfb1a8cd4921fbcebfe35c06ec9,14,b095fd74ddff9807c5b218bb54089369c9a8234da040fb89bc7b476d47ae2067,0.002280917949974537
persona.high_e_low_n.seed-2005.supportive,2005,supportive,persona.high_e_low_n,high_e_low_n,v1,complete_five_failures,1,unsuccessful,valid_feedback,filler.supportive.1,8146282925072561755,10000,9582c82c0e979ad4740159fd2ec5d74526aeb48ac07bda14b2745a25206ae9f4,3048,8d8a406c2701498bf0a5134fc8d3d2dd3838c787cab23a0c65e571fa2681a630,-0.0009762764093466103
persona.high_e_low_n.seed-2005.supportive,2005,supportive,persona.high_e_low_n,high_e_low_n,v1,complete_five_failures,2,unsuccessful,valid_feedback,filler.supportive.2,7270573099286778731,3048,8d8a406c2701498bf0a5134fc8d3d2dd3838c787cab23a0c65e571fa2681a630,768,fc8d58a9e3d1f8e19ada2eb0935f356d1fd043e3c6223147b6eb63ab52c33d06,0.01467864029109478
persona.high_e_low_n.seed-2005.supportive,2005,supportive,persona.high_e_low_n,high_e_low_n,v1,complete_five_failures,3,unsuccessful,valid_feedback,filler.supportive.3,320833271567228942,768,fc8d58a9e3d1f8e19ada2eb0935f356d1fd043e3c6223147b6eb63ab52c33d06,190,35049178f6b4f7103224259f9c9baff8546af3ff8ac7de6c3814cb9b2c8a38ef,0.012966105714440346
persona.high_e_low_n.seed-2005.supportive,2005,supportive,persona.high_e_low_n,high_e_low_n,v1,complete_five_failures,4,unsuccessful,valid_feedback,filler.supportive.4,1081455331307413947,190,35049178f6b4f7103224259f9c9baff8546af3ff8ac7de6c3814cb9b2c8a38ef,51,7f6792ea80549f3fe04e97f7dcf6ec11eee7817a080ac7fed3b10acf9289c34c,0.007929130457341671
persona.high_e_low_n.seed-2005.supportive,2005,supportive,persona.high_e_low_n,high_e_low_n,v1,complete_five_failures,5,unsuccessful,valid_feedback,filler.supportive.5,5451539660838294209,51,7f6792ea80549f3fe04e97f7dcf6ec11eee7817a080ac7fed3b10acf9289c34c,25,ece30cf22d281aa2d29dbd5b632ea660c98aac1c9754a6467a2c6815b58b52cd,0.013299509882926941
persona.high_e_low_n.seed-2005.neutral,2005,neutral,persona.high_e_low_n,high_e_low_n,v1,complete_five_failures,1,unsuccessful,valid_feedback,filler.neutral.1,8146282925072561755,10000,9582c82c0e979ad4740159fd2ec5d74526aeb48ac07bda14b2745a25206ae9f4,3048,8d8a406c2701498bf0a5134fc8d3d2dd3838c787cab23a0c65e571fa2681a630,-0.0009992113336920738
persona.high_e_low_n.seed-2005.neutral,2005,neutral,persona.high_e_low_n,high_e_low_n,v1,complete_five_failures,2,unsuccessful,valid_feedback,filler.neutral.2,7270573099286778731,3048,8d8a406c2701498bf0a5134fc8d3d2dd3838c787cab23a0c65e571fa2681a630,768,fc8d58a9e3d1f8e19ada2eb0935f356d1fd043e3c6223147b6eb63ab52c33d06,0.011272220872342587
persona.high_e_low_n.seed-2005.neutral,2005,neutral,persona.high_e_low_n,high_e_low_n,v1,complete_five_failures,3,unsuccessful,valid_feedback,filler.neutral.3,320833271567228942,768,fc8d58a9e3d1f8e19ada2eb0935f356d1fd043e3c6223147b6eb63ab52c33d06,184,bb21685db6fbb818e3af6f4c5457db0c37e606a39470f45697f58b6b63d9526f,0.01216462068259716
persona.high_e_low_n.seed-2005.neutral,2005,neutral,persona.high_e_low_n,high_e_low_n,v1,complete_five_failures,4,unsuccessful,valid_feedback,filler.neutral.4,1081455331307413947,184,bb21685db6fbb818e3af6f4c5457db0c37e606a39470f45697f58b6b63d9526f,46,e3f05775af2f3fb2465dd21b0bc5a6dac6415b64618aaa49d98df1e0774df3ca,0.010792273096740246
persona.high_e_low_n.seed-2005.neutral,2005,neutral,persona.high_e_low_n,high_e_low_n,v1,complete_five_failures,5,unsuccessful,valid_feedback,filler.neutral.5,5451539660838294209,46,e3f05775af2f3fb2465dd21b0bc5a6dac6415b64618aaa49d98df1e0774df3ca,20,5473296ada55e06d05e3fbf1d02ee3422f49af3eb73f4747257f653189e475b1,0.005023280158638954
persona.high_e_low_n.seed-2006.feedback_only,2006,feedback_only,persona.high_e_low_n,high_e_low_n,v1,complete_five_failures,1,unsuccessful,valid_feedback,,20746705984210227,10000,9582c82c0e979ad4740159fd2ec5d74526aeb48ac07bda14b2745a25206ae9f4,3048,8d8a406c2701498bf0a5134fc8d3d2dd3838c787cab23a0c65e571fa2681a630,0.00511575024574995
persona.high_e_low_n.seed-2006.feedback_only,2006,feedback_only,persona.high_e_low_n,high_e_low_n,v1,complete_five_failures,2,unsuccessful,valid_feedback,,7186787635236517948,3048,8d8a406c2701498bf0a5134fc8d3d2dd3838c787cab23a0c65e571fa2681a630,768,fc8d58a9e3d1f8e19ada2eb0935f356d1fd043e3c6223147b6eb63ab52c33d06,0.01626560091972351
persona.high_e_low_n.seed-2006.feedback_only,2006,feedback_only,persona.high_e_low_n,high_e_low_n,v1,complete_five_failures,3,unsuccessful,valid_feedback,,2633872377281840482,768,fc8d58a9e3d1f8e19ada2eb0935f356d1fd043e3c6223147b6eb63ab52c33d06,206,3701c51eacc8da4a43acc7def8b9efc78019c15d870b2f7a0f276ba681e765c0,0.015569438226521015
persona.high_e_low_n.seed-2006.feedback_only,2006,feedback_only,persona.high_e_low_n,high_e_low_n,v1,complete_five_failures,4,unsuccessful,valid_feedback,,7338954399356967658,206,3701c51eacc8da4a43acc7def8b9efc78019c15d870b2f7a0f276ba681e765c0,55,04a95813d7014d7950fe157a956d4387a292572957115ac209f07c7805a04adc,0.013034640811383724
persona.high_e_low_n.seed-2006.feedback_only,2006,feedback_only,persona.high_e_low_n,high_e_low_n,v1,complete_five_failures,5,unsuccessful,valid_feedback,,9132968224681273883,55,04a95813d7014d7950fe157a956d4387a292572957115ac209f07c7805a04adc,15,ce5d95544a095d12f3a94473e04ccab55002b524452e073c9d463fb6eb1f422c,0.017283961176872253
persona.high_e_low_n.seed-2006.supportive,2006,supportive,persona.high_e_low_n,high_e_low_n,v1,complete_five_failures,1,unsuccessful,valid_feedback,filler.supportive.1,20746705984210227,10000,9582c82c0e979ad4740159fd2ec5d74526aeb48ac07bda14b2745a25206ae9f4,3048,8d8a406c2701498bf0a5134fc8d3d2dd3838c787cab23a0c65e571fa2681a630,0.003054983215406537
persona.high_e_low_n.seed-2006.supportive,2006,supportive,persona.high_e_low_n,high_e_low_n,v1,complete_five_failures,2,unsuccessful,valid_feedback,filler.supportive.2,7186787635236517948,3048,8d8a406c2701498bf0a5134fc8d3d2dd3838c787cab23a0c65e571fa2681a630,768,fc8d58a9e3d1f8e19ada2eb0935f356d1fd043e3c6223147b6eb63ab52c33d06,0.01635614223778248
persona.high_e_low_n.seed-2006.supportive,2006,supportive,persona.high_e_low_n,high_e_low_n,v1,complete_five_failures,3,unsuccessful,valid_feedback,filler.supportive.3,2633872377281840482,768,fc8d58a9e3d1f8e19ada2eb0935f356d1fd043e3c6223147b6eb63ab52c33d06,206,3701c51eacc8da4a43acc7def8b9efc78019c15d870b2f7a0f276ba681e765c0,0.016370007768273354
persona.high_e_low_n.seed-2006.supportive,2006,supportive,persona.high_e_low_n,high_e_low_n,v1,complete_five_failures,4,unsuccessful,valid_feedback,filler.supportive.4,7338954399356967658,206,3701c51eacc8da4a43acc7def8b9efc78019c15d870b2f7a0f276ba681e765c0,55,04a95813d7014d7950fe157a956d4387a292572957115ac209f07c7805a04adc,0.015574624761939049
persona.high_e_low_n.seed-2006.supportive,2006,supportive,persona.high_e_low_n,high_e_low_n,v1,complete_five_failures,5,unsuccessful,valid_feedback,filler.supportive.5,9132968224681273883,55,04a95813d7014d7950fe157a956d4387a292572957115ac209f07c7805a04adc,15,ce5d95544a095d12f3a94473e04ccab55002b524452e073c9d463fb6eb1f422c,0.018016191199421883
persona.high_e_low_n.seed-2006.neutral,2006,neutral,persona.high_e_low_n,high_e_low_n,v1,complete_five_failures,1,unsuccessful,valid_feedback,filler.neutral.1,20746705984210227,10000,9582c82c0e979ad4740159fd2ec5d74526aeb48ac07bda14b2745a25206ae9f4,3048,8d8a406c2701498bf0a5134fc8d3d2dd3838c787cab23a0c65e571fa2681a630,0.0031490072142332792
persona.high_e_low_n.seed-2006.neutral,2006,neutral,persona.high_e_low_n,high_e_low_n,v1,complete_five_failures,2,unsuccessful,valid_feedback,filler.neutral.2,7186787635236517948,3048,8d8a406c2701498bf0a5134fc8d3d2dd3838c787cab23a0c65e571fa2681a630,768,fc8d58a9e3d1f8e19ada2eb0935f356d1fd043e3c6223147b6eb63ab52c33d06,0.015476936474442482
persona.high_e_low_n.seed-2006.neutral,2006,neutral,persona.high_e_low_n,high_e_low_n,v1,complete_five_failures,3,unsuccessful,valid_feedback,filler.neutral.3,2633872377281840482,768,fc8d58a9e3d1f8e19ada2eb0935f356d1fd043e3c6223147b6eb63ab52c33d06,206,3701c51eacc8da4a43acc7def8b9efc78019c15d870b2f7a0f276ba681e765c0,0.013735637068748474
persona.high_e_low_n.seed-2006.neutral,2006,neutral,persona.high_e_low_n,high_e_low_n,v1,complete_five_failures,4,unsuccessful,valid_feedback,filler.neutral.4,7338954399356967658,206,3701c51eacc8da4a43acc7def8b9efc78019c15d870b2f7a0f276ba681e765c0,55,04a95813d7014d7950fe157a956d4387a292572957115ac209f07c7805a04adc,0.01199993584305048
persona.high_e_low_n.seed-2006.neutral,2006,neutral,persona.high_e_low_n,high_e_low_n,v1,complete_five_failures,5,unsuccessful,valid_feedback,filler.neutral.5,9132968224681273883,55,04a95813d7014d7950fe157a956d4387a292572957115ac209f07c7805a04adc,15,ce5d95544a095d12f3a94473e04ccab55002b524452e073c9d463fb6eb1f422c,0.01478075236082077
persona.high_e_low_n.seed-2007.feedback_only,2007,feedback_only,persona.high_e_low_n,high_e_low_n,v1,complete_five_failures,1,unsuccessful,valid_feedback,,5495818002014909466,10000,9582c82c0e979ad4740159fd2ec5d74526aeb48ac07bda14b2745a25206ae9f4,3048,8d8a406c2701498bf0a5134fc8d3d2dd3838c787cab23a0c65e571fa2681a630,0.00511575024574995
persona.high_e_low_n.seed-2007.feedback_only,2007,feedback_only,persona.high_e_low_n,high_e_low_n,v1,complete_five_failures,2,unsuccessful,valid_feedback,,7092970346930268185,3048,8d8a406c2701498bf0a5134fc8d3d2dd3838c787cab23a0c65e571fa2681a630,768,fc8d58a9e3d1f8e19ada2eb0935f356d1fd043e3c6223147b6eb63ab52c33d06,0.01626560091972351
persona.high_e_low_n.seed-2007.feedback_only,2007,feedback_only,persona.high_e_low_n,high_e_low_n,v1,complete_five_failures,3,unsuccessful,valid_feedback,,4413334138324627702,768,fc8d58a9e3d1f8e19ada2eb0935f356d1fd043e3c6223147b6eb63ab52c33d06,206,3701c51eacc8da4a43acc7def8b9efc78019c15d870b2f7a0f276ba681e765c0,0.015569438226521015
persona.high_e_low_n.seed-2007.feedback_only,2007,feedback_only,persona.high_e_low_n,high_e_low_n,v1,complete_five_failures,4,unsuccessful,valid_feedback,,7609396874926615527,206,3701c51eacc8da4a43acc7def8b9efc78019c15d870b2f7a0f276ba681e765c0,55,04a95813d7014d7950fe157a956d4387a292572957115ac209f07c7805a04adc,0.013034640811383724
persona.high_e_low_n.seed-2007.feedback_only,2007,feedback_only,persona.high_e_low_n,high_e_low_n,v1,complete_five_failures,5,unsuccessful,valid_feedback,,1032535146999642755,55,04a95813d7014d7950fe157a956d4387a292572957115ac209f07c7805a04adc,15,ce5d95544a095d12f3a94473e04ccab55002b524452e073c9d463fb6eb1f422c,0.017283961176872253
persona.high_e_low_n.seed-2007.supportive,2007,supportive,persona.high_e_low_n,high_e_low_n,v1,complete_five_failures,1,unsuccessful,valid_feedback,filler.supportive.1,5495818002014909466,10000,9582c82c0e979ad4740159fd2ec5d74526aeb48ac07bda14b2745a25206ae9f4,3048,8d8a406c2701498bf0a5134fc8d3d2dd3838c787cab23a0c65e571fa2681a630,0.003054983215406537
persona.high_e_low_n.seed-2007.supportive,2007,supportive,persona.high_e_low_n,high_e_low_n,v1,complete_five_failures,2,unsuccessful,valid_feedback,filler.supportive.2,7092970346930268185,3048,8d8a406c2701498bf0a5134fc8d3d2dd3838c787cab23a0c65e571fa2681a630,768,fc8d58a9e3d1f8e19ada2eb0935f356d1fd043e3c6223147b6eb63ab52c33d06,0.01635614223778248
persona.high_e_low_n.seed-2007.supportive,2007,supportive,persona.high_e_low_n,high_e_low_n,v1,complete_five_failures,3,unsuccessful,valid_feedback,filler.supportive.3,4413334138324627702,768,fc8d58a9e3d1f8e19ada2eb0935f356d1fd043e3c6223147b6eb63ab52c33d06,184,bb21685db6fbb818e3af6f4c5457db0c37e606a39470f45697f58b6b63d9526f,0.015379492193460464
persona.high_e_low_n.seed-2007.supportive,2007,supportive,persona.high_e_low_n,high_e_low_n,v1,complete_five_failures,4,unsuccessful,valid_feedback,filler.supportive.4,7609396874926615527,184,bb21685db6fbb818e3af6f4c5457db0c37e606a39470f45697f58b6b63d9526f,52,8727d9ce5fc0fc52767e37f5a5888530542b8cfb1a8cd4921fbcebfe35c06ec9,0.016042271628975868
persona.high_e_low_n.seed-2007.supportive,2007,supportive,persona.high_e_low_n,high_e_low_n,v1,complete_five_failures,5,unsuccessful,valid_feedback,filler.supportive.5,1032535146999642755,52,8727d9ce5fc0fc52767e37f5a5888530542b8cfb1a8cd4921fbcebfe35c06ec9,14,c20fe7ff3ea44b293310f977030bad517d0ae0a26ec375b140ddc7f54e24f9f9,0.01827310398221016
persona.high_e_low_n.seed-2007.neutral,2007,neutral,persona.high_e_low_n,high_e_low_n,v1,complete_five_failures,1,unsuccessful,valid_feedback,filler.neutral.1,5495818002014909466,10000,9582c82c0e979ad4740159fd2ec5d74526aeb48ac07bda14b2745a25206ae9f4,3048,8d8a406c2701498bf0a5134fc8d3d2dd3838c787cab23a0c65e571fa2681a630,0.0031490072142332792
persona.high_e_low_n.seed-2007.neutral,2007,neutral,persona.high_e_low_n,high_e_low_n,v1,complete_five_failures,2,unsuccessful,valid_feedback,filler.neutral.2,7092970346930268185,3048,8d8a406c2701498bf0a5134fc8d3d2dd3838c787cab23a0c65e571fa2681a630,768,fc8d58a9e3d1f8e19ada2eb0935f356d1fd043e3c6223147b6eb63ab52c33d06,0.015476936474442482
persona.high_e_low_n.seed-2007.neutral,2007,neutral,persona.high_e_low_n,high_e_low_n,v1,complete_five_failures,3,unsuccessful,valid_feedback,filler.neutral.3,4413334138324627702,768,fc8d58a9e3d1f8e19ada2eb0935f356d1fd043e3c6223147b6eb63ab52c33d06,184,bb21685db6fbb818e3af6f4c5457db0c37e606a39470f45697f58b6b63d9526f,0.013022689148783684
persona.high_e_low_n.seed-2007.neutral,2007,neutral,persona.high_e_low_n,high_e_low_n,v1,complete_five_failures,4,unsuccessful,valid_feedback,filler.neutral.4,7609396874926615527,184,bb21685db6fbb818e3af6f4c5457db0c37e606a39470f45697f58b6b63d9526f,52,8727d9ce5fc0fc52767e37f5a5888530542b8cfb1a8cd4921fbcebfe35c06ec9,0.011791172437369823
persona.high_e_low_n.seed-2007.neutral,2007,neutral,persona.high_e_low_n,high_e_low_n,v1,complete_five_failures,5,unsuccessful,valid_feedback,filler.neutral.5,1032535146999642755,52,8727d9ce5fc0fc52767e37f5a5888530542b8cfb1a8cd4921fbcebfe35c06ec9,14,c20fe7ff3ea44b293310f977030bad517d0ae0a26ec375b140ddc7f54e24f9f9,0.014551440253853798
persona.high_e_low_n.seed-2008.feedback_only,2008,feedback_only,persona.high_e_low_n,high_e_low_n,v1,complete_five_failures,1,unsuccessful,valid_feedback,,8344175065288078558,10000,9582c82c0e979ad4740159fd2ec5d74526aeb48ac07bda14b2745a25206ae9f4,3048,db3e09caf8d9fe544e3300a8fb9e065e8f096165d4da0ef01c77d1914c1a939a,0.007049567066133022
persona.high_e_low_n.seed-2008.feedback_only,2008,feedback_only,persona.high_e_low_n,high_e_low_n,v1,complete_five_failures,2,unsuccessful,valid_feedback,,1764828235997338309,3048,db3e09caf8d9fe544e3300a8fb9e065e8f096165d4da0ef01c77d1914c1a939a,768,d480a83984f7d7a5f0948aedfe353e5507b5c410d01a3fd8ee84dfd54675586f,0.01782219670712948
persona.high_e_low_n.seed-2008.feedback_only,2008,feedback_only,persona.high_e_low_n,high_e_low_n,v1,complete_five_failures,3,unsuccessful,valid_feedback,,1186103364016962603,768,d480a83984f7d7a5f0948aedfe353e5507b5c410d01a3fd8ee84dfd54675586f,194,00f91b14f036a5de859e9bfb7342479d060d7442592d814feaa3311b7aed3e23,0.019876670092344284
persona.high_e_low_n.seed-2008.feedback_only,2008,feedback_only,persona.high_e_low_n,high_e_low_n,v1,complete_five_failures,4,unsuccessful,valid_feedback,,1157719167337881160,194,00f91b14f036a5de859e9bfb7342479d060d7442592d814feaa3311b7aed3e23,50,99b4550ff7b20390981f36fe83715e008dbd08292e361bfe3a7d5edca988d041,0.014824412763118744
persona.high_e_low_n.seed-2008.feedback_only,2008,feedback_only,persona.high_e_low_n,high_e_low_n,v1,complete_five_failures,5,unsuccessful,valid_feedback,,6714476192934985326,50,99b4550ff7b20390981f36fe83715e008dbd08292e361bfe3a7d5edca988d041,15,854615e93b14ca998d6ef10537c0a493080de05051ab1e49dbd221a7bffe5090,0.017161695286631584
persona.high_e_low_n.seed-2008.supportive,2008,supportive,persona.high_e_low_n,high_e_low_n,v1,complete_five_failures,1,unsuccessful,valid_feedback,filler.supportive.1,8344175065288078558,10000,9582c82c0e979ad4740159fd2ec5d74526aeb48ac07bda14b2745a25206ae9f4,3048,db3e09caf8d9fe544e3300a8fb9e065e8f096165d4da0ef01c77d1914c1a939a,0.005187720060348511
persona.high_e_low_n.seed-2008.supportive,2008,supportive,persona.high_e_low_n,high_e_low_n,v1,complete_five_failures,2,unsuccessful,valid_feedback,filler.supportive.2,1764828235997338309,3048,db3e09caf8d9fe544e3300a8fb9e065e8f096165d4da0ef01c77d1914c1a939a,768,d480a83984f7d7a5f0948aedfe353e5507b5c410d01a3fd8ee84dfd54675586f,0.017293699085712433
persona.high_e_low_n.seed-2008.supportive,2008,supportive,persona.high_e_low_n,high_e_low_n,v1,complete_five_failures,3,unsuccessful,valid_feedback,filler.supportive.3,1186103364016962603,768,d480a83984f7d7a5f0948aedfe353e5507b5c410d01a3fd8ee84dfd54675586f,194,00f91b14f036a5de859e9bfb7342479d060d7442592d814feaa3311b7aed3e23,0.019013263285160065
persona.high_e_low_n.seed-2008.supportive,2008,supportive,persona.high_e_low_n,high_e_low_n,v1,complete_five_failures,4,unsuccessful,valid_feedback,filler.supportive.4,1157719167337881160,194,00f91b14f036a5de859e9bfb7342479d060d7442592d814feaa3311b7aed3e23,50,99b4550ff7b20390981f36fe83715e008dbd08292e361bfe3a7d5edca988d041,0.015497855842113495
persona.high_e_low_n.seed-2008.supportive,2008,supportive,persona.high_e_low_n,high_e_low_n,v1,complete_five_failures,5,unsuccessful,valid_feedback,filler.supportive.5,6714476192934985326,50,99b4550ff7b20390981f36fe83715e008dbd08292e361bfe3a7d5edca988d041,27,1b253dbc5dbe43c4bc7205f4a8e872cfb8b93fcced49f5d0cc93433023644eba,0.015313251875340939
persona.high_e_low_n.seed-2008.neutral,2008,neutral,persona.high_e_low_n,high_e_low_n,v1,complete_five_failures,1,unsuccessful,valid_feedback,filler.neutral.1,8344175065288078558,10000,9582c82c0e979ad4740159fd2ec5d74526aeb48ac07bda14b2745a25206ae9f4,3048,db3e09caf8d9fe544e3300a8fb9e065e8f096165d4da0ef01c77d1914c1a939a,0.003452380420640111
persona.high_e_low_n.seed-2008.neutral,2008,neutral,persona.high_e_low_n,high_e_low_n,v1,complete_five_failures,2,unsuccessful,valid_feedback,filler.neutral.2,1764828235997338309,3048,db3e09caf8d9fe544e3300a8fb9e065e8f096165d4da0ef01c77d1914c1a939a,768,5cd676d20b73535e66fa4484e4849ec299e5aa93baf26611f4a135b1c7c0d7fd,0.01628952845931053
persona.high_e_low_n.seed-2008.neutral,2008,neutral,persona.high_e_low_n,high_e_low_n,v1,complete_five_failures,3,unsuccessful,valid_feedback,filler.neutral.3,1186103364016962603,768,5cd676d20b73535e66fa4484e4849ec299e5aa93baf26611f4a135b1c7c0d7fd,200,da0592db3f94b6e25501e3a03a8dcf83bf0b1602871666a4c23c2df41f308fb3,0.015589289367198944
persona.high_e_low_n.seed-2008.neutral,2008,neutral,persona.high_e_low_n,high_e_low_n,v1,complete_five_failures,4,unsuccessful,valid_feedback,filler.neutral.4,1157719167337881160,200,da0592db3f94b6e25501e3a03a8dcf83bf0b1602871666a4c23c2df41f308fb3,64,56b19fb94e65d4ed4c0454d5bb0517b780dea62b7da2b13ab21f42422dd1d4af,0.01517215184867382
persona.high_e_low_n.seed-2008.neutral,2008,neutral,persona.high_e_low_n,high_e_low_n,v1,complete_five_failures,5,unsuccessful,valid_feedback,filler.neutral.5,6714476192934985326,64,56b19fb94e65d4ed4c0454d5bb0517b780dea62b7da2b13ab21f42422dd1d4af,25,7e72fd98f40a906315f348772cf1bd7a57a69344038567adb75e1cba5e795e65,0.0181332565844059
persona.high_e_low_n.seed-2009.feedback_only,2009,feedback_only,persona.high_e_low_n,high_e_low_n,v1,complete_five_failures,1,unsuccessful,valid_feedback,,1260204083383722554,10000,9582c82c0e979ad4740159fd2ec5d74526aeb48ac07bda14b2745a25206ae9f4,3048,8d8a406c2701498bf0a5134fc8d3d2dd3838c787cab23a0c65e571fa2681a630,0.00511575024574995
persona.high_e_low_n.seed-2009.feedback_only,2009,feedback_only,persona.high_e_low_n,high_e_low_n,v1,complete_five_failures,2,unsuccessful,valid_feedback,,8078703204154141548,3048,8d8a406c2701498bf0a5134fc8d3d2dd3838c787cab23a0c65e571fa2681a630,768,fc8d58a9e3d1f8e19ada2eb0935f356d1fd043e3c6223147b6eb63ab52c33d06,0.01626560091972351
persona.high_e_low_n.seed-2009.feedback_only,2009,feedback_only,persona.high_e_low_n,high_e_low_n,v1,complete_five_failures,3,unsuccessful,valid_feedback,,4408837213815512884,768,fc8d58a9e3d1f8e19ada2eb0935f356d1fd043e3c6223147b6eb63ab52c33d06,206,3701c51eacc8da4a43acc7def8b9efc78019c15d870b2f7a0f276ba681e765c0,0.015569438226521015
persona.high_e_low_n.seed-2009.feedback_only,2009,feedback_only,persona.high_e_low_n,high_e_low_n,v1,complete_five_failures,4,unsuccessful,valid_feedback,,5665391256835248990,206,3701c51eacc8da4a43acc7def8b9efc78019c15d870b2f7a0f276ba681e765c0,55,04a95813d7014d7950fe157a956d4387a292572957115ac209f07c7805a04adc,0.013034640811383724
persona.high_e_low_n.seed-2009.feedback_only,2009,feedback_only,persona.high_e_low_n,high_e_low_n,v1,complete_five_failures,5,unsuccessful,valid_feedback,,9128014439954229688,55,04a95813d7014d7950fe157a956d4387a292572957115ac209f07c7805a04adc,16,c4381b23c6bfad65ec6363bfce625f0aee93467eaa2c1d60c80ffbff1be04bda,0.012672328390181065
persona.high_e_low_n.seed-2009.supportive,2009,supportive,persona.high_e_low_n,high_e_low_n,v1,complete_five_failures,1,unsuccessful,valid_feedback,filler.supportive.1,1260204083383722554,10000,9582c82c0e979ad4740159fd2ec5d74526aeb48ac07bda14b2745a25206ae9f4,3048,8d8a406c2701498bf0a5134fc8d3d2dd3838c787cab23a0c65e571fa2681a630,0.003054983215406537
persona.high_e_low_n.seed-2009.supportive,2009,supportive,persona.high_e_low_n,high_e_low_n,v1,complete_five_failures,2,unsuccessful,valid_feedback,filler.supportive.2,8078703204154141548,3048,8d8a406c2701498bf0a5134fc8d3d2dd3838c787cab23a0c65e571fa2681a630,768,fc8d58a9e3d1f8e19ada2eb0935f356d1fd043e3c6223147b6eb63ab52c33d06,0.01635614223778248
persona.high_e_low_n.seed-2009.supportive,2009,supportive,persona.high_e_low_n,high_e_low_n,v1,complete_five_failures,3,unsuccessful,valid_feedback,filler.supportive.3,4408837213815512884,768,fc8d58a9e3d1f8e19ada2eb0935f356d1fd043e3c6223147b6eb63ab52c33d06,184,bb21685db6fbb818e3af6f4c5457db0c37e606a39470f45697f58b6b63d9526f,0.015379492193460464
persona.high_e_low_n.seed-2009.supportive,2009,supportive,persona.high_e_low_n,high_e_low_n,v1,complete_five_failures,4,unsuccessful,valid_feedback,filler.supportive.4,5665391256835248990,184,bb21685db6fbb818e3af6f4c5457db0c37e606a39470f45697f58b6b63d9526f,52,8727d9ce5fc0fc52767e37f5a5888530542b8cfb1a8cd4921fbcebfe35c06ec9,0.016042271628975868
persona.high_e_low_n.seed-2009.supportive,2009,supportive,persona.high_e_low_n,high_e_low_n,v1,complete_five_failures,5,unsuccessful,valid_feedback,filler.supportive.5,9128014439954229688,52,8727d9ce5fc0fc52767e37f5a5888530542b8cfb1a8cd4921fbcebfe35c06ec9,14,667ed144f66082f64c9231eb088f118d398b891f4a8c9e9fef02952a87d4d8ab,0.015432632528245449
persona.high_e_low_n.seed-2009.neutral,2009,neutral,persona.high_e_low_n,high_e_low_n,v1,complete_five_failures,1,unsuccessful,valid_feedback,filler.neutral.1,1260204083383722554,10000,9582c82c0e979ad4740159fd2ec5d74526aeb48ac07bda14b2745a25206ae9f4,3048,8d8a406c2701498bf0a5134fc8d3d2dd3838c787cab23a0c65e571fa2681a630,0.0031490072142332792
persona.high_e_low_n.seed-2009.neutral,2009,neutral,persona.high_e_low_n,high_e_low_n,v1,complete_five_failures,2,unsuccessful,valid_feedback,filler.neutral.2,8078703204154141548,3048,8d8a406c2701498bf0a5134fc8d3d2dd3838c787cab23a0c65e571fa2681a630,768,fc8d58a9e3d1f8e19ada2eb0935f356d1fd043e3c6223147b6eb63ab52c33d06,0.015476936474442482
persona.high_e_low_n.seed-2009.neutral,2009,neutral,persona.high_e_low_n,high_e_low_n,v1,complete_five_failures,3,unsuccessful,valid_feedback,filler.neutral.3,4408837213815512884,768,fc8d58a9e3d1f8e19ada2eb0935f356d1fd043e3c6223147b6eb63ab52c33d06,184,bb21685db6fbb818e3af6f4c5457db0c37e606a39470f45697f58b6b63d9526f,0.013022689148783684
persona.high_e_low_n.seed-2009.neutral,2009,neutral,persona.high_e_low_n,high_e_low_n,v1,complete_five_failures,4,unsuccessful,valid_feedback,filler.neutral.4,5665391256835248990,184,bb21685db6fbb818e3af6f4c5457db0c37e606a39470f45697f58b6b63d9526f,52,8727d9ce5fc0fc52767e37f5a5888530542b8cfb1a8cd4921fbcebfe35c06ec9,0.011791172437369823
persona.high_e_low_n.seed-2009.neutral,2009,neutral,persona.high_e_low_n,high_e_low_n,v1,complete_five_failures,5,unsuccessful,valid_feedback,filler.neutral.5,9128014439954229688,52,8727d9ce5fc0fc52767e37f5a5888530542b8cfb1a8cd4921fbcebfe35c06ec9,14,667ed144f66082f64c9231eb088f118d398b891f4a8c9e9fef02952a87d4d8ab,0.012074844911694527
persona.high_e_low_n.seed-2010.feedback_only,2010,feedback_only,persona.high_e_low_n,high_e_low_n,v1,complete_five_failures,1,unsuccessful,valid_feedback,,3469795497683125335,10000,9582c82c0e979ad4740159fd2ec5d74526aeb48ac07bda14b2745a25206ae9f4,3048,8d8a406c2701498bf0a5134fc8d3d2dd3838c787cab23a0c65e571fa2681a630,0.00511575024574995
persona.high_e_low_n.seed-2010.feedback_only,2010,feedback_only,persona.high_e_low_n,high_e_low_n,v1,complete_five_failures,2,unsuccessful,valid_feedback,,7502407488306205158,3048,8d8a406c2701498bf0a5134fc8d3d2dd3838c787cab23a0c65e571fa2681a630,768,fc8d58a9e3d1f8e19ada2eb0935f356d1fd043e3c6223147b6eb63ab52c33d06,0.01626560091972351
persona.high_e_low_n.seed-2010.feedback_only,2010,feedback_only,persona.high_e_low_n,high_e_low_n,v1,complete_five_failures,3,unsuccessful,valid_feedback,,7505458095384574504,768,fc8d58a9e3d1f8e19ada2eb0935f356d1fd043e3c6223147b6eb63ab52c33d06,206,3701c51eacc8da4a43acc7def8b9efc78019c15d870b2f7a0f276ba681e765c0,0.015569438226521015
persona.high_e_low_n.seed-2010.feedback_only,2010,feedback_only,persona.high_e_low_n,high_e_low_n,v1,complete_five_failures,4,unsuccessful,valid_feedback,,8890796447059342011,206,3701c51eacc8da4a43acc7def8b9efc78019c15d870b2f7a0f276ba681e765c0,55,04a95813d7014d7950fe157a956d4387a292572957115ac209f07c7805a04adc,0.013034640811383724
persona.high_e_low_n.seed-2010.feedback_only,2010,feedback_only,persona.high_e_low_n,high_e_low_n,v1,complete_five_failures,5,unsuccessful,valid_feedback,,2061649511049620242,55,04a95813d7014d7950fe157a956d4387a292572957115ac209f07c7805a04adc,15,ce5d95544a095d12f3a94473e04ccab55002b524452e073c9d463fb6eb1f422c,0.017283961176872253
persona.high_e_low_n.seed-2010.supportive,2010,supportive,persona.high_e_low_n,high_e_low_n,v1,complete_five_failures,1,unsuccessful,valid_feedback,filler.supportive.1,3469795497683125335,10000,9582c82c0e979ad4740159fd2ec5d74526aeb48ac07bda14b2745a25206ae9f4,3048,8d8a406c2701498bf0a5134fc8d3d2dd3838c787cab23a0c65e571fa2681a630,0.003054983215406537
persona.high_e_low_n.seed-2010.supportive,2010,supportive,persona.high_e_low_n,high_e_low_n,v1,complete_five_failures,2,unsuccessful,valid_feedback,filler.supportive.2,7502407488306205158,3048,8d8a406c2701498bf0a5134fc8d3d2dd3838c787cab23a0c65e571fa2681a630,768,fc8d58a9e3d1f8e19ada2eb0935f356d1fd043e3c6223147b6eb63ab52c33d06,0.01635614223778248
persona.high_e_low_n.seed-2010.supportive,2010,supportive,persona.high_e_low_n,high_e_low_n,v1,complete_five_failures,3,unsuccessful,valid_feedback,filler.supportive.3,7505458095384574504,768,fc8d58a9e3d1f8e19ada2eb0935f356d1fd043e3c6223147b6eb63ab52c33d06,184,bb21685db6fbb818e3af6f4c5457db0c37e606a39470f45697f58b6b63d9526f,0.015379492193460464
persona.high_e_low_n.seed-2010.supportive,2010,supportive,persona.high_e_low_n,high_e_low_n,v1,complete_five_failures,4,unsuccessful,valid_feedback,filler.supportive.4,8890796447059342011,184,bb21685db6fbb818e3af6f4c5457db0c37e606a39470f45697f58b6b63d9526f,46,e3f05775af2f3fb2465dd21b0bc5a6dac6415b64618aaa49d98df1e0774df3ca,0.01577930711209774
persona.high_e_low_n.seed-2010.supportive,2010,supportive,persona.high_e_low_n,high_e_low_n,v1,complete_five_failures,5,unsuccessful,valid_feedback,filler.supportive.5,2061649511049620242,46,e3f05775af2f3fb2465dd21b0bc5a6dac6415b64618aaa49d98df1e0774df3ca,20,5473296ada55e06d05e3fbf1d02ee3422f49af3eb73f4747257f653189e475b1,0.011027882806956768
persona.high_e_low_n.seed-2010.neutral,2010,neutral,persona.high_e_low_n,high_e_low_n,v1,complete_five_failures,1,unsuccessful,valid_feedback,filler.neutral.1,3469795497683125335,10000,9582c82c0e979ad4740159fd2ec5d74526aeb48ac07bda14b2745a25206ae9f4,3048,8d8a406c2701498bf0a5134fc8d3d2dd3838c787cab23a0c65e571fa2681a630,0.0031490072142332792
persona.high_e_low_n.seed-2010.neutral,2010,neutral,persona.high_e_low_n,high_e_low_n,v1,complete_five_failures,2,unsuccessful,valid_feedback,filler.neutral.2,7502407488306205158,3048,8d8a406c2701498bf0a5134fc8d3d2dd3838c787cab23a0c65e571fa2681a630,768,fc8d58a9e3d1f8e19ada2eb0935f356d1fd043e3c6223147b6eb63ab52c33d06,0.015476936474442482
persona.high_e_low_n.seed-2010.neutral,2010,neutral,persona.high_e_low_n,high_e_low_n,v1,complete_five_failures,3,unsuccessful,valid_feedback,filler.neutral.3,7505458095384574504,768,fc8d58a9e3d1f8e19ada2eb0935f356d1fd043e3c6223147b6eb63ab52c33d06,184,bb21685db6fbb818e3af6f4c5457db0c37e606a39470f45697f58b6b63d9526f,0.013022689148783684
persona.high_e_low_n.seed-2010.neutral,2010,neutral,persona.high_e_low_n,high_e_low_n,v1,complete_five_failures,4,unsuccessful,valid_feedback,filler.neutral.4,8890796447059342011,184,bb21685db6fbb818e3af6f4c5457db0c37e606a39470f45697f58b6b63d9526f,46,e3f05775af2f3fb2465dd21b0bc5a6dac6415b64618aaa49d98df1e0774df3ca,0.012097134254872799
persona.high_e_low_n.seed-2010.neutral,2010,neutral,persona.high_e_low_n,high_e_low_n,v1,complete_five_failures,5,unsuccessful,valid_feedback,filler.neutral.5,2061649511049620242,46,e3f05775af2f3fb2465dd21b0bc5a6dac6415b64618aaa49d98df1e0774df3ca,20,5473296ada55e06d05e3fbf1d02ee3422f49af3eb73f4747257f653189e475b1,0.008070911280810833
persona.high_e_low_n.v2.seed-2001.feedback_only,2001,feedback_only,persona.high_e_low_n.v2,high_e_low_n,v2,complete_five_failures,1,unsuccessful,valid_feedback,,4469567771656788920,10000,9582c82c0e979ad4740159fd2ec5d74526aeb48ac07bda14b2745a25206ae9f4,3048,8d8a406c2701498bf0a5134fc8d3d2dd3838c787cab23a0c65e571fa2681a630,0.005223467480391264
persona.high_e_low_n.v2.seed-2001.feedback_only,2001,feedback_only,persona.high_e_low_n.v2,high_e_low_n,v2,complete_five_failures,2,unsuccessful,valid_feedback,,462000147538888414,3048,8d8a406c2701498bf0a5134fc8d3d2dd3838c787cab23a0c65e571fa2681a630,768,fc8d58a9e3d1f8e19ada2eb0935f356d1fd043e3c6223147b6eb63ab52c33d06,0.015539726242423058
persona.high_e_low_n.v2.seed-2001.feedback_only,2001,feedback_only,persona.high_e_low_n.v2,high_e_low_n,v2,complete_five_failures,3,unsuccessful,valid_feedback,,7203904594921472573,768,fc8d58a9e3d1f8e19ada2eb0935f356d1fd043e3c6223147b6eb63ab52c33d06,206,3701c51eacc8da4a43acc7def8b9efc78019c15d870b2f7a0f276ba681e765c0,0.014869160018861294
persona.high_e_low_n.v2.seed-2001.feedback_only,2001,feedback_only,persona.high_e_low_n.v2,high_e_low_n,v2,complete_five_failures,4,unsuccessful,valid_feedback,,7493285141810551950,206,3701c51eacc8da4a43acc7def8b9efc78019c15d870b2f7a0f276ba681e765c0,55,04a95813d7014d7950fe157a956d4387a292572957115ac209f07c7805a04adc,0.011901961639523506
persona.high_e_low_n.v2.seed-2001.feedback_only,2001,feedback_only,persona.high_e_low_n.v2,high_e_low_n,v2,complete_five_failures,5,unsuccessful,valid_feedback,,1845676750874802399,55,04a95813d7014d7950fe157a956d4387a292572957115ac209f07c7805a04adc,15,ce5d95544a095d12f3a94473e04ccab55002b524452e073c9d463fb6eb1f422c,0.01605783961713314
persona.high_e_low_n.v2.seed-2001.supportive,2001,supportive,persona.high_e_low_n.v2,high_e_low_n,v2,complete_five_failures,1,unsuccessful,valid_feedback,filler.supportive.1,4469567771656788920,10000,9582c82c0e979ad4740159fd2ec5d74526aeb48ac07bda14b2745a25206ae9f4,3048,8d8a406c2701498bf0a5134fc8d3d2dd3838c787cab23a0c65e571fa2681a630,0.0032176452223211527
persona.high_e_low_n.v2.seed-2001.supportive,2001,supportive,persona.high_e_low_n.v2,high_e_low_n,v2,complete_five_failures,2,unsuccessful,valid_feedback,filler.supportive.2,462000147538888414,3048,8d8a406c2701498bf0a5134fc8d3d2dd3838c787cab23a0c65e571fa2681a630,768,fc8d58a9e3d1f8e19ada2eb0935f356d1fd043e3c6223147b6eb63ab52c33d06,0.015529941767454147
persona.high_e_low_n.v2.seed-2001.supportive,2001,supportive,persona.high_e_low_n.v2,high_e_low_n,v2,complete_five_failures,3,unsuccessful,valid_feedback,filler.supportive.3,7203904594921472573,768,fc8d58a9e3d1f8e19ada2eb0935f356d1fd043e3c6223147b6eb63ab52c33d06,206,3701c51eacc8da4a43acc7def8b9efc78019c15d870b2f7a0f276ba681e765c0,0.015402549877762794
persona.high_e_low_n.v2.seed-2001.supportive,2001,supportive,persona.high_e_low_n.v2,high_e_low_n,v2,complete_five_failures,4,unsuccessful,valid_feedback,filler.supportive.4,7493285141810551950,206,3701c51eacc8da4a43acc7def8b9efc78019c15d870b2f7a0f276ba681e765c0,55,04a95813d7014d7950fe157a956d4387a292572957115ac209f07c7805a04adc,0.014754343777894974
persona.high_e_low_n.v2.seed-2001.supportive,2001,supportive,persona.high_e_low_n.v2,high_e_low_n,v2,complete_five_failures,5,unsuccessful,valid_feedback,filler.supportive.5,1845676750874802399,55,04a95813d7014d7950fe157a956d4387a292572957115ac209f07c7805a04adc,15,ce5d95544a095d12f3a94473e04ccab55002b524452e073c9d463fb6eb1f422c,0.016814658418297768
persona.high_e_low_n.v2.seed-2001.neutral,2001,neutral,persona.high_e_low_n.v2,high_e_low_n,v2,complete_five_failures,1,unsuccessful,valid_feedback,filler.neutral.1,4469567771656788920,10000,9582c82c0e979ad4740159fd2ec5d74526aeb48ac07bda14b2745a25206ae9f4,3048,8d8a406c2701498bf0a5134fc8d3d2dd3838c787cab23a0c65e571fa2681a630,0.0033067173790186644
persona.high_e_low_n.v2.seed-2001.neutral,2001,neutral,persona.high_e_low_n.v2,high_e_low_n,v2,complete_five_failures,2,unsuccessful,valid_feedback,filler.neutral.2,462000147538888414,3048,8d8a406c2701498bf0a5134fc8d3d2dd3838c787cab23a0c65e571fa2681a630,768,fc8d58a9e3d1f8e19ada2eb0935f356d1fd043e3c6223147b6eb63ab52c33d06,0.014717177487909794
persona.high_e_low_n.v2.seed-2001.neutral,2001,neutral,persona.high_e_low_n.v2,high_e_low_n,v2,complete_five_failures,3,unsuccessful,valid_feedback,filler.neutral.3,7203904594921472573,768,fc8d58a9e3d1f8e19ada2eb0935f356d1fd043e3c6223147b6eb63ab52c33d06,206,3701c51eacc8da4a43acc7def8b9efc78019c15d870b2f7a0f276ba681e765c0,0.012826717458665371
persona.high_e_low_n.v2.seed-2001.neutral,2001,neutral,persona.high_e_low_n.v2,high_e_low_n,v2,complete_five_failures,4,unsuccessful,valid_feedback,filler.neutral.4,7493285141810551950,206,3701c51eacc8da4a43acc7def8b9efc78019c15d870b2f7a0f276ba681e765c0,55,04a95813d7014d7950fe157a956d4387a292572957115ac209f07c7805a04adc,0.010812131687998772
persona.high_e_low_n.v2.seed-2001.neutral,2001,neutral,persona.high_e_low_n.v2,high_e_low_n,v2,complete_five_failures,5,unsuccessful,valid_feedback,filler.neutral.5,1845676750874802399,55,04a95813d7014d7950fe157a956d4387a292572957115ac209f07c7805a04adc,15,ce5d95544a095d12f3a94473e04ccab55002b524452e073c9d463fb6eb1f422c,0.013729898259043694
persona.high_e_low_n.v2.seed-2002.feedback_only,2002,feedback_only,persona.high_e_low_n.v2,high_e_low_n,v2,complete_five_failures,1,unsuccessful,valid_feedback,,1362916748984622560,10000,9582c82c0e979ad4740159fd2ec5d74526aeb48ac07bda14b2745a25206ae9f4,3048,c276bf3530cc8d3ce2b1ddb7f6cbf168184316c3a9894881b55d5b73f476cc0f,0.007670510094612837
persona.high_e_low_n.v2.seed-2002.feedback_only,2002,feedback_only,persona.high_e_low_n.v2,high_e_low_n,v2,complete_five_failures,2,unsuccessful,valid_feedback,,650953833576476763,3048,c276bf3530cc8d3ce2b1ddb7f6cbf168184316c3a9894881b55d5b73f476cc0f,886,0d3daa2ca8d34575596ff98fbf16fdc66fdcf7a2b2d6aaec69967d78b459ac5a,0.01612875796854496
persona.high_e_low_n.v2.seed-2002.feedback_only,2002,feedback_only,persona.high_e_low_n.v2,high_e_low_n,v2,complete_five_failures,3,invalid,invalid_guess,,2885332770678600905,886,0d3daa2ca8d34575596ff98fbf16fdc66fdcf7a2b2d6aaec69967d78b459ac5a,886,0d3daa2ca8d34575596ff98fbf16fdc66fdcf7a2b2d6aaec69967d78b459ac5a,0.01853601634502411
persona.high_e_low_n.v2.seed-2002.feedback_only,2002,feedback_only,persona.high_e_low_n.v2,high_e_low_n,v2,complete_five_failures,4,unsuccessful,valid_feedback,,3768721403253947093,886,0d3daa2ca8d34575596ff98fbf16fdc66fdcf7a2b2d6aaec69967d78b459ac5a,220,b031badf1c7b454458384239ee7ddba0095ddd30af33aaf382c5c243f0c0deff,0.008546356111764908
persona.high_e_low_n.v2.seed-2002.feedback_only,2002,feedback_only,persona.high_e_low_n.v2,high_e_low_n,v2,complete_five_failures,5,unsuccessful,valid_feedback,,7993377739206102388,220,b031badf1c7b454458384239ee7ddba0095ddd30af33aaf382c5c243f0c0deff,62,b502b312ad24fbedb79ad5b6f04133d76144a7889717dfed8a885ca84c303ed9,0.013052481226623058
persona.high_e_low_n.v2.seed-2002.supportive,2002,supportive,persona.high_e_low_n.v2,high_e_low_n,v2,complete_five_failures,1,unsuccessful,valid_feedback,filler.supportive.1,1362916748984622560,10000,9582c82c0e979ad4740159fd2ec5d74526aeb48ac07bda14b2745a25206ae9f4,3048,c276bf3530cc8d3ce2b1ddb7f6cbf168184316c3a9894881b55d5b73f476cc0f,0.005652706604450941
persona.high_e_low_n.v2.seed-2002.supportive,2002,supportive,persona.high_e_low_n.v2,high_e_low_n,v2,complete_five_failures,2,unsuccessful,valid_feedback,filler.supportive.2,650953833576476763,3048,c276bf3530cc8d3ce2b1ddb7f6cbf168184316c3a9894881b55d5b73f476cc0f,886,0d3daa2ca8d34575596ff98fbf16fdc66fdcf7a2b2d6aaec69967d78b459ac5a,0.01596854068338871
persona.high_e_low_n.v2.seed-2002.supportive,2002,supportive,persona.high_e_low_n.v2,high_e_low_n,v2,complete_five_failures,3,invalid,invalid_guess,filler.supportive.3,2885332770678600905,886,0d3daa2ca8d34575596ff98fbf16fdc66fdcf7a2b2d6aaec69967d78b459ac5a,886,0d3daa2ca8d34575596ff98fbf16fdc66fdcf7a2b2d6aaec69967d78b459ac5a,0.014118860475718975
persona.high_e_low_n.v2.seed-2002.supportive,2002,supportive,persona.high_e_low_n.v2,high_e_low_n,v2,complete_five_failures,4,unsuccessful,valid_feedback,filler.supportive.4,3768721403253947093,886,0d3daa2ca8d34575596ff98fbf16fdc66fdcf7a2b2d6aaec69967d78b459ac5a,239,cff8a270d51840c08248b6ef13bde1397c422a567b01cfd641bfa8b2f7af521c,0.012488492764532566
persona.high_e_low_n.v2.seed-2002.supportive,2002,supportive,persona.high_e_low_n.v2,high_e_low_n,v2,complete_five_failures,5,unsuccessful,valid_feedback,filler.supportive.5,7993377739206102388,239,cff8a270d51840c08248b6ef13bde1397c422a567b01cfd641bfa8b2f7af521c,99,a51f1f20171535ce91cf6e07622fd22a398d26effb0f93daadff2c05af3f2ffe,0.016145797446370125
persona.high_e_low_n.v2.seed-2002.neutral,2002,neutral,persona.high_e_low_n.v2,high_e_low_n,v2,complete_five_failures,1,unsuccessful,valid_feedback,filler.neutral.1,1362916748984622560,10000,9582c82c0e979ad4740159fd2ec5d74526aeb48ac07bda14b2745a25206ae9f4,3048,c276bf3530cc8d3ce2b1ddb7f6cbf168184316c3a9894881b55d5b73f476cc0f,0.005232871975749731
persona.high_e_low_n.v2.seed-2002.neutral,2002,neutral,persona.high_e_low_n.v2,high_e_low_n,v2,complete_five_failures,2,unsuccessful,valid_feedback,filler.neutral.2,650953833576476763,3048,c276bf3530cc8d3ce2b1ddb7f6cbf168184316c3a9894881b55d5b73f476cc0f,886,0d3daa2ca8d34575596ff98fbf16fdc66fdcf7a2b2d6aaec69967d78b459ac5a,0.015285161323845387
persona.high_e_low_n.v2.seed-2002.neutral,2002,neutral,persona.high_e_low_n.v2,high_e_low_n,v2,complete_five_failures,3,invalid,invalid_guess,filler.neutral.3,2885332770678600905,886,0d3daa2ca8d34575596ff98fbf16fdc66fdcf7a2b2d6aaec69967d78b459ac5a,886,0d3daa2ca8d34575596ff98fbf16fdc66fdcf7a2b2d6aaec69967d78b459ac5a,0.00854431465268135
persona.high_e_low_n.v2.seed-2002.neutral,2002,neutral,persona.high_e_low_n.v2,high_e_low_n,v2,complete_five_failures,4,unsuccessful,valid_feedback,filler.neutral.4,3768721403253947093,886,0d3daa2ca8d34575596ff98fbf16fdc66fdcf7a2b2d6aaec69967d78b459ac5a,239,cff8a270d51840c08248b6ef13bde1397c422a567b01cfd641bfa8b2f7af521c,0.00747997360303998
persona.high_e_low_n.v2.seed-2002.neutral,2002,neutral,persona.high_e_low_n.v2,high_e_low_n,v2,complete_five_failures,5,unsuccessful,valid_feedback,filler.neutral.5,7993377739206102388,239,cff8a270d51840c08248b6ef13bde1397c422a567b01cfd641bfa8b2f7af521c,86,dcd48a937783d3bcce96dce35bf00f78d8bce6a4cbdc63193bb9a4bef974927b,0.013461750000715256
persona.high_e_low_n.v2.seed-2003.feedback_only,2003,feedback_only,persona.high_e_low_n.v2,high_e_low_n,v2,complete_five_failures,1,unsuccessful,valid_feedback,,8452511391424371538,10000,9582c82c0e979ad4740159fd2ec5d74526aeb48ac07bda14b2745a25206ae9f4,3048,8d8a406c2701498bf0a5134fc8d3d2dd3838c787cab23a0c65e571fa2681a630,0.005223467480391264
persona.high_e_low_n.v2.seed-2003.feedback_only,2003,feedback_only,persona.high_e_low_n.v2,high_e_low_n,v2,complete_five_failures,2,unsuccessful,valid_feedback,,2185802378076996070,3048,8d8a406c2701498bf0a5134fc8d3d2dd3838c787cab23a0c65e571fa2681a630,768,fc8d58a9e3d1f8e19ada2eb0935f356d1fd043e3c6223147b6eb63ab52c33d06,0.015539726242423058
persona.high_e_low_n.v2.seed-2003.feedback_only,2003,feedback_only,persona.high_e_low_n.v2,high_e_low_n,v2,complete_five_failures,3,unsuccessful,valid_feedback,,4546495009630349109,768,fc8d58a9e3d1f8e19ada2eb0935f356d1fd043e3c6223147b6eb63ab52c33d06,206,3701c51eacc8da4a43acc7def8b9efc78019c15d870b2f7a0f276ba681e765c0,0.014869160018861294
persona.high_e_low_n.v2.seed-2003.feedback_only,2003,feedback_only,persona.high_e_low_n.v2,high_e_low_n,v2,complete_five_failures,4,unsuccessful,valid_feedback,,5827469766280291389,206,3701c51eacc8da4a43acc7def8b9efc78019c15d870b2f7a0f276ba681e765c0,55,04a95813d7014d7950fe157a956d4387a292572957115ac209f07c7805a04adc,0.011901961639523506
persona.high_e_low_n.v2.seed-2003.feedback_only,2003,feedback_only,persona.high_e_low_n.v2,high_e_low_n,v2,complete_five_failures,5,unsuccessful,valid_feedback,,9189069359561447070,55,04a95813d7014d7950fe157a956d4387a292572957115ac209f07c7805a04adc,15,ce5d95544a095d12f3a94473e04ccab55002b524452e073c9d463fb6eb1f422c,0.01605783961713314
persona.high_e_low_n.v2.seed-2003.supportive,2003,supportive,persona.high_e_low_n.v2,high_e_low_n,v2,complete_five_failures,1,unsuccessful,valid_feedback,filler.supportive.1,8452511391424371538,10000,9582c82c0e979ad4740159fd2ec5d74526aeb48ac07bda14b2745a25206ae9f4,3048,8d8a406c2701498bf0a5134fc8d3d2dd3838c787cab23a0c65e571fa2681a630,0.0032176452223211527
persona.high_e_low_n.v2.seed-2003.supportive,2003,supportive,persona.high_e_low_n.v2,high_e_low_n,v2,complete_five_failures,2,unsuccessful,valid_feedback,filler.supportive.2,2185802378076996070,3048,8d8a406c2701498bf0a5134fc8d3d2dd3838c787cab23a0c65e571fa2681a630,768,fc8d58a9e3d1f8e19ada2eb0935f356d1fd043e3c6223147b6eb63ab52c33d06,0.015529941767454147
persona.high_e_low_n.v2.seed-2003.supportive,2003,supportive,persona.high_e_low_n.v2,high_e_low_n,v2,complete_five_failures,3,unsuccessful,valid_feedback,filler.supportive.3,4546495009630349109,768,fc8d58a9e3d1f8e19ada2eb0935f356d1fd043e3c6223147b6eb63ab52c33d06,206,3701c51eacc8da4a43acc7def8b9efc78019c15d870b2f7a0f276ba681e765c0,0.015402549877762794
persona.high_e_low_n.v2.seed-2003.supportive,2003,supportive,persona.high_e_low_n.v2,high_e_low_n,v2,complete_five_failures,4,unsuccessful,valid_feedback,filler.supportive.4,5827469766280291389,206,3701c51eacc8da4a43acc7def8b9efc78019c15d870b2f7a0f276ba681e765c0,55,04a95813d7014d7950fe157a956d4387a292572957115ac209f07c7805a04adc,0.014754343777894974
persona.high_e_low_n.v2.seed-2003.supportive,2003,supportive,persona.high_e_low_n.v2,high_e_low_n,v2,complete_five_failures,5,unsuccessful,valid_feedback,filler.supportive.5,9189069359561447070,55,04a95813d7014d7950fe157a956d4387a292572957115ac209f07c7805a04adc,15,ce5d95544a095d12f3a94473e04ccab55002b524452e073c9d463fb6eb1f422c,0.016814658418297768
persona.high_e_low_n.v2.seed-2003.neutral,2003,neutral,persona.high_e_low_n.v2,high_e_low_n,v2,complete_five_failures,1,unsuccessful,valid_feedback,filler.neutral.1,8452511391424371538,10000,9582c82c0e979ad4740159fd2ec5d74526aeb48ac07bda14b2745a25206ae9f4,3048,8d8a406c2701498bf0a5134fc8d3d2dd3838c787cab23a0c65e571fa2681a630,0.0033067173790186644
persona.high_e_low_n.v2.seed-2003.neutral,2003,neutral,persona.high_e_low_n.v2,high_e_low_n,v2,complete_five_failures,2,unsuccessful,valid_feedback,filler.neutral.2,2185802378076996070,3048,8d8a406c2701498bf0a5134fc8d3d2dd3838c787cab23a0c65e571fa2681a630,768,fc8d58a9e3d1f8e19ada2eb0935f356d1fd043e3c6223147b6eb63ab52c33d06,0.014717177487909794
persona.high_e_low_n.v2.seed-2003.neutral,2003,neutral,persona.high_e_low_n.v2,high_e_low_n,v2,complete_five_failures,3,unsuccessful,valid_feedback,filler.neutral.3,4546495009630349109,768,fc8d58a9e3d1f8e19ada2eb0935f356d1fd043e3c6223147b6eb63ab52c33d06,206,3701c51eacc8da4a43acc7def8b9efc78019c15d870b2f7a0f276ba681e765c0,0.012826717458665371
persona.high_e_low_n.v2.seed-2003.neutral,2003,neutral,persona.high_e_low_n.v2,high_e_low_n,v2,complete_five_failures,4,unsuccessful,valid_feedback,filler.neutral.4,5827469766280291389,206,3701c51eacc8da4a43acc7def8b9efc78019c15d870b2f7a0f276ba681e765c0,55,04a95813d7014d7950fe157a956d4387a292572957115ac209f07c7805a04adc,0.010812131687998772
persona.high_e_low_n.v2.seed-2003.neutral,2003,neutral,persona.high_e_low_n.v2,high_e_low_n,v2,complete_five_failures,5,unsuccessful,valid_feedback,filler.neutral.5,9189069359561447070,55,04a95813d7014d7950fe157a956d4387a292572957115ac209f07c7805a04adc,15,ce5d95544a095d12f3a94473e04ccab55002b524452e073c9d463fb6eb1f422c,0.013729898259043694
persona.high_e_low_n.v2.seed-2004.feedback_only,2004,feedback_only,persona.high_e_low_n.v2,high_e_low_n,v2,complete_five_failures,1,unsuccessful,valid_feedback,,3012682462339476124,10000,9582c82c0e979ad4740159fd2ec5d74526aeb48ac07bda14b2745a25206ae9f4,6561,53a14051f308be8c745906018a762ceb477324e2fdfef98aa3ddc1cd72bc1dbf,0.005743434187024832
persona.high_e_low_n.v2.seed-2004.feedback_only,2004,feedback_only,persona.high_e_low_n.v2,high_e_low_n,v2,complete_five_failures,2,unsuccessful,valid_feedback,,5539227853087561902,6561,53a14051f308be8c745906018a762ceb477324e2fdfef98aa3ddc1cd72bc1dbf,1820,ab963e3ac5c47a412aa8e77e52f2aebf2c350c67899c4acae4511a5e0eb024e6,0.011638850905001163
persona.high_e_low_n.v2.seed-2004.feedback_only,2004,feedback_only,persona.high_e_low_n.v2,high_e_low_n,v2,complete_five_failures,3,unsuccessful,valid_feedback,,9087570836507131457,1820,ab963e3ac5c47a412aa8e77e52f2aebf2c350c67899c4acae4511a5e0eb024e6,588,8700a3bcaa3be0b6d6d88102648e2e896709b87e73bc3b226c676a53c735b7aa,0.01634516939520836
persona.high_e_low_n.v2.seed-2004.feedback_only,2004,feedback_only,persona.high_e_low_n.v2,high_e_low_n,v2,complete_five_failures,4,unsuccessful,valid_feedback,,4770636941596934890,588,8700a3bcaa3be0b6d6d88102648e2e896709b87e73bc3b226c676a53c735b7aa,184,cb198093726eef3fc3e7114005fe6d3fcfc94f89aa68ca88f644f07878fb6efb,0.020224086940288544
persona.high_e_low_n.v2.seed-2004.feedback_only,2004,feedback_only,persona.high_e_low_n.v2,high_e_low_n,v2,complete_five_failures,5,unsuccessful,valid_feedback,,879249873976900214,184,cb198093726eef3fc3e7114005fe6d3fcfc94f89aa68ca88f644f07878fb6efb,63,f5615a652174268c6d89bcdffbb8a46dc5825ddf29135ada17dc66ea2dbefec9,0.020732879638671875
persona.high_e_low_n.v2.seed-2004.supportive,2004,supportive,persona.high_e_low_n.v2,high_e_low_n,v2,complete_five_failures,1,unsuccessful,valid_feedback,filler.supportive.1,3012682462339476124,10000,9582c82c0e979ad4740159fd2ec5d74526aeb48ac07bda14b2745a25206ae9f4,6561,53a14051f308be8c745906018a762ceb477324e2fdfef98aa3ddc1cd72bc1dbf,0.0014384737005457282
persona.high_e_low_n.v2.seed-2004.supportive,2004,supportive,persona.high_e_low_n.v2,high_e_low_n,v2,complete_five_failures,2,unsuccessful,valid_feedback,filler.supportive.2,5539227853087561902,6561,53a14051f308be8c745906018a762ceb477324e2fdfef98aa3ddc1cd72bc1dbf,1820,ab963e3ac5c47a412aa8e77e52f2aebf2c350c67899c4acae4511a5e0eb024e6,0.01399293914437294
persona.high_e_low_n.v2.seed-2004.supportive,2004,supportive,persona.high_e_low_n.v2,high_e_low_n,v2,complete_five_failures,3,unsuccessful,valid_feedback,filler.supportive.3,9087570836507131457,1820,ab963e3ac5c47a412aa8e77e52f2aebf2c350c67899c4acae4511a5e0eb024e6,588,8700a3bcaa3be0b6d6d88102648e2e896709b87e73bc3b226c676a53c735b7aa,0.016472380608320236
persona.high_e_low_n.v2.seed-2004.supportive,2004,supportive,persona.high_e_low_n.v2,high_e_low_n,v2,complete_five_failures,4,unsuccessful,valid_feedback,filler.supportive.4,4770636941596934890,588,8700a3bcaa3be0b6d6d88102648e2e896709b87e73bc3b226c676a53c735b7aa,184,cb198093726eef3fc3e7114005fe6d3fcfc94f89aa68ca88f644f07878fb6efb,0.01894347369670868
persona.high_e_low_n.v2.seed-2004.supportive,2004,supportive,persona.high_e_low_n.v2,high_e_low_n,v2,complete_five_failures,5,unsuccessful,valid_feedback,filler.supportive.5,879249873976900214,184,cb198093726eef3fc3e7114005fe6d3fcfc94f89aa68ca88f644f07878fb6efb,63,f5615a652174268c6d89bcdffbb8a46dc5825ddf29135ada17dc66ea2dbefec9,0.019260907545685768
persona.high_e_low_n.v2.seed-2004.neutral,2004,neutral,persona.high_e_low_n.v2,high_e_low_n,v2,complete_five_failures,1,unsuccessful,valid_feedback,filler.neutral.1,3012682462339476124,10000,9582c82c0e979ad4740159fd2ec5d74526aeb48ac07bda14b2745a25206ae9f4,6561,53a14051f308be8c745906018a762ceb477324e2fdfef98aa3ddc1cd72bc1dbf,0.0018015803070738912
persona.high_e_low_n.v2.seed-2004.neutral,2004,neutral,persona.high_e_low_n.v2,high_e_low_n,v2,complete_five_failures,2,unsuccessful,valid_feedback,filler.neutral.2,5539227853087561902,6561,53a14051f308be8c745906018a762ceb477324e2fdfef98aa3ddc1cd72bc1dbf,1820,ab963e3ac5c47a412aa8e77e52f2aebf2c350c67899c4acae4511a5e0eb024e6,0.011633872985839844
persona.high_e_low_n.v2.seed-2004.neutral,2004,neutral,persona.high_e_low_n.v2,high_e_low_n,v2,complete_five_failures,3,unsuccessful,valid_feedback,filler.neutral.3,9087570836507131457,1820,ab963e3ac5c47a412aa8e77e52f2aebf2c350c67899c4acae4511a5e0eb024e6,588,8700a3bcaa3be0b6d6d88102648e2e896709b87e73bc3b226c676a53c735b7aa,0.014078405685722828
persona.high_e_low_n.v2.seed-2004.neutral,2004,neutral,persona.high_e_low_n.v2,high_e_low_n,v2,complete_five_failures,4,unsuccessful,valid_feedback,filler.neutral.4,4770636941596934890,588,8700a3bcaa3be0b6d6d88102648e2e896709b87e73bc3b226c676a53c735b7aa,184,cb198093726eef3fc3e7114005fe6d3fcfc94f89aa68ca88f644f07878fb6efb,0.013616606593132019
persona.high_e_low_n.v2.seed-2004.neutral,2004,neutral,persona.high_e_low_n.v2,high_e_low_n,v2,complete_five_failures,5,unsuccessful,valid_feedback,filler.neutral.5,879249873976900214,184,cb198093726eef3fc3e7114005fe6d3fcfc94f89aa68ca88f644f07878fb6efb,63,f5615a652174268c6d89bcdffbb8a46dc5825ddf29135ada17dc66ea2dbefec9,0.01581619866192341
persona.high_e_low_n.v2.seed-2005.feedback_only,2005,feedback_only,persona.high_e_low_n.v2,high_e_low_n,v2,complete_five_failures,1,unsuccessful,valid_feedback,,8146282925072561755,10000,9582c82c0e979ad4740159fd2ec5d74526aeb48ac07bda14b2745a25206ae9f4,3048,8d8a406c2701498bf0a5134fc8d3d2dd3838c787cab23a0c65e571fa2681a630,0.00662577897310257
persona.high_e_low_n.v2.seed-2005.feedback_only,2005,feedback_only,persona.high_e_low_n.v2,high_e_low_n,v2,complete_five_failures,2,unsuccessful,valid_feedback,,7270573099286778731,3048,8d8a406c2701498bf0a5134fc8d3d2dd3838c787cab23a0c65e571fa2681a630,768,fc8d58a9e3d1f8e19ada2eb0935f356d1fd043e3c6223147b6eb63ab52c33d06,0.014873696491122246
persona.high_e_low_n.v2.seed-2005.feedback_only,2005,feedback_only,persona.high_e_low_n.v2,high_e_low_n,v2,complete_five_failures,3,unsuccessful,valid_feedback,,320833271567228942,768,fc8d58a9e3d1f8e19ada2eb0935f356d1fd043e3c6223147b6eb63ab52c33d06,184,bb21685db6fbb818e3af6f4c5457db0c37e606a39470f45697f58b6b63d9526f,0.01480123121291399
persona.high_e_low_n.v2.seed-2005.feedback_only,2005,feedback_only,persona.high_e_low_n.v2,high_e_low_n,v2,complete_five_failures,4,unsuccessful,valid_feedback,,1081455331307413947,184,bb21685db6fbb818e3af6f4c5457db0c37e606a39470f45697f58b6b63d9526f,52,8727d9ce5fc0fc52767e37f5a5888530542b8cfb1a8cd4921fbcebfe35c06ec9,0.009951917454600334
persona.high_e_low_n.v2.seed-2005.feedback_only,2005,feedback_only,persona.high_e_low_n.v2,high_e_low_n,v2,complete_five_failures,5,unsuccessful,valid_feedback,,5451539660838294209,52,8727d9ce5fc0fc52767e37f5a5888530542b8cfb1a8cd4921fbcebfe35c06ec9,14,b095fd74ddff9807c5b218bb54089369c9a8234da040fb89bc7b476d47ae2067,0.0017644362524151802
persona.high_e_low_n.v2.seed-2005.supportive,2005,supportive,persona.high_e_low_n.v2,high_e_low_n,v2,complete_five_failures,1,unsuccessful,valid_feedback,filler.supportive.1,8146282925072561755,10000,9582c82c0e979ad4740159fd2ec5d74526aeb48ac07bda14b2745a25206ae9f4,3048,8d8a406c2701498bf0a5134fc8d3d2dd3838c787cab23a0c65e571fa2681a630,0.00451799388974905
persona.high_e_low_n.v2.seed-2005.supportive,2005,supportive,persona.high_e_low_n.v2,high_e_low_n,v2,complete_five_failures,2,unsuccessful,valid_feedback,filler.supportive.2,7270573099286778731,3048,8d8a406c2701498bf0a5134fc8d3d2dd3838c787cab23a0c65e571fa2681a630,768,fc8d58a9e3d1f8e19ada2eb0935f356d1fd043e3c6223147b6eb63ab52c33d06,0.01916348561644554
persona.high_e_low_n.v2.seed-2005.supportive,2005,supportive,persona.high_e_low_n.v2,high_e_low_n,v2,complete_five_failures,3,unsuccessful,valid_feedback,filler.supportive.3,320833271567228942,768,fc8d58a9e3d1f8e19ada2eb0935f356d1fd043e3c6223147b6eb63ab52c33d06,190,35049178f6b4f7103224259f9c9baff8546af3ff8ac7de6c3814cb9b2c8a38ef,0.015600459650158882
persona.high_e_low_n.v2.seed-2005.supportive,2005,supportive,persona.high_e_low_n.v2,high_e_low_n,v2,complete_five_failures,4,unsuccessful,valid_feedback,filler.supportive.4,1081455331307413947,190,35049178f6b4f7103224259f9c9baff8546af3ff8ac7de6c3814cb9b2c8a38ef,51,7f6792ea80549f3fe04e97f7dcf6ec11eee7817a080ac7fed3b10acf9289c34c,0.008840409107506275
persona.high_e_low_n.v2.seed-2005.supportive,2005,supportive,persona.high_e_low_n.v2,high_e_low_n,v2,complete_five_failures,5,unsuccessful,valid_feedback,filler.supportive.5,5451539660838294209,51,7f6792ea80549f3fe04e97f7dcf6ec11eee7817a080ac7fed3b10acf9289c34c,25,ece30cf22d281aa2d29dbd5b632ea660c98aac1c9754a6467a2c6815b58b52cd,0.01311709824949503
persona.high_e_low_n.v2.seed-2005.neutral,2005,neutral,persona.high_e_low_n.v2,high_e_low_n,v2,complete_five_failures,1,unsuccessful,valid_feedback,filler.neutral.1,8146282925072561755,10000,9582c82c0e979ad4740159fd2ec5d74526aeb48ac07bda14b2745a25206ae9f4,3048,8d8a406c2701498bf0a5134fc8d3d2dd3838c787cab23a0c65e571fa2681a630,0.004187258426100016
persona.high_e_low_n.v2.seed-2005.neutral,2005,neutral,persona.high_e_low_n.v2,high_e_low_n,v2,complete_five_failures,2,unsuccessful,valid_feedback,filler.neutral.2,7270573099286778731,3048,8d8a406c2701498bf0a5134fc8d3d2dd3838c787cab23a0c65e571fa2681a630,768,fc8d58a9e3d1f8e19ada2eb0935f356d1fd043e3c6223147b6eb63ab52c33d06,0.015199271962046623
persona.high_e_low_n.v2.seed-2005.neutral,2005,neutral,persona.high_e_low_n.v2,high_e_low_n,v2,complete_five_failures,3,unsuccessful,valid_feedback,filler.neutral.3,320833271567228942,768,fc8d58a9e3d1f8e19ada2eb0935f356d1fd043e3c6223147b6eb63ab52c33d06,190,35049178f6b4f7103224259f9c9baff8546af3ff8ac7de6c3814cb9b2c8a38ef,0.013080742210149765
persona.high_e_low_n.v2.seed-2005.neutral,2005,neutral,persona.high_e_low_n.v2,high_e_low_n,v2,complete_five_failures,4,unsuccessful,valid_feedback,filler.neutral.4,1081455331307413947,190,35049178f6b4f7103224259f9c9baff8546af3ff8ac7de6c3814cb9b2c8a38ef,51,7f6792ea80549f3fe04e97f7dcf6ec11eee7817a080ac7fed3b10acf9289c34c,0.006615673657506704
persona.high_e_low_n.v2.seed-2005.neutral,2005,neutral,persona.high_e_low_n.v2,high_e_low_n,v2,complete_five_failures,5,unsuccessful,valid_feedback,filler.neutral.5,5451539660838294209,51,7f6792ea80549f3fe04e97f7dcf6ec11eee7817a080ac7fed3b10acf9289c34c,25,ece30cf22d281aa2d29dbd5b632ea660c98aac1c9754a6467a2c6815b58b52cd,0.010208288207650185
persona.high_e_low_n.v2.seed-2006.feedback_only,2006,feedback_only,persona.high_e_low_n.v2,high_e_low_n,v2,complete_five_failures,1,unsuccessful,valid_feedback,,20746705984210227,10000,9582c82c0e979ad4740159fd2ec5d74526aeb48ac07bda14b2745a25206ae9f4,3048,8d8a406c2701498bf0a5134fc8d3d2dd3838c787cab23a0c65e571fa2681a630,0.005223467480391264
persona.high_e_low_n.v2.seed-2006.feedback_only,2006,feedback_only,persona.high_e_low_n.v2,high_e_low_n,v2,complete_five_failures,2,unsuccessful,valid_feedback,,7186787635236517948,3048,8d8a406c2701498bf0a5134fc8d3d2dd3838c787cab23a0c65e571fa2681a630,768,fc8d58a9e3d1f8e19ada2eb0935f356d1fd043e3c6223147b6eb63ab52c33d06,0.015539726242423058
persona.high_e_low_n.v2.seed-2006.feedback_only,2006,feedback_only,persona.high_e_low_n.v2,high_e_low_n,v2,complete_five_failures,3,unsuccessful,valid_feedback,,2633872377281840482,768,fc8d58a9e3d1f8e19ada2eb0935f356d1fd043e3c6223147b6eb63ab52c33d06,206,3701c51eacc8da4a43acc7def8b9efc78019c15d870b2f7a0f276ba681e765c0,0.014869160018861294
persona.high_e_low_n.v2.seed-2006.feedback_only,2006,feedback_only,persona.high_e_low_n.v2,high_e_low_n,v2,complete_five_failures,4,unsuccessful,valid_feedback,,7338954399356967658,206,3701c51eacc8da4a43acc7def8b9efc78019c15d870b2f7a0f276ba681e765c0,55,04a95813d7014d7950fe157a956d4387a292572957115ac209f07c7805a04adc,0.011901961639523506
persona.high_e_low_n.v2.seed-2006.feedback_only,2006,feedback_only,persona.high_e_low_n.v2,high_e_low_n,v2,complete_five_failures,5,unsuccessful,valid_feedback,,9132968224681273883,55,04a95813d7014d7950fe157a956d4387a292572957115ac209f07c7805a04adc,15,ce5d95544a095d12f3a94473e04ccab55002b524452e073c9d463fb6eb1f422c,0.01605783961713314
persona.high_e_low_n.v2.seed-2006.supportive,2006,supportive,persona.high_e_low_n.v2,high_e_low_n,v2,complete_five_failures,1,unsuccessful,valid_feedback,filler.supportive.1,20746705984210227,10000,9582c82c0e979ad4740159fd2ec5d74526aeb48ac07bda14b2745a25206ae9f4,3048,8d8a406c2701498bf0a5134fc8d3d2dd3838c787cab23a0c65e571fa2681a630,0.0032176452223211527
persona.high_e_low_n.v2.seed-2006.supportive,2006,supportive,persona.high_e_low_n.v2,high_e_low_n,v2,complete_five_failures,2,unsuccessful,valid_feedback,filler.supportive.2,7186787635236517948,3048,8d8a406c2701498bf0a5134fc8d3d2dd3838c787cab23a0c65e571fa2681a630,768,fc8d58a9e3d1f8e19ada2eb0935f356d1fd043e3c6223147b6eb63ab52c33d06,0.015529941767454147
persona.high_e_low_n.v2.seed-2006.supportive,2006,supportive,persona.high_e_low_n.v2,high_e_low_n,v2,complete_five_failures,3,unsuccessful,valid_feedback,filler.supportive.3,2633872377281840482,768,fc8d58a9e3d1f8e19ada2eb0935f356d1fd043e3c6223147b6eb63ab52c33d06,206,3701c51eacc8da4a43acc7def8b9efc78019c15d870b2f7a0f276ba681e765c0,0.015402549877762794
persona.high_e_low_n.v2.seed-2006.supportive,2006,supportive,persona.high_e_low_n.v2,high_e_low_n,v2,complete_five_failures,4,unsuccessful,valid_feedback,filler.supportive.4,7338954399356967658,206,3701c51eacc8da4a43acc7def8b9efc78019c15d870b2f7a0f276ba681e765c0,55,04a95813d7014d7950fe157a956d4387a292572957115ac209f07c7805a04adc,0.014754343777894974
persona.high_e_low_n.v2.seed-2006.supportive,2006,supportive,persona.high_e_low_n.v2,high_e_low_n,v2,complete_five_failures,5,unsuccessful,valid_feedback,filler.supportive.5,9132968224681273883,55,04a95813d7014d7950fe157a956d4387a292572957115ac209f07c7805a04adc,15,ce5d95544a095d12f3a94473e04ccab55002b524452e073c9d463fb6eb1f422c,0.016814658418297768
persona.high_e_low_n.v2.seed-2006.neutral,2006,neutral,persona.high_e_low_n.v2,high_e_low_n,v2,complete_five_failures,1,unsuccessful,valid_feedback,filler.neutral.1,20746705984210227,10000,9582c82c0e979ad4740159fd2ec5d74526aeb48ac07bda14b2745a25206ae9f4,3048,8d8a406c2701498bf0a5134fc8d3d2dd3838c787cab23a0c65e571fa2681a630,0.0033067173790186644
persona.high_e_low_n.v2.seed-2006.neutral,2006,neutral,persona.high_e_low_n.v2,high_e_low_n,v2,complete_five_failures,2,unsuccessful,valid_feedback,filler.neutral.2,7186787635236517948,3048,8d8a406c2701498bf0a5134fc8d3d2dd3838c787cab23a0c65e571fa2681a630,768,fc8d58a9e3d1f8e19ada2eb0935f356d1fd043e3c6223147b6eb63ab52c33d06,0.014717177487909794
persona.high_e_low_n.v2.seed-2006.neutral,2006,neutral,persona.high_e_low_n.v2,high_e_low_n,v2,complete_five_failures,3,unsuccessful,valid_feedback,filler.neutral.3,2633872377281840482,768,fc8d58a9e3d1f8e19ada2eb0935f356d1fd043e3c6223147b6eb63ab52c33d06,206,3701c51eacc8da4a43acc7def8b9efc78019c15d870b2f7a0f276ba681e765c0,0.012826717458665371
persona.high_e_low_n.v2.seed-2006.neutral,2006,neutral,persona.high_e_low_n.v2,high_e_low_n,v2,complete_five_failures,4,unsuccessful,valid_feedback,filler.neutral.4,7338954399356967658,206,3701c51eacc8da4a43acc7def8b9efc78019c15d870b2f7a0f276ba681e765c0,55,04a95813d7014d7950fe157a956d4387a292572957115ac209f07c7805a04adc,0.010812131687998772
persona.high_e_low_n.v2.seed-2006.neutral,2006,neutral,persona.high_e_low_n.v2,high_e_low_n,v2,complete_five_failures,5,unsuccessful,valid_feedback,filler.neutral.5,9132968224681273883,55,04a95813d7014d7950fe157a956d4387a292572957115ac209f07c7805a04adc,15,ce5d95544a095d12f3a94473e04ccab55002b524452e073c9d463fb6eb1f422c,0.013729898259043694
persona.high_e_low_n.v2.seed-2007.feedback_only,2007,feedback_only,persona.high_e_low_n.v2,high_e_low_n,v2,complete_five_failures,1,unsuccessful,valid_feedback,,5495818002014909466,10000,9582c82c0e979ad4740159fd2ec5d74526aeb48ac07bda14b2745a25206ae9f4,3048,8d8a406c2701498bf0a5134fc8d3d2dd3838c787cab23a0c65e571fa2681a630,0.005223467480391264
persona.high_e_low_n.v2.seed-2007.feedback_only,2007,feedback_only,persona.high_e_low_n.v2,high_e_low_n,v2,complete_five_failures,2,unsuccessful,valid_feedback,,7092970346930268185,3048,8d8a406c2701498bf0a5134fc8d3d2dd3838c787cab23a0c65e571fa2681a630,768,fc8d58a9e3d1f8e19ada2eb0935f356d1fd043e3c6223147b6eb63ab52c33d06,0.015539726242423058
persona.high_e_low_n.v2.seed-2007.feedback_only,2007,feedback_only,persona.high_e_low_n.v2,high_e_low_n,v2,complete_five_failures,3,unsuccessful,valid_feedback,,4413334138324627702,768,fc8d58a9e3d1f8e19ada2eb0935f356d1fd043e3c6223147b6eb63ab52c33d06,206,3701c51eacc8da4a43acc7def8b9efc78019c15d870b2f7a0f276ba681e765c0,0.014869160018861294
persona.high_e_low_n.v2.seed-2007.feedback_only,2007,feedback_only,persona.high_e_low_n.v2,high_e_low_n,v2,complete_five_failures,4,unsuccessful,valid_feedback,,7609396874926615527,206,3701c51eacc8da4a43acc7def8b9efc78019c15d870b2f7a0f276ba681e765c0,55,04a95813d7014d7950fe157a956d4387a292572957115ac209f07c7805a04adc,0.011901961639523506
persona.high_e_low_n.v2.seed-2007.feedback_only,2007,feedback_only,persona.high_e_low_n.v2,high_e_low_n,v2,complete_five_failures,5,unsuccessful,valid_feedback,,1032535146999642755,55,04a95813d7014d7950fe157a956d4387a292572957115ac209f07c7805a04adc,15,ce5d95544a095d12f3a94473e04ccab55002b524452e073c9d463fb6eb1f422c,0.01605783961713314
persona.high_e_low_n.v2.seed-2007.supportive,2007,supportive,persona.high_e_low_n.v2,high_e_low_n,v2,complete_five_failures,1,unsuccessful,valid_feedback,filler.supportive.1,5495818002014909466,10000,9582c82c0e979ad4740159fd2ec5d74526aeb48ac07bda14b2745a25206ae9f4,3048,8d8a406c2701498bf0a5134fc8d3d2dd3838c787cab23a0c65e571fa2681a630,0.0032176452223211527
persona.high_e_low_n.v2.seed-2007.supportive,2007,supportive,persona.high_e_low_n.v2,high_e_low_n,v2,complete_five_failures,2,unsuccessful,valid_feedback,filler.supportive.2,7092970346930268185,3048,8d8a406c2701498bf0a5134fc8d3d2dd3838c787cab23a0c65e571fa2681a630,768,fc8d58a9e3d1f8e19ada2eb0935f356d1fd043e3c6223147b6eb63ab52c33d06,0.015529941767454147
persona.high_e_low_n.v2.seed-2007.supportive,2007,supportive,persona.high_e_low_n.v2,high_e_low_n,v2,complete_five_failures,3,unsuccessful,valid_feedback,filler.supportive.3,4413334138324627702,768,fc8d58a9e3d1f8e19ada2eb0935f356d1fd043e3c6223147b6eb63ab52c33d06,184,bb21685db6fbb818e3af6f4c5457db0c37e606a39470f45697f58b6b63d9526f,0.014482291415333748
persona.high_e_low_n.v2.seed-2007.supportive,2007,supportive,persona.high_e_low_n.v2,high_e_low_n,v2,complete_five_failures,4,unsuccessful,valid_feedback,filler.supportive.4,7609396874926615527,184,bb21685db6fbb818e3af6f4c5457db0c37e606a39470f45697f58b6b63d9526f,52,8727d9ce5fc0fc52767e37f5a5888530542b8cfb1a8cd4921fbcebfe35c06ec9,0.015085245482623577
persona.high_e_low_n.v2.seed-2007.supportive,2007,supportive,persona.high_e_low_n.v2,high_e_low_n,v2,complete_five_failures,5,unsuccessful,valid_feedback,filler.supportive.5,1032535146999642755,52,8727d9ce5fc0fc52767e37f5a5888530542b8cfb1a8cd4921fbcebfe35c06ec9,14,c20fe7ff3ea44b293310f977030bad517d0ae0a26ec375b140ddc7f54e24f9f9,0.017115622758865356
persona.high_e_low_n.v2.seed-2007.neutral,2007,neutral,persona.high_e_low_n.v2,high_e_low_n,v2,complete_five_failures,1,unsuccessful,valid_feedback,filler.neutral.1,5495818002014909466,10000,9582c82c0e979ad4740159fd2ec5d74526aeb48ac07bda14b2745a25206ae9f4,3048,8d8a406c2701498bf0a5134fc8d3d2dd3838c787cab23a0c65e571fa2681a630,0.0033067173790186644
persona.high_e_low_n.v2.seed-2007.neutral,2007,neutral,persona.high_e_low_n.v2,high_e_low_n,v2,complete_five_failures,2,unsuccessful,valid_feedback,filler.neutral.2,7092970346930268185,3048,8d8a406c2701498bf0a5134fc8d3d2dd3838c787cab23a0c65e571fa2681a630,768,fc8d58a9e3d1f8e19ada2eb0935f356d1fd043e3c6223147b6eb63ab52c33d06,0.014717177487909794
persona.high_e_low_n.v2.seed-2007.neutral,2007,neutral,persona.high_e_low_n.v2,high_e_low_n,v2,complete_five_failures,3,unsuccessful,valid_feedback,filler.neutral.3,4413334138324627702,768,fc8d58a9e3d1f8e19ada2eb0935f356d1fd043e3c6223147b6eb63ab52c33d06,184,bb21685db6fbb818e3af6f4c5457db0c37e606a39470f45697f58b6b63d9526f,0.012102687731385231
persona.high_e_low_n.v2.seed-2007.neutral,2007,neutral,persona.high_e_low_n.v2,high_e_low_n,v2,complete_five_failures,4,unsuccessful,valid_feedback,filler.neutral.4,7609396874926615527,184,bb21685db6fbb818e3af6f4c5457db0c37e606a39470f45697f58b6b63d9526f,52,8727d9ce5fc0fc52767e37f5a5888530542b8cfb1a8cd4921fbcebfe35c06ec9,0.010584001429378986
persona.high_e_low_n.v2.seed-2007.neutral,2007,neutral,persona.high_e_low_n.v2,high_e_low_n,v2,complete_five_failures,5,unsuccessful,valid_feedback,filler.neutral.5,1032535146999642755,52,8727d9ce5fc0fc52767e37f5a5888530542b8cfb1a8cd4921fbcebfe35c06ec9,14,c20fe7ff3ea44b293310f977030bad517d0ae0a26ec375b140ddc7f54e24f9f9,0.013415706343948841
persona.high_e_low_n.v2.seed-2008.feedback_only,2008,feedback_only,persona.high_e_low_n.v2,high_e_low_n,v2,complete_five_failures,1,unsuccessful,valid_feedback,,8344175065288078558,10000,9582c82c0e979ad4740159fd2ec5d74526aeb48ac07bda14b2745a25206ae9f4,3048,db3e09caf8d9fe544e3300a8fb9e065e8f096165d4da0ef01c77d1914c1a939a,0.007432750891894102
persona.high_e_low_n.v2.seed-2008.feedback_only,2008,feedback_only,persona.high_e_low_n.v2,high_e_low_n,v2,complete_five_failures,2,unsuccessful,valid_feedback,,1764828235997338309,3048,db3e09caf8d9fe544e3300a8fb9e065e8f096165d4da0ef01c77d1914c1a939a,768,d480a83984f7d7a5f0948aedfe353e5507b5c410d01a3fd8ee84dfd54675586f,0.016912339255213737
persona.high_e_low_n.v2.seed-2008.feedback_only,2008,feedback_only,persona.high_e_low_n.v2,high_e_low_n,v2,complete_five_failures,3,unsuccessful,valid_feedback,,1186103364016962603,768,d480a83984f7d7a5f0948aedfe353e5507b5c410d01a3fd8ee84dfd54675586f,194,00f91b14f036a5de859e9bfb7342479d060d7442592d814feaa3311b7aed3e23,0.01901460625231266
persona.high_e_low_n.v2.seed-2008.feedback_only,2008,feedback_only,persona.high_e_low_n.v2,high_e_low_n,v2,complete_five_failures,4,unsuccessful,valid_feedback,,1157719167337881160,194,00f91b14f036a5de859e9bfb7342479d060d7442592d814feaa3311b7aed3e23,50,99b4550ff7b20390981f36fe83715e008dbd08292e361bfe3a7d5edca988d041,0.013458331115543842
persona.high_e_low_n.v2.seed-2008.feedback_only,2008,feedback_only,persona.high_e_low_n.v2,high_e_low_n,v2,complete_five_failures,5,unsuccessful,valid_feedback,,6714476192934985326,50,99b4550ff7b20390981f36fe83715e008dbd08292e361bfe3a7d5edca988d041,15,854615e93b14ca998d6ef10537c0a493080de05051ab1e49dbd221a7bffe5090,0.015863332897424698
persona.high_e_low_n.v2.seed-2008.supportive,2008,supportive,persona.high_e_low_n.v2,high_e_low_n,v2,complete_five_failures,1,unsuccessful,valid_feedback,filler.supportive.1,8344175065288078558,10000,9582c82c0e979ad4740159fd2ec5d74526aeb48ac07bda14b2745a25206ae9f4,3048,db3e09caf8d9fe544e3300a8fb9e065e8f096165d4da0ef01c77d1914c1a939a,0.005347367376089096
persona.high_e_low_n.v2.seed-2008.supportive,2008,supportive,persona.high_e_low_n.v2,high_e_low_n,v2,complete_five_failures,2,unsuccessful,valid_feedback,filler.supportive.2,1764828235997338309,3048,db3e09caf8d9fe544e3300a8fb9e065e8f096165d4da0ef01c77d1914c1a939a,876,0e4a5a419d523846d06d70c9c597d56f9dc1dd983fe1091c8e76b9fded100893,0.015074614435434341
persona.high_e_low_n.v2.seed-2008.supportive,2008,supportive,persona.high_e_low_n.v2,high_e_low_n,v2,complete_five_failures,3,unsuccessful,valid_feedback,filler.supportive.3,1186103364016962603,876,0e4a5a419d523846d06d70c9c597d56f9dc1dd983fe1091c8e76b9fded100893,294,88cd0ca065824f206851f4da71f5d5659c93a8ab95301e19143c1e4ee91b2305,0.013821208849549294
persona.high_e_low_n.v2.seed-2008.supportive,2008,supportive,persona.high_e_low_n.v2,high_e_low_n,v2,complete_five_failures,4,unsuccessful,valid_feedback,filler.supportive.4,1157719167337881160,294,88cd0ca065824f206851f4da71f5d5659c93a8ab95301e19143c1e4ee91b2305,94,540acc29610a7e049f1edbd91a1b5841eb0b055c678aeea92f824cbe22b69432,0.017009146511554718
persona.high_e_low_n.v2.seed-2008.supportive,2008,supportive,persona.high_e_low_n.v2,high_e_low_n,v2,complete_five_failures,5,unsuccessful,valid_feedback,filler.supportive.5,6714476192934985326,94,540acc29610a7e049f1edbd91a1b5841eb0b055c678aeea92f824cbe22b69432,16,c4a0a99dc0512cd69f9091761492173273c7462ed93362fcbf6ea37d6cec3e6c,0.013496551662683487
persona.high_e_low_n.v2.seed-2008.neutral,2008,neutral,persona.high_e_low_n.v2,high_e_low_n,v2,complete_five_failures,1,unsuccessful,valid_feedback,filler.neutral.1,8344175065288078558,10000,9582c82c0e979ad4740159fd2ec5d74526aeb48ac07bda14b2745a25206ae9f4,3048,db3e09caf8d9fe544e3300a8fb9e065e8f096165d4da0ef01c77d1914c1a939a,0.003956638742238283
persona.high_e_low_n.v2.seed-2008.neutral,2008,neutral,persona.high_e_low_n.v2,high_e_low_n,v2,complete_five_failures,2,unsuccessful,valid_feedback,filler.neutral.2,1764828235997338309,3048,db3e09caf8d9fe544e3300a8fb9e065e8f096165d4da0ef01c77d1914c1a939a,768,5cd676d20b73535e66fa4484e4849ec299e5aa93baf26611f4a135b1c7c0d7fd,0.015532446093857288
persona.high_e_low_n.v2.seed-2008.neutral,2008,neutral,persona.high_e_low_n.v2,high_e_low_n,v2,complete_five_failures,3,unsuccessful,valid_feedback,filler.neutral.3,1186103364016962603,768,5cd676d20b73535e66fa4484e4849ec299e5aa93baf26611f4a135b1c7c0d7fd,200,da0592db3f94b6e25501e3a03a8dcf83bf0b1602871666a4c23c2df41f308fb3,0.014815343543887138
persona.high_e_low_n.v2.seed-2008.neutral,2008,neutral,persona.high_e_low_n.v2,high_e_low_n,v2,complete_five_failures,4,unsuccessful,valid_feedback,filler.neutral.4,1157719167337881160,200,da0592db3f94b6e25501e3a03a8dcf83bf0b1602871666a4c23c2df41f308fb3,52,fee77fcc685c20e5db1c3ad97c5c6b7588d06090bcccc85134f1d15dc3c41cb7,0.01373656652867794
persona.high_e_low_n.v2.seed-2008.neutral,2008,neutral,persona.high_e_low_n.v2,high_e_low_n,v2,complete_five_failures,5,unsuccessful,valid_feedback,filler.neutral.5,6714476192934985326,52,fee77fcc685c20e5db1c3ad97c5c6b7588d06090bcccc85134f1d15dc3c41cb7,10,341e35e545be038124ff3688f877b2fff59e2c2839cf44f0cc5b196813f2a71c,0.01521217916160822
persona.high_e_low_n.v2.seed-2009.feedback_only,2009,feedback_only,persona.high_e_low_n.v2,high_e_low_n,v2,complete_five_failures,1,unsuccessful,valid_feedback,,1260204083383722554,10000,9582c82c0e979ad4740159fd2ec5d74526aeb48ac07bda14b2745a25206ae9f4,3048,8d8a406c2701498bf0a5134fc8d3d2dd3838c787cab23a0c65e571fa2681a630,0.005223467480391264
persona.high_e_low_n.v2.seed-2009.feedback_only,2009,feedback_only,persona.high_e_low_n.v2,high_e_low_n,v2,complete_five_failures,2,unsuccessful,valid_feedback,,8078703204154141548,3048,8d8a406c2701498bf0a5134fc8d3d2dd3838c787cab23a0c65e571fa2681a630,768,fc8d58a9e3d1f8e19ada2eb0935f356d1fd043e3c6223147b6eb63ab52c33d06,0.015539726242423058
persona.high_e_low_n.v2.seed-2009.feedback_only,2009,feedback_only,persona.high_e_low_n.v2,high_e_low_n,v2,complete_five_failures,3,unsuccessful,valid_feedback,,4408837213815512884,768,fc8d58a9e3d1f8e19ada2eb0935f356d1fd043e3c6223147b6eb63ab52c33d06,206,3701c51eacc8da4a43acc7def8b9efc78019c15d870b2f7a0f276ba681e765c0,0.014869160018861294
persona.high_e_low_n.v2.seed-2009.feedback_only,2009,feedback_only,persona.high_e_low_n.v2,high_e_low_n,v2,complete_five_failures,4,unsuccessful,valid_feedback,,5665391256835248990,206,3701c51eacc8da4a43acc7def8b9efc78019c15d870b2f7a0f276ba681e765c0,55,04a95813d7014d7950fe157a956d4387a292572957115ac209f07c7805a04adc,0.011901961639523506
persona.high_e_low_n.v2.seed-2009.feedback_only,2009,feedback_only,persona.high_e_low_n.v2,high_e_low_n,v2,complete_five_failures,5,unsuccessful,valid_feedback,,9128014439954229688,55,04a95813d7014d7950fe157a956d4387a292572957115ac209f07c7805a04adc,16,c4381b23c6bfad65ec6363bfce625f0aee93467eaa2c1d60c80ffbff1be04bda,0.011674901470541954
persona.high_e_low_n.v2.seed-2009.supportive,2009,supportive,persona.high_e_low_n.v2,high_e_low_n,v2,complete_five_failures,1,unsuccessful,valid_feedback,filler.supportive.1,1260204083383722554,10000,9582c82c0e979ad4740159fd2ec5d74526aeb48ac07bda14b2745a25206ae9f4,3048,8d8a406c2701498bf0a5134fc8d3d2dd3838c787cab23a0c65e571fa2681a630,0.0032176452223211527
persona.high_e_low_n.v2.seed-2009.supportive,2009,supportive,persona.high_e_low_n.v2,high_e_low_n,v2,complete_five_failures,2,unsuccessful,valid_feedback,filler.supportive.2,8078703204154141548,3048,8d8a406c2701498bf0a5134fc8d3d2dd3838c787cab23a0c65e571fa2681a630,768,fc8d58a9e3d1f8e19ada2eb0935f356d1fd043e3c6223147b6eb63ab52c33d06,0.015529941767454147
persona.high_e_low_n.v2.seed-2009.supportive,2009,supportive,persona.high_e_low_n.v2,high_e_low_n,v2,complete_five_failures,3,unsuccessful,valid_feedback,filler.supportive.3,4408837213815512884,768,fc8d58a9e3d1f8e19ada2eb0935f356d1fd043e3c6223147b6eb63ab52c33d06,184,bb21685db6fbb818e3af6f4c5457db0c37e606a39470f45697f58b6b63d9526f,0.014482291415333748
persona.high_e_low_n.v2.seed-2009.supportive,2009,supportive,persona.high_e_low_n.v2,high_e_low_n,v2,complete_five_failures,4,unsuccessful,valid_feedback,filler.supportive.4,5665391256835248990,184,bb21685db6fbb818e3af6f4c5457db0c37e606a39470f45697f58b6b63d9526f,52,8727d9ce5fc0fc52767e37f5a5888530542b8cfb1a8cd4921fbcebfe35c06ec9,0.015085245482623577
persona.high_e_low_n.v2.seed-2009.supportive,2009,supportive,persona.high_e_low_n.v2,high_e_low_n,v2,complete_five_failures,5,unsuccessful,valid_feedback,filler.supportive.5,9128014439954229688,52,8727d9ce5fc0fc52767e37f5a5888530542b8cfb1a8cd4921fbcebfe35c06ec9,14,667ed144f66082f64c9231eb088f118d398b891f4a8c9e9fef02952a87d4d8ab,0.014208760112524033
persona.high_e_low_n.v2.seed-2009.neutral,2009,neutral,persona.high_e_low_n.v2,high_e_low_n,v2,complete_five_failures,1,unsuccessful,valid_feedback,filler.neutral.1,1260204083383722554,10000,9582c82c0e979ad4740159fd2ec5d74526aeb48ac07bda14b2745a25206ae9f4,3048,8d8a406c2701498bf0a5134fc8d3d2dd3838c787cab23a0c65e571fa2681a630,0.0033067173790186644
persona.high_e_low_n.v2.seed-2009.neutral,2009,neutral,persona.high_e_low_n.v2,high_e_low_n,v2,complete_five_failures,2,unsuccessful,valid_feedback,filler.neutral.2,8078703204154141548,3048,8d8a406c2701498bf0a5134fc8d3d2dd3838c787cab23a0c65e571fa2681a630,768,fc8d58a9e3d1f8e19ada2eb0935f356d1fd043e3c6223147b6eb63ab52c33d06,0.014717177487909794
persona.high_e_low_n.v2.seed-2009.neutral,2009,neutral,persona.high_e_low_n.v2,high_e_low_n,v2,complete_five_failures,3,unsuccessful,valid_feedback,filler.neutral.3,4408837213815512884,768,fc8d58a9e3d1f8e19ada2eb0935f356d1fd043e3c6223147b6eb63ab52c33d06,184,bb21685db6fbb818e3af6f4c5457db0c37e606a39470f45697f58b6b63d9526f,0.012102687731385231
persona.high_e_low_n.v2.seed-2009.neutral,2009,neutral,persona.high_e_low_n.v2,high_e_low_n,v2,complete_five_failures,4,unsuccessful,valid_feedback,filler.neutral.4,5665391256835248990,184,bb21685db6fbb818e3af6f4c5457db0c37e606a39470f45697f58b6b63d9526f,52,8727d9ce5fc0fc52767e37f5a5888530542b8cfb1a8cd4921fbcebfe35c06ec9,0.010584001429378986
persona.high_e_low_n.v2.seed-2009.neutral,2009,neutral,persona.high_e_low_n.v2,high_e_low_n,v2,complete_five_failures,5,unsuccessful,valid_feedback,filler.neutral.5,9128014439954229688,52,8727d9ce5fc0fc52767e37f5a5888530542b8cfb1a8cd4921fbcebfe35c06ec9,14,667ed144f66082f64c9231eb088f118d398b891f4a8c9e9fef02952a87d4d8ab,0.01110966969281435
persona.high_e_low_n.v2.seed-2010.feedback_only,2010,feedback_only,persona.high_e_low_n.v2,high_e_low_n,v2,complete_five_failures,1,unsuccessful,valid_feedback,,3469795497683125335,10000,9582c82c0e979ad4740159fd2ec5d74526aeb48ac07bda14b2745a25206ae9f4,3048,8d8a406c2701498bf0a5134fc8d3d2dd3838c787cab23a0c65e571fa2681a630,0.005223467480391264
persona.high_e_low_n.v2.seed-2010.feedback_only,2010,feedback_only,persona.high_e_low_n.v2,high_e_low_n,v2,complete_five_failures,2,unsuccessful,valid_feedback,,7502407488306205158,3048,8d8a406c2701498bf0a5134fc8d3d2dd3838c787cab23a0c65e571fa2681a630,768,fc8d58a9e3d1f8e19ada2eb0935f356d1fd043e3c6223147b6eb63ab52c33d06,0.015539726242423058
persona.high_e_low_n.v2.seed-2010.feedback_only,2010,feedback_only,persona.high_e_low_n.v2,high_e_low_n,v2,complete_five_failures,3,unsuccessful,valid_feedback,,7505458095384574504,768,fc8d58a9e3d1f8e19ada2eb0935f356d1fd043e3c6223147b6eb63ab52c33d06,206,3701c51eacc8da4a43acc7def8b9efc78019c15d870b2f7a0f276ba681e765c0,0.014869160018861294
persona.high_e_low_n.v2.seed-2010.feedback_only,2010,feedback_only,persona.high_e_low_n.v2,high_e_low_n,v2,complete_five_failures,4,unsuccessful,valid_feedback,,8890796447059342011,206,3701c51eacc8da4a43acc7def8b9efc78019c15d870b2f7a0f276ba681e765c0,55,04a95813d7014d7950fe157a956d4387a292572957115ac209f07c7805a04adc,0.011901961639523506
persona.high_e_low_n.v2.seed-2010.feedback_only,2010,feedback_only,persona.high_e_low_n.v2,high_e_low_n,v2,complete_five_failures,5,unsuccessful,valid_feedback,,2061649511049620242,55,04a95813d7014d7950fe157a956d4387a292572957115ac209f07c7805a04adc,15,ce5d95544a095d12f3a94473e04ccab55002b524452e073c9d463fb6eb1f422c,0.01605783961713314
persona.high_e_low_n.v2.seed-2010.supportive,2010,supportive,persona.high_e_low_n.v2,high_e_low_n,v2,complete_five_failures,1,unsuccessful,valid_feedback,filler.supportive.1,3469795497683125335,10000,9582c82c0e979ad4740159fd2ec5d74526aeb48ac07bda14b2745a25206ae9f4,3048,8d8a406c2701498bf0a5134fc8d3d2dd3838c787cab23a0c65e571fa2681a630,0.0032176452223211527
persona.high_e_low_n.v2.seed-2010.supportive,2010,supportive,persona.high_e_low_n.v2,high_e_low_n,v2,complete_five_failures,2,unsuccessful,valid_feedback,filler.supportive.2,7502407488306205158,3048,8d8a406c2701498bf0a5134fc8d3d2dd3838c787cab23a0c65e571fa2681a630,768,fc8d58a9e3d1f8e19ada2eb0935f356d1fd043e3c6223147b6eb63ab52c33d06,0.015529941767454147
persona.high_e_low_n.v2.seed-2010.supportive,2010,supportive,persona.high_e_low_n.v2,high_e_low_n,v2,complete_five_failures,3,unsuccessful,valid_feedback,filler.supportive.3,7505458095384574504,768,fc8d58a9e3d1f8e19ada2eb0935f356d1fd043e3c6223147b6eb63ab52c33d06,184,bb21685db6fbb818e3af6f4c5457db0c37e606a39470f45697f58b6b63d9526f,0.014482291415333748
persona.high_e_low_n.v2.seed-2010.supportive,2010,supportive,persona.high_e_low_n.v2,high_e_low_n,v2,complete_five_failures,4,unsuccessful,valid_feedback,filler.supportive.4,8890796447059342011,184,bb21685db6fbb818e3af6f4c5457db0c37e606a39470f45697f58b6b63d9526f,46,e3f05775af2f3fb2465dd21b0bc5a6dac6415b64618aaa49d98df1e0774df3ca,0.01503959484398365
persona.high_e_low_n.v2.seed-2010.supportive,2010,supportive,persona.high_e_low_n.v2,high_e_low_n,v2,complete_five_failures,5,unsuccessful,valid_feedback,filler.supportive.5,2061649511049620242,46,e3f05775af2f3fb2465dd21b0bc5a6dac6415b64618aaa49d98df1e0774df3ca,20,5473296ada55e06d05e3fbf1d02ee3422f49af3eb73f4747257f653189e475b1,0.01010977104306221
persona.high_e_low_n.v2.seed-2010.neutral,2010,neutral,persona.high_e_low_n.v2,high_e_low_n,v2,complete_five_failures,1,unsuccessful,valid_feedback,filler.neutral.1,3469795497683125335,10000,9582c82c0e979ad4740159fd2ec5d74526aeb48ac07bda14b2745a25206ae9f4,3048,8d8a406c2701498bf0a5134fc8d3d2dd3838c787cab23a0c65e571fa2681a630,0.0033067173790186644
persona.high_e_low_n.v2.seed-2010.neutral,2010,neutral,persona.high_e_low_n.v2,high_e_low_n,v2,complete_five_failures,2,unsuccessful,valid_feedback,filler.neutral.2,7502407488306205158,3048,8d8a406c2701498bf0a5134fc8d3d2dd3838c787cab23a0c65e571fa2681a630,768,fc8d58a9e3d1f8e19ada2eb0935f356d1fd043e3c6223147b6eb63ab52c33d06,0.014717177487909794
persona.high_e_low_n.v2.seed-2010.neutral,2010,neutral,persona.high_e_low_n.v2,high_e_low_n,v2,complete_five_failures,3,unsuccessful,valid_feedback,filler.neutral.3,7505458095384574504,768,fc8d58a9e3d1f8e19ada2eb0935f356d1fd043e3c6223147b6eb63ab52c33d06,184,bb21685db6fbb818e3af6f4c5457db0c37e606a39470f45697f58b6b63d9526f,0.012102687731385231
persona.high_e_low_n.v2.seed-2010.neutral,2010,neutral,persona.high_e_low_n.v2,high_e_low_n,v2,complete_five_failures,4,unsuccessful,valid_feedback,filler.neutral.4,8890796447059342011,184,bb21685db6fbb818e3af6f4c5457db0c37e606a39470f45697f58b6b63d9526f,46,e3f05775af2f3fb2465dd21b0bc5a6dac6415b64618aaa49d98df1e0774df3ca,0.011104011908173561
persona.high_e_low_n.v2.seed-2010.neutral,2010,neutral,persona.high_e_low_n.v2,high_e_low_n,v2,complete_five_failures,5,unsuccessful,valid_feedback,filler.neutral.5,2061649511049620242,46,e3f05775af2f3fb2465dd21b0bc5a6dac6415b64618aaa49d98df1e0774df3ca,20,5473296ada55e06d05e3fbf1d02ee3422f49af3eb73f4747257f653189e475b1,0.007189211901277304
persona.high_e_low_n.v3.seed-2001.feedback_only,2001,feedback_only,persona.high_e_low_n.v3,high_e_low_n,v3,complete_five_failures,1,unsuccessful,valid_feedback,,4469567771656788920,10000,9582c82c0e979ad4740159fd2ec5d74526aeb48ac07bda14b2745a25206ae9f4,3048,8d8a406c2701498bf0a5134fc8d3d2dd3838c787cab23a0c65e571fa2681a630,0.005847022403031588
persona.high_e_low_n.v3.seed-2001.feedback_only,2001,feedback_only,persona.high_e_low_n.v3,high_e_low_n,v3,complete_five_failures,2,unsuccessful,valid_feedback,,462000147538888414,3048,8d8a406c2701498bf0a5134fc8d3d2dd3838c787cab23a0c65e571fa2681a630,768,fc8d58a9e3d1f8e19ada2eb0935f356d1fd043e3c6223147b6eb63ab52c33d06,0.016039105132222176
persona.high_e_low_n.v3.seed-2001.feedback_only,2001,feedback_only,persona.high_e_low_n.v3,high_e_low_n,v3,complete_five_failures,3,unsuccessful,valid_feedback,,7203904594921472573,768,fc8d58a9e3d1f8e19ada2eb0935f356d1fd043e3c6223147b6eb63ab52c33d06,206,3701c51eacc8da4a43acc7def8b9efc78019c15d870b2f7a0f276ba681e765c0,0.015828225761651993
persona.high_e_low_n.v3.seed-2001.feedback_only,2001,feedback_only,persona.high_e_low_n.v3,high_e_low_n,v3,complete_five_failures,4,unsuccessful,valid_feedback,,7493285141810551950,206,3701c51eacc8da4a43acc7def8b9efc78019c15d870b2f7a0f276ba681e765c0,55,04a95813d7014d7950fe157a956d4387a292572957115ac209f07c7805a04adc,0.013248450122773647
persona.high_e_low_n.v3.seed-2001.feedback_only,2001,feedback_only,persona.high_e_low_n.v3,high_e_low_n,v3,complete_five_failures,5,unsuccessful,valid_feedback,,1845676750874802399,55,04a95813d7014d7950fe157a956d4387a292572957115ac209f07c7805a04adc,15,ce5d95544a095d12f3a94473e04ccab55002b524452e073c9d463fb6eb1f422c,0.01777663454413414
persona.high_e_low_n.v3.seed-2001.supportive,2001,supportive,persona.high_e_low_n.v3,high_e_low_n,v3,complete_five_failures,1,unsuccessful,valid_feedback,filler.supportive.1,4469567771656788920,10000,9582c82c0e979ad4740159fd2ec5d74526aeb48ac07bda14b2745a25206ae9f4,3048,8d8a406c2701498bf0a5134fc8d3d2dd3838c787cab23a0c65e571fa2681a630,0.003901297226548195
persona.high_e_low_n.v3.seed-2001.supportive,2001,supportive,persona.high_e_low_n.v3,high_e_low_n,v3,complete_five_failures,2,unsuccessful,valid_feedback,filler.supportive.2,462000147538888414,3048,8d8a406c2701498bf0a5134fc8d3d2dd3838c787cab23a0c65e571fa2681a630,768,fc8d58a9e3d1f8e19ada2eb0935f356d1fd043e3c6223147b6eb63ab52c33d06,0.01663259230554104
persona.high_e_low_n.v3.seed-2001.supportive,2001,supportive,persona.high_e_low_n.v3,high_e_low_n,v3,complete_five_failures,3,unsuccessful,valid_feedback,filler.supportive.3,7203904594921472573,768,fc8d58a9e3d1f8e19ada2eb0935f356d1fd043e3c6223147b6eb63ab52c33d06,206,3701c51eacc8da4a43acc7def8b9efc78019c15d870b2f7a0f276ba681e765c0,0.016572313383221626
persona.high_e_low_n.v3.seed-2001.supportive,2001,supportive,persona.high_e_low_n.v3,high_e_low_n,v3,complete_five_failures,4,unsuccessful,valid_feedback,filler.supportive.4,7493285141810551950,206,3701c51eacc8da4a43acc7def8b9efc78019c15d870b2f7a0f276ba681e765c0,55,04a95813d7014d7950fe157a956d4387a292572957115ac209f07c7805a04adc,0.016161715611815453
persona.high_e_low_n.v3.seed-2001.supportive,2001,supportive,persona.high_e_low_n.v3,high_e_low_n,v3,complete_five_failures,5,unsuccessful,valid_feedback,filler.supportive.5,1845676750874802399,55,04a95813d7014d7950fe157a956d4387a292572957115ac209f07c7805a04adc,15,ce5d95544a095d12f3a94473e04ccab55002b524452e073c9d463fb6eb1f422c,0.01879667304456234
persona.high_e_low_n.v3.seed-2001.neutral,2001,neutral,persona.high_e_low_n.v3,high_e_low_n,v3,complete_five_failures,1,unsuccessful,valid_feedback,filler.neutral.1,4469567771656788920,10000,9582c82c0e979ad4740159fd2ec5d74526aeb48ac07bda14b2745a25206ae9f4,3048,8d8a406c2701498bf0a5134fc8d3d2dd3838c787cab23a0c65e571fa2681a630,0.003931552637368441
persona.high_e_low_n.v3.seed-2001.neutral,2001,neutral,persona.high_e_low_n.v3,high_e_low_n,v3,complete_five_failures,2,unsuccessful,valid_feedback,filler.neutral.2,462000147538888414,3048,8d8a406c2701498bf0a5134fc8d3d2dd3838c787cab23a0c65e571fa2681a630,768,fc8d58a9e3d1f8e19ada2eb0935f356d1fd043e3c6223147b6eb63ab52c33d06,0.015458045527338982
persona.high_e_low_n.v3.seed-2001.neutral,2001,neutral,persona.high_e_low_n.v3,high_e_low_n,v3,complete_five_failures,3,unsuccessful,valid_feedback,filler.neutral.3,7203904594921472573,768,fc8d58a9e3d1f8e19ada2eb0935f356d1fd043e3c6223147b6eb63ab52c33d06,206,3701c51eacc8da4a43acc7def8b9efc78019c15d870b2f7a0f276ba681e765c0,0.013890787027776241
persona.high_e_low_n.v3.seed-2001.neutral,2001,neutral,persona.high_e_low_n.v3,high_e_low_n,v3,complete_five_failures,4,unsuccessful,valid_feedback,filler.neutral.4,7493285141810551950,206,3701c51eacc8da4a43acc7def8b9efc78019c15d870b2f7a0f276ba681e765c0,55,04a95813d7014d7950fe157a956d4387a292572957115ac209f07c7805a04adc,0.012105331756174564
persona.high_e_low_n.v3.seed-2001.neutral,2001,neutral,persona.high_e_low_n.v3,high_e_low_n,v3,complete_five_failures,5,unsuccessful,valid_feedback,filler.neutral.5,1845676750874802399,55,04a95813d7014d7950fe157a956d4387a292572957115ac209f07c7805a04adc,15,ce5d95544a095d12f3a94473e04ccab55002b524452e073c9d463fb6eb1f422c,0.015147257596254349
persona.high_e_low_n.v3.seed-2002.feedback_only,2002,feedback_only,persona.high_e_low_n.v3,high_e_low_n,v3,complete_five_failures,1,unsuccessful,valid_feedback,,1362916748984622560,10000,9582c82c0e979ad4740159fd2ec5d74526aeb48ac07bda14b2745a25206ae9f4,3048,c276bf3530cc8d3ce2b1ddb7f6cbf168184316c3a9894881b55d5b73f476cc0f,0.00797268282622099
persona.high_e_low_n.v3.seed-2002.feedback_only,2002,feedback_only,persona.high_e_low_n.v3,high_e_low_n,v3,complete_five_failures,2,unsuccessful,valid_feedback,,650953833576476763,3048,c276bf3530cc8d3ce2b1ddb7f6cbf168184316c3a9894881b55d5b73f476cc0f,886,0d3daa2ca8d34575596ff98fbf16fdc66fdcf7a2b2d6aaec69967d78b459ac5a,0.01668119989335537
persona.high_e_low_n.v3.seed-2002.feedback_only,2002,feedback_only,persona.high_e_low_n.v3,high_e_low_n,v3,complete_five_failures,3,invalid,invalid_guess,,2885332770678600905,886,0d3daa2ca8d34575596ff98fbf16fdc66fdcf7a2b2d6aaec69967d78b459ac5a,886,0d3daa2ca8d34575596ff98fbf16fdc66fdcf7a2b2d6aaec69967d78b459ac5a,0.019018879160284996
persona.high_e_low_n.v3.seed-2002.feedback_only,2002,feedback_only,persona.high_e_low_n.v3,high_e_low_n,v3,complete_five_failures,4,unsuccessful,valid_feedback,,3768721403253947093,886,0d3daa2ca8d34575596ff98fbf16fdc66fdcf7a2b2d6aaec69967d78b459ac5a,220,b031badf1c7b454458384239ee7ddba0095ddd30af33aaf382c5c243f0c0deff,0.009737554006278515
persona.high_e_low_n.v3.seed-2002.feedback_only,2002,feedback_only,persona.high_e_low_n.v3,high_e_low_n,v3,complete_five_failures,5,unsuccessful,valid_feedback,,7993377739206102388,220,b031badf1c7b454458384239ee7ddba0095ddd30af33aaf382c5c243f0c0deff,62,b502b312ad24fbedb79ad5b6f04133d76144a7889717dfed8a885ca84c303ed9,0.014607266522943974
persona.high_e_low_n.v3.seed-2002.supportive,2002,supportive,persona.high_e_low_n.v3,high_e_low_n,v3,complete_five_failures,1,unsuccessful,valid_feedback,filler.supportive.1,1362916748984622560,10000,9582c82c0e979ad4740159fd2ec5d74526aeb48ac07bda14b2745a25206ae9f4,3048,c276bf3530cc8d3ce2b1ddb7f6cbf168184316c3a9894881b55d5b73f476cc0f,0.0062193418852984905
persona.high_e_low_n.v3.seed-2002.supportive,2002,supportive,persona.high_e_low_n.v3,high_e_low_n,v3,complete_five_failures,2,unsuccessful,valid_feedback,filler.supportive.2,650953833576476763,3048,c276bf3530cc8d3ce2b1ddb7f6cbf168184316c3a9894881b55d5b73f476cc0f,886,0d3daa2ca8d34575596ff98fbf16fdc66fdcf7a2b2d6aaec69967d78b459ac5a,0.016897452995181084
persona.high_e_low_n.v3.seed-2002.supportive,2002,supportive,persona.high_e_low_n.v3,high_e_low_n,v3,complete_five_failures,3,invalid,invalid_guess,filler.supportive.3,2885332770678600905,886,0d3daa2ca8d34575596ff98fbf16fdc66fdcf7a2b2d6aaec69967d78b459ac5a,886,0d3daa2ca8d34575596ff98fbf16fdc66fdcf7a2b2d6aaec69967d78b459ac5a,0.01476060226559639
persona.high_e_low_n.v3.seed-2002.supportive,2002,supportive,persona.high_e_low_n.v3,high_e_low_n,v3,complete_five_failures,4,unsuccessful,valid_feedback,filler.supportive.4,3768721403253947093,886,0d3daa2ca8d34575596ff98fbf16fdc66fdcf7a2b2d6aaec69967d78b459ac5a,239,cff8a270d51840c08248b6ef13bde1397c422a567b01cfd641bfa8b2f7af521c,0.01365415658801794
persona.high_e_low_n.v3.seed-2002.supportive,2002,supportive,persona.high_e_low_n.v3,high_e_low_n,v3,complete_five_failures,5,unsuccessful,valid_feedback,filler.supportive.5,7993377739206102388,239,cff8a270d51840c08248b6ef13bde1397c422a567b01cfd641bfa8b2f7af521c,99,a51f1f20171535ce91cf6e07622fd22a398d26effb0f93daadff2c05af3f2ffe,0.01754022389650345
persona.high_e_low_n.v3.seed-2002.neutral,2002,neutral,persona.high_e_low_n.v3,high_e_low_n,v3,complete_five_failures,1,unsuccessful,valid_feedback,filler.neutral.1,1362916748984622560,10000,9582c82c0e979ad4740159fd2ec5d74526aeb48ac07bda14b2745a25206ae9f4,3048,c276bf3530cc8d3ce2b1ddb7f6cbf168184316c3a9894881b55d5b73f476cc0f,0.00553102046251297
persona.high_e_low_n.v3.seed-2002.neutral,2002,neutral,persona.high_e_low_n.v3,high_e_low_n,v3,complete_five_failures,2,unsuccessful,valid_feedback,filler.neutral.2,650953833576476763,3048,c276bf3530cc8d3ce2b1ddb7f6cbf168184316c3a9894881b55d5b73f476cc0f,886,0d3daa2ca8d34575596ff98fbf16fdc66fdcf7a2b2d6aaec69967d78b459ac5a,0.015926111489534378
persona.high_e_low_n.v3.seed-2002.neutral,2002,neutral,persona.high_e_low_n.v3,high_e_low_n,v3,complete_five_failures,3,invalid,invalid_guess,filler.neutral.3,2885332770678600905,886,0d3daa2ca8d34575596ff98fbf16fdc66fdcf7a2b2d6aaec69967d78b459ac5a,886,0d3daa2ca8d34575596ff98fbf16fdc66fdcf7a2b2d6aaec69967d78b459ac5a,0.008278151042759418
persona.high_e_low_n.v3.seed-2002.neutral,2002,neutral,persona.high_e_low_n.v3,high_e_low_n,v3,complete_five_failures,4,unsuccessful,valid_feedback,filler.neutral.4,3768721403253947093,886,0d3daa2ca8d34575596ff98fbf16fdc66fdcf7a2b2d6aaec69967d78b459ac5a,239,cff8a270d51840c08248b6ef13bde1397c422a567b01cfd641bfa8b2f7af521c,0.009110461920499802
persona.high_e_low_n.v3.seed-2002.neutral,2002,neutral,persona.high_e_low_n.v3,high_e_low_n,v3,complete_five_failures,5,unsuccessful,valid_feedback,filler.neutral.5,7993377739206102388,239,cff8a270d51840c08248b6ef13bde1397c422a567b01cfd641bfa8b2f7af521c,86,dcd48a937783d3bcce96dce35bf00f78d8bce6a4cbdc63193bb9a4bef974927b,0.014165950939059258
persona.high_e_low_n.v3.seed-2003.feedback_only,2003,feedback_only,persona.high_e_low_n.v3,high_e_low_n,v3,complete_five_failures,1,unsuccessful,valid_feedback,,8452511391424371538,10000,9582c82c0e979ad4740159fd2ec5d74526aeb48ac07bda14b2745a25206ae9f4,3048,8d8a406c2701498bf0a5134fc8d3d2dd3838c787cab23a0c65e571fa2681a630,0.005847022403031588
persona.high_e_low_n.v3.seed-2003.feedback_only,2003,feedback_only,persona.high_e_low_n.v3,high_e_low_n,v3,complete_five_failures,2,unsuccessful,valid_feedback,,2185802378076996070,3048,8d8a406c2701498bf0a5134fc8d3d2dd3838c787cab23a0c65e571fa2681a630,768,fc8d58a9e3d1f8e19ada2eb0935f356d1fd043e3c6223147b6eb63ab52c33d06,0.016039105132222176
persona.high_e_low_n.v3.seed-2003.feedback_only,2003,feedback_only,persona.high_e_low_n.v3,high_e_low_n,v3,complete_five_failures,3,unsuccessful,valid_feedback,,4546495009630349109,768,fc8d58a9e3d1f8e19ada2eb0935f356d1fd043e3c6223147b6eb63ab52c33d06,206,3701c51eacc8da4a43acc7def8b9efc78019c15d870b2f7a0f276ba681e765c0,0.015828225761651993
persona.high_e_low_n.v3.seed-2003.feedback_only,2003,feedback_only,persona.high_e_low_n.v3,high_e_low_n,v3,complete_five_failures,4,unsuccessful,valid_feedback,,5827469766280291389,206,3701c51eacc8da4a43acc7def8b9efc78019c15d870b2f7a0f276ba681e765c0,55,04a95813d7014d7950fe157a956d4387a292572957115ac209f07c7805a04adc,0.013248450122773647
persona.high_e_low_n.v3.seed-2003.feedback_only,2003,feedback_only,persona.high_e_low_n.v3,high_e_low_n,v3,complete_five_failures,5,unsuccessful,valid_feedback,,9189069359561447070,55,04a95813d7014d7950fe157a956d4387a292572957115ac209f07c7805a04adc,15,ce5d95544a095d12f3a94473e04ccab55002b524452e073c9d463fb6eb1f422c,0.01777663454413414
persona.high_e_low_n.v3.seed-2003.supportive,2003,supportive,persona.high_e_low_n.v3,high_e_low_n,v3,complete_five_failures,1,unsuccessful,valid_feedback,filler.supportive.1,8452511391424371538,10000,9582c82c0e979ad4740159fd2ec5d74526aeb48ac07bda14b2745a25206ae9f4,3048,8d8a406c2701498bf0a5134fc8d3d2dd3838c787cab23a0c65e571fa2681a630,0.003901297226548195
persona.high_e_low_n.v3.seed-2003.supportive,2003,supportive,persona.high_e_low_n.v3,high_e_low_n,v3,complete_five_failures,2,unsuccessful,valid_feedback,filler.supportive.2,2185802378076996070,3048,8d8a406c2701498bf0a5134fc8d3d2dd3838c787cab23a0c65e571fa2681a630,768,fc8d58a9e3d1f8e19ada2eb0935f356d1fd043e3c6223147b6eb63ab52c33d06,0.01663259230554104
persona.high_e_low_n.v3.seed-2003.supportive,2003,supportive,persona.high_e_low_n.v3,high_e_low_n,v3,complete_five_failures,3,unsuccessful,valid_feedback,filler.supportive.3,4546495009630349109,768,fc8d58a9e3d1f8e19ada2eb0935f356d1fd043e3c6223147b6eb63ab52c33d06,206,3701c51eacc8da4a43acc7def8b9efc78019c15d870b2f7a0f276ba681e765c0,0.016572313383221626
persona.high_e_low_n.v3.seed-2003.supportive,2003,supportive,persona.high_e_low_n.v3,high_e_low_n,v3,complete_five_failures,4,unsuccessful,valid_feedback,filler.supportive.4,5827469766280291389,206,3701c51eacc8da4a43acc7def8b9efc78019c15d870b2f7a0f276ba681e765c0,55,04a95813d7014d7950fe157a956d4387a292572957115ac209f07c7805a04adc,0.016161715611815453
persona.high_e_low_n.v3.seed-2003.supportive,2003,supportive,persona.high_e_low_n.v3,high_e_low_n,v3,complete_five_failures,5,unsuccessful,valid_feedback,filler.supportive.5,9189069359561447070,55,04a95813d7014d7950fe157a956d4387a292572957115ac209f07c7805a04adc,15,ce5d95544a095d12f3a94473e04ccab55002b524452e073c9d463fb6eb1f422c,0.01879667304456234
persona.high_e_low_n.v3.seed-2003.neutral,2003,neutral,persona.high_e_low_n.v3,high_e_low_n,v3,complete_five_failures,1,unsuccessful,valid_feedback,filler.neutral.1,8452511391424371538,10000,9582c82c0e979ad4740159fd2ec5d74526aeb48ac07bda14b2745a25206ae9f4,3048,8d8a406c2701498bf0a5134fc8d3d2dd3838c787cab23a0c65e571fa2681a630,0.003931552637368441
persona.high_e_low_n.v3.seed-2003.neutral,2003,neutral,persona.high_e_low_n.v3,high_e_low_n,v3,complete_five_failures,2,unsuccessful,valid_feedback,filler.neutral.2,2185802378076996070,3048,8d8a406c2701498bf0a5134fc8d3d2dd3838c787cab23a0c65e571fa2681a630,768,fc8d58a9e3d1f8e19ada2eb0935f356d1fd043e3c6223147b6eb63ab52c33d06,0.015458045527338982
persona.high_e_low_n.v3.seed-2003.neutral,2003,neutral,persona.high_e_low_n.v3,high_e_low_n,v3,complete_five_failures,3,unsuccessful,valid_feedback,filler.neutral.3,4546495009630349109,768,fc8d58a9e3d1f8e19ada2eb0935f356d1fd043e3c6223147b6eb63ab52c33d06,206,3701c51eacc8da4a43acc7def8b9efc78019c15d870b2f7a0f276ba681e765c0,0.013890787027776241
persona.high_e_low_n.v3.seed-2003.neutral,2003,neutral,persona.high_e_low_n.v3,high_e_low_n,v3,complete_five_failures,4,unsuccessful,valid_feedback,filler.neutral.4,5827469766280291389,206,3701c51eacc8da4a43acc7def8b9efc78019c15d870b2f7a0f276ba681e765c0,55,04a95813d7014d7950fe157a956d4387a292572957115ac209f07c7805a04adc,0.012105331756174564
persona.high_e_low_n.v3.seed-2003.neutral,2003,neutral,persona.high_e_low_n.v3,high_e_low_n,v3,complete_five_failures,5,unsuccessful,valid_feedback,filler.neutral.5,9189069359561447070,55,04a95813d7014d7950fe157a956d4387a292572957115ac209f07c7805a04adc,15,ce5d95544a095d12f3a94473e04ccab55002b524452e073c9d463fb6eb1f422c,0.015147257596254349
persona.high_e_low_n.v3.seed-2004.feedback_only,2004,feedback_only,persona.high_e_low_n.v3,high_e_low_n,v3,complete_five_failures,1,unsuccessful,valid_feedback,,3012682462339476124,10000,9582c82c0e979ad4740159fd2ec5d74526aeb48ac07bda14b2745a25206ae9f4,6561,53a14051f308be8c745906018a762ceb477324e2fdfef98aa3ddc1cd72bc1dbf,0.006226482801139355
persona.high_e_low_n.v3.seed-2004.feedback_only,2004,feedback_only,persona.high_e_low_n.v3,high_e_low_n,v3,complete_five_failures,2,unsuccessful,valid_feedback,,5539227853087561902,6561,53a14051f308be8c745906018a762ceb477324e2fdfef98aa3ddc1cd72bc1dbf,1820,ab963e3ac5c47a412aa8e77e52f2aebf2c350c67899c4acae4511a5e0eb024e6,0.01193981897085905
persona.high_e_low_n.v3.seed-2004.feedback_only,2004,feedback_only,persona.high_e_low_n.v3,high_e_low_n,v3,complete_five_failures,3,unsuccessful,valid_feedback,,9087570836507131457,1820,ab963e3ac5c47a412aa8e77e52f2aebf2c350c67899c4acae4511a5e0eb024e6,588,8700a3bcaa3be0b6d6d88102648e2e896709b87e73bc3b226c676a53c735b7aa,0.017231374979019165
persona.high_e_low_n.v3.seed-2004.feedback_only,2004,feedback_only,persona.high_e_low_n.v3,high_e_low_n,v3,complete_five_failures,4,unsuccessful,valid_feedback,,4770636941596934890,588,8700a3bcaa3be0b6d6d88102648e2e896709b87e73bc3b226c676a53c735b7aa,184,cb198093726eef3fc3e7114005fe6d3fcfc94f89aa68ca88f644f07878fb6efb,0.02178191766142845
persona.high_e_low_n.v3.seed-2004.feedback_only,2004,feedback_only,persona.high_e_low_n.v3,high_e_low_n,v3,complete_five_failures,5,unsuccessful,valid_feedback,,879249873976900214,184,cb198093726eef3fc3e7114005fe6d3fcfc94f89aa68ca88f644f07878fb6efb,63,f5615a652174268c6d89bcdffbb8a46dc5825ddf29135ada17dc66ea2dbefec9,0.022048667073249817
persona.high_e_low_n.v3.seed-2004.supportive,2004,supportive,persona.high_e_low_n.v3,high_e_low_n,v3,complete_five_failures,1,unsuccessful,valid_feedback,filler.supportive.1,3012682462339476124,10000,9582c82c0e979ad4740159fd2ec5d74526aeb48ac07bda14b2745a25206ae9f4,6561,53a14051f308be8c745906018a762ceb477324e2fdfef98aa3ddc1cd72bc1dbf,0.0022182525135576725
persona.high_e_low_n.v3.seed-2004.supportive,2004,supportive,persona.high_e_low_n.v3,high_e_low_n,v3,complete_five_failures,2,unsuccessful,valid_feedback,filler.supportive.2,5539227853087561902,6561,53a14051f308be8c745906018a762ceb477324e2fdfef98aa3ddc1cd72bc1dbf,1820,ab963e3ac5c47a412aa8e77e52f2aebf2c350c67899c4acae4511a5e0eb024e6,0.0143437460064888
persona.high_e_low_n.v3.seed-2004.supportive,2004,supportive,persona.high_e_low_n.v3,high_e_low_n,v3,complete_five_failures,3,unsuccessful,valid_feedback,filler.supportive.3,9087570836507131457,1820,ab963e3ac5c47a412aa8e77e52f2aebf2c350c67899c4acae4511a5e0eb024e6,588,8700a3bcaa3be0b6d6d88102648e2e896709b87e73bc3b226c676a53c735b7aa,0.0176543015986681
persona.high_e_low_n.v3.seed-2004.supportive,2004,supportive,persona.high_e_low_n.v3,high_e_low_n,v3,complete_five_failures,4,unsuccessful,valid_feedback,filler.supportive.4,4770636941596934890,588,8700a3bcaa3be0b6d6d88102648e2e896709b87e73bc3b226c676a53c735b7aa,184,cb198093726eef3fc3e7114005fe6d3fcfc94f89aa68ca88f644f07878fb6efb,0.020530594512820244
persona.high_e_low_n.v3.seed-2004.supportive,2004,supportive,persona.high_e_low_n.v3,high_e_low_n,v3,complete_five_failures,5,unsuccessful,valid_feedback,filler.supportive.5,879249873976900214,184,cb198093726eef3fc3e7114005fe6d3fcfc94f89aa68ca88f644f07878fb6efb,63,f5615a652174268c6d89bcdffbb8a46dc5825ddf29135ada17dc66ea2dbefec9,0.021260477602481842
persona.high_e_low_n.v3.seed-2004.neutral,2004,neutral,persona.high_e_low_n.v3,high_e_low_n,v3,complete_five_failures,1,unsuccessful,valid_feedback,filler.neutral.1,3012682462339476124,10000,9582c82c0e979ad4740159fd2ec5d74526aeb48ac07bda14b2745a25206ae9f4,6561,53a14051f308be8c745906018a762ceb477324e2fdfef98aa3ddc1cd72bc1dbf,0.002457669237628579
persona.high_e_low_n.v3.seed-2004.neutral,2004,neutral,persona.high_e_low_n.v3,high_e_low_n,v3,complete_five_failures,2,unsuccessful,valid_feedback,filler.neutral.2,5539227853087561902,6561,53a14051f308be8c745906018a762ceb477324e2fdfef98aa3ddc1cd72bc1dbf,1820,ab963e3ac5c47a412aa8e77e52f2aebf2c350c67899c4acae4511a5e0eb024e6,0.011960534378886223
persona.high_e_low_n.v3.seed-2004.neutral,2004,neutral,persona.high_e_low_n.v3,high_e_low_n,v3,complete_five_failures,3,unsuccessful,valid_feedback,filler.neutral.3,9087570836507131457,1820,ab963e3ac5c47a412aa8e77e52f2aebf2c350c67899c4acae4511a5e0eb024e6,588,8700a3bcaa3be0b6d6d88102648e2e896709b87e73bc3b226c676a53c735b7aa,0.014887942932546139
persona.high_e_low_n.v3.seed-2004.neutral,2004,neutral,persona.high_e_low_n.v3,high_e_low_n,v3,complete_five_failures,4,unsuccessful,valid_feedback,filler.neutral.4,4770636941596934890,588,8700a3bcaa3be0b6d6d88102648e2e896709b87e73bc3b226c676a53c735b7aa,184,cb198093726eef3fc3e7114005fe6d3fcfc94f89aa68ca88f644f07878fb6efb,0.014839374460279942
persona.high_e_low_n.v3.seed-2004.neutral,2004,neutral,persona.high_e_low_n.v3,high_e_low_n,v3,complete_five_failures,5,unsuccessful,valid_feedback,filler.neutral.5,879249873976900214,184,cb198093726eef3fc3e7114005fe6d3fcfc94f89aa68ca88f644f07878fb6efb,63,f5615a652174268c6d89bcdffbb8a46dc5825ddf29135ada17dc66ea2dbefec9,0.017224185168743134
persona.high_e_low_n.v3.seed-2005.feedback_only,2005,feedback_only,persona.high_e_low_n.v3,high_e_low_n,v3,complete_five_failures,1,unsuccessful,valid_feedback,,8146282925072561755,10000,9582c82c0e979ad4740159fd2ec5d74526aeb48ac07bda14b2745a25206ae9f4,3048,8d8a406c2701498bf0a5134fc8d3d2dd3838c787cab23a0c65e571fa2681a630,0.00321570853702724
persona.high_e_low_n.v3.seed-2005.feedback_only,2005,feedback_only,persona.high_e_low_n.v3,high_e_low_n,v3,complete_five_failures,2,unsuccessful,valid_feedback,,7270573099286778731,3048,8d8a406c2701498bf0a5134fc8d3d2dd3838c787cab23a0c65e571fa2681a630,768,fc8d58a9e3d1f8e19ada2eb0935f356d1fd043e3c6223147b6eb63ab52c33d06,0.013290651142597198
persona.high_e_low_n.v3.seed-2005.feedback_only,2005,feedback_only,persona.high_e_low_n.v3,high_e_low_n,v3,complete_five_failures,3,unsuccessful,valid_feedback,,320833271567228942,768,fc8d58a9e3d1f8e19ada2eb0935f356d1fd043e3c6223147b6eb63ab52c33d06,184,bb21685db6fbb818e3af6f4c5457db0c37e606a39470f45697f58b6b63d9526f,0.014062215574085712
persona.high_e_low_n.v3.seed-2005.feedback_only,2005,feedback_only,persona.high_e_low_n.v3,high_e_low_n,v3,complete_five_failures,4,unsuccessful,valid_feedback,,1081455331307413947,184,bb21685db6fbb818e3af6f4c5457db0c37e606a39470f45697f58b6b63d9526f,52,8727d9ce5fc0fc52767e37f5a5888530542b8cfb1a8cd4921fbcebfe35c06ec9,0.011665702797472477
persona.high_e_low_n.v3.seed-2005.feedback_only,2005,feedback_only,persona.high_e_low_n.v3,high_e_low_n,v3,complete_five_failures,5,unsuccessful,valid_feedback,,5451539660838294209,52,8727d9ce5fc0fc52767e37f5a5888530542b8cfb1a8cd4921fbcebfe35c06ec9,14,b095fd74ddff9807c5b218bb54089369c9a8234da040fb89bc7b476d47ae2067,0.003043101169168949
persona.high_e_low_n.v3.seed-2005.supportive,2005,supportive,persona.high_e_low_n.v3,high_e_low_n,v3,complete_five_failures,1,unsuccessful,valid_feedback,filler.supportive.1,8146282925072561755,10000,9582c82c0e979ad4740159fd2ec5d74526aeb48ac07bda14b2745a25206ae9f4,3048,8d8a406c2701498bf0a5134fc8d3d2dd3838c787cab23a0c65e571fa2681a630,0.0001250399072887376
persona.high_e_low_n.v3.seed-2005.supportive,2005,supportive,persona.high_e_low_n.v3,high_e_low_n,v3,complete_five_failures,2,unsuccessful,valid_feedback,filler.supportive.2,7270573099286778731,3048,8d8a406c2701498bf0a5134fc8d3d2dd3838c787cab23a0c65e571fa2681a630,768,fc8d58a9e3d1f8e19ada2eb0935f356d1fd043e3c6223147b6eb63ab52c33d06,0.015628809109330177
persona.high_e_low_n.v3.seed-2005.supportive,2005,supportive,persona.high_e_low_n.v3,high_e_low_n,v3,complete_five_failures,3,unsuccessful,valid_feedback,filler.supportive.3,320833271567228942,768,fc8d58a9e3d1f8e19ada2eb0935f356d1fd043e3c6223147b6eb63ab52c33d06,190,35049178f6b4f7103224259f9c9baff8546af3ff8ac7de6c3814cb9b2c8a38ef,0.013505905866622925
persona.high_e_low_n.v3.seed-2005.supportive,2005,supportive,persona.high_e_low_n.v3,high_e_low_n,v3,complete_five_failures,4,unsuccessful,valid_feedback,filler.supportive.4,1081455331307413947,190,35049178f6b4f7103224259f9c9baff8546af3ff8ac7de6c3814cb9b2c8a38ef,51,7f6792ea80549f3fe04e97f7dcf6ec11eee7817a080ac7fed3b10acf9289c34c,0.008728277869522572
persona.high_e_low_n.v3.seed-2005.supportive,2005,supportive,persona.high_e_low_n.v3,high_e_low_n,v3,complete_five_failures,5,unsuccessful,valid_feedback,filler.supportive.5,5451539660838294209,51,7f6792ea80549f3fe04e97f7dcf6ec11eee7817a080ac7fed3b10acf9289c34c,25,ece30cf22d281aa2d29dbd5b632ea660c98aac1c9754a6467a2c6815b58b52cd,0.01403429638594389
persona.high_e_low_n.v3.seed-2005.neutral,2005,neutral,persona.high_e_low_n.v3,high_e_low_n,v3,complete_five_failures,1,unsuccessful,valid_feedback,filler.neutral.1,8146282925072561755,10000,9582c82c0e979ad4740159fd2ec5d74526aeb48ac07bda14b2745a25206ae9f4,3048,8d8a406c2701498bf0a5134fc8d3d2dd3838c787cab23a0c65e571fa2681a630,-0.00019872035773005337
persona.high_e_low_n.v3.seed-2005.neutral,2005,neutral,persona.high_e_low_n.v3,high_e_low_n,v3,complete_five_failures,2,unsuccessful,valid_feedback,filler.neutral.2,7270573099286778731,3048,8d8a406c2701498bf0a5134fc8d3d2dd3838c787cab23a0c65e571fa2681a630,768,fc8d58a9e3d1f8e19ada2eb0935f356d1fd043e3c6223147b6eb63ab52c33d06,0.011805296875536442
persona.high_e_low_n.v3.seed-2005.neutral,2005,neutral,persona.high_e_low_n.v3,high_e_low_n,v3,complete_five_failures,3,unsuccessful,valid_feedback,filler.neutral.3,320833271567228942,768,fc8d58a9e3d1f8e19ada2eb0935f356d1fd043e3c6223147b6eb63ab52c33d06,184,bb21685db6fbb818e3af6f4c5457db0c37e606a39470f45697f58b6b63d9526f,0.012553058564662933
persona.high_e_low_n.v3.seed-2005.neutral,2005,neutral,persona.high_e_low_n.v3,high_e_low_n,v3,complete_five_failures,4,unsuccessful,valid_feedback,filler.neutral.4,1081455331307413947,184,bb21685db6fbb818e3af6f4c5457db0c37e606a39470f45697f58b6b63d9526f,46,e3f05775af2f3fb2465dd21b0bc5a6dac6415b64618aaa49d98df1e0774df3ca,0.011179128661751747
persona.high_e_low_n.v3.seed-2005.neutral,2005,neutral,persona.high_e_low_n.v3,high_e_low_n,v3,complete_five_failures,5,unsuccessful,valid_feedback,filler.neutral.5,5451539660838294209,46,e3f05775af2f3fb2465dd21b0bc5a6dac6415b64618aaa49d98df1e0774df3ca,20,5473296ada55e06d05e3fbf1d02ee3422f49af3eb73f4747257f653189e475b1,0.006154459435492754
persona.high_e_low_n.v3.seed-2006.feedback_only,2006,feedback_only,persona.high_e_low_n.v3,high_e_low_n,v3,complete_five_failures,1,unsuccessful,valid_feedback,,20746705984210227,10000,9582c82c0e979ad4740159fd2ec5d74526aeb48ac07bda14b2745a25206ae9f4,3048,8d8a406c2701498bf0a5134fc8d3d2dd3838c787cab23a0c65e571fa2681a630,0.005847022403031588
persona.high_e_low_n.v3.seed-2006.feedback_only,2006,feedback_only,persona.high_e_low_n.v3,high_e_low_n,v3,complete_five_failures,2,unsuccessful,valid_feedback,,7186787635236517948,3048,8d8a406c2701498bf0a5134fc8d3d2dd3838c787cab23a0c65e571fa2681a630,768,fc8d58a9e3d1f8e19ada2eb0935f356d1fd043e3c6223147b6eb63ab52c33d06,0.016039105132222176
persona.high_e_low_n.v3.seed-2006.feedback_only,2006,feedback_only,persona.high_e_low_n.v3,high_e_low_n,v3,complete_five_failures,3,unsuccessful,valid_feedback,,2633872377281840482,768,fc8d58a9e3d1f8e19ada2eb0935f356d1fd043e3c6223147b6eb63ab52c33d06,206,3701c51eacc8da4a43acc7def8b9efc78019c15d870b2f7a0f276ba681e765c0,0.015828225761651993
persona.high_e_low_n.v3.seed-2006.feedback_only,2006,feedback_only,persona.high_e_low_n.v3,high_e_low_n,v3,complete_five_failures,4,unsuccessful,valid_feedback,,7338954399356967658,206,3701c51eacc8da4a43acc7def8b9efc78019c15d870b2f7a0f276ba681e765c0,55,04a95813d7014d7950fe157a956d4387a292572957115ac209f07c7805a04adc,0.013248450122773647
persona.high_e_low_n.v3.seed-2006.feedback_only,2006,feedback_only,persona.high_e_low_n.v3,high_e_low_n,v3,complete_five_failures,5,unsuccessful,valid_feedback,,9132968224681273883,55,04a95813d7014d7950fe157a956d4387a292572957115ac209f07c7805a04adc,15,ce5d95544a095d12f3a94473e04ccab55002b524452e073c9d463fb6eb1f422c,0.01777663454413414
persona.high_e_low_n.v3.seed-2006.supportive,2006,supportive,persona.high_e_low_n.v3,high_e_low_n,v3,complete_five_failures,1,unsuccessful,valid_feedback,filler.supportive.1,20746705984210227,10000,9582c82c0e979ad4740159fd2ec5d74526aeb48ac07bda14b2745a25206ae9f4,3048,8d8a406c2701498bf0a5134fc8d3d2dd3838c787cab23a0c65e571fa2681a630,0.003901297226548195
persona.high_e_low_n.v3.seed-2006.supportive,2006,supportive,persona.high_e_low_n.v3,high_e_low_n,v3,complete_five_failures,2,unsuccessful,valid_feedback,filler.supportive.2,7186787635236517948,3048,8d8a406c2701498bf0a5134fc8d3d2dd3838c787cab23a0c65e571fa2681a630,768,fc8d58a9e3d1f8e19ada2eb0935f356d1fd043e3c6223147b6eb63ab52c33d06,0.01663259230554104
persona.high_e_low_n.v3.seed-2006.supportive,2006,supportive,persona.high_e_low_n.v3,high_e_low_n,v3,complete_five_failures,3,unsuccessful,valid_feedback,filler.supportive.3,2633872377281840482,768,fc8d58a9e3d1f8e19ada2eb0935f356d1fd043e3c6223147b6eb63ab52c33d06,206,3701c51eacc8da4a43acc7def8b9efc78019c15d870b2f7a0f276ba681e765c0,0.016572313383221626
persona.high_e_low_n.v3.seed-2006.supportive,2006,supportive,persona.high_e_low_n.v3,high_e_low_n,v3,complete_five_failures,4,unsuccessful,valid_feedback,filler.supportive.4,7338954399356967658,206,3701c51eacc8da4a43acc7def8b9efc78019c15d870b2f7a0f276ba681e765c0,55,04a95813d7014d7950fe157a956d4387a292572957115ac209f07c7805a04adc,0.016161715611815453
persona.high_e_low_n.v3.seed-2006.supportive,2006,supportive,persona.high_e_low_n.v3,high_e_low_n,v3,complete_five_failures,5,unsuccessful,valid_feedback,filler.supportive.5,9132968224681273883,55,04a95813d7014d7950fe157a956d4387a292572957115ac209f07c7805a04adc,15,ce5d95544a095d12f3a94473e04ccab55002b524452e073c9d463fb6eb1f422c,0.01879667304456234
persona.high_e_low_n.v3.seed-2006.neutral,2006,neutral,persona.high_e_low_n.v3,high_e_low_n,v3,complete_five_failures,1,unsuccessful,valid_feedback,filler.neutral.1,20746705984210227,10000,9582c82c0e979ad4740159fd2ec5d74526aeb48ac07bda14b2745a25206ae9f4,3048,8d8a406c2701498bf0a5134fc8d3d2dd3838c787cab23a0c65e571fa2681a630,0.003931552637368441
persona.high_e_low_n.v3.seed-2006.neutral,2006,neutral,persona.high_e_low_n.v3,high_e_low_n,v3,complete_five_failures,2,unsuccessful,valid_feedback,filler.neutral.2,7186787635236517948,3048,8d8a406c2701498bf0a5134fc8d3d2dd3838c787cab23a0c65e571fa2681a630,768,fc8d58a9e3d1f8e19ada2eb0935f356d1fd043e3c6223147b6eb63ab52c33d06,0.015458045527338982
persona.high_e_low_n.v3.seed-2006.neutral,2006,neutral,persona.high_e_low_n.v3,high_e_low_n,v3,complete_five_failures,3,unsuccessful,valid_feedback,filler.neutral.3,2633872377281840482,768,fc8d58a9e3d1f8e19ada2eb0935f356d1fd043e3c6223147b6eb63ab52c33d06,206,3701c51eacc8da4a43acc7def8b9efc78019c15d870b2f7a0f276ba681e765c0,0.013890787027776241
persona.high_e_low_n.v3.seed-2006.neutral,2006,neutral,persona.high_e_low_n.v3,high_e_low_n,v3,complete_five_failures,4,unsuccessful,valid_feedback,filler.neutral.4,7338954399356967658,206,3701c51eacc8da4a43acc7def8b9efc78019c15d870b2f7a0f276ba681e765c0,55,04a95813d7014d7950fe157a956d4387a292572957115ac209f07c7805a04adc,0.012105331756174564
persona.high_e_low_n.v3.seed-2006.neutral,2006,neutral,persona.high_e_low_n.v3,high_e_low_n,v3,complete_five_failures,5,unsuccessful,valid_feedback,filler.neutral.5,9132968224681273883,55,04a95813d7014d7950fe157a956d4387a292572957115ac209f07c7805a04adc,15,ce5d95544a095d12f3a94473e04ccab55002b524452e073c9d463fb6eb1f422c,0.015147257596254349
persona.high_e_low_n.v3.seed-2007.feedback_only,2007,feedback_only,persona.high_e_low_n.v3,high_e_low_n,v3,complete_five_failures,1,unsuccessful,valid_feedback,,5495818002014909466,10000,9582c82c0e979ad4740159fd2ec5d74526aeb48ac07bda14b2745a25206ae9f4,3048,8d8a406c2701498bf0a5134fc8d3d2dd3838c787cab23a0c65e571fa2681a630,0.005847022403031588
persona.high_e_low_n.v3.seed-2007.feedback_only,2007,feedback_only,persona.high_e_low_n.v3,high_e_low_n,v3,complete_five_failures,2,unsuccessful,valid_feedback,,7092970346930268185,3048,8d8a406c2701498bf0a5134fc8d3d2dd3838c787cab23a0c65e571fa2681a630,768,fc8d58a9e3d1f8e19ada2eb0935f356d1fd043e3c6223147b6eb63ab52c33d06,0.016039105132222176
persona.high_e_low_n.v3.seed-2007.feedback_only,2007,feedback_only,persona.high_e_low_n.v3,high_e_low_n,v3,complete_five_failures,3,unsuccessful,valid_feedback,,4413334138324627702,768,fc8d58a9e3d1f8e19ada2eb0935f356d1fd043e3c6223147b6eb63ab52c33d06,206,3701c51eacc8da4a43acc7def8b9efc78019c15d870b2f7a0f276ba681e765c0,0.015828225761651993
persona.high_e_low_n.v3.seed-2007.feedback_only,2007,feedback_only,persona.high_e_low_n.v3,high_e_low_n,v3,complete_five_failures,4,unsuccessful,valid_feedback,,7609396874926615527,206,3701c51eacc8da4a43acc7def8b9efc78019c15d870b2f7a0f276ba681e765c0,55,04a95813d7014d7950fe157a956d4387a292572957115ac209f07c7805a04adc,0.013248450122773647
persona.high_e_low_n.v3.seed-2007.feedback_only,2007,feedback_only,persona.high_e_low_n.v3,high_e_low_n,v3,complete_five_failures,5,unsuccessful,valid_feedback,,1032535146999642755,55,04a95813d7014d7950fe157a956d4387a292572957115ac209f07c7805a04adc,15,ce5d95544a095d12f3a94473e04ccab55002b524452e073c9d463fb6eb1f422c,0.01777663454413414
persona.high_e_low_n.v3.seed-2007.supportive,2007,supportive,persona.high_e_low_n.v3,high_e_low_n,v3,complete_five_failures,1,unsuccessful,valid_feedback,filler.supportive.1,5495818002014909466,10000,9582c82c0e979ad4740159fd2ec5d74526aeb48ac07bda14b2745a25206ae9f4,3048,8d8a406c2701498bf0a5134fc8d3d2dd3838c787cab23a0c65e571fa2681a630,0.003901297226548195
persona.high_e_low_n.v3.seed-2007.supportive,2007,supportive,persona.high_e_low_n.v3,high_e_low_n,v3,complete_five_failures,2,unsuccessful,valid_feedback,filler.supportive.2,7092970346930268185,3048,8d8a406c2701498bf0a5134fc8d3d2dd3838c787cab23a0c65e571fa2681a630,768,fc8d58a9e3d1f8e19ada2eb0935f356d1fd043e3c6223147b6eb63ab52c33d06,0.01663259230554104
persona.high_e_low_n.v3.seed-2007.supportive,2007,supportive,persona.high_e_low_n.v3,high_e_low_n,v3,complete_five_failures,3,unsuccessful,valid_feedback,filler.supportive.3,4413334138324627702,768,fc8d58a9e3d1f8e19ada2eb0935f356d1fd043e3c6223147b6eb63ab52c33d06,184,bb21685db6fbb818e3af6f4c5457db0c37e606a39470f45697f58b6b63d9526f,0.015525873750448227
persona.high_e_low_n.v3.seed-2007.supportive,2007,supportive,persona.high_e_low_n.v3,high_e_low_n,v3,complete_five_failures,4,unsuccessful,valid_feedback,filler.supportive.4,7609396874926615527,184,bb21685db6fbb818e3af6f4c5457db0c37e606a39470f45697f58b6b63d9526f,52,8727d9ce5fc0fc52767e37f5a5888530542b8cfb1a8cd4921fbcebfe35c06ec9,0.016400465741753578
persona.high_e_low_n.v3.seed-2007.supportive,2007,supportive,persona.high_e_low_n.v3,high_e_low_n,v3,complete_five_failures,5,unsuccessful,valid_feedback,filler.supportive.5,1032535146999642755,52,8727d9ce5fc0fc52767e37f5a5888530542b8cfb1a8cd4921fbcebfe35c06ec9,14,c20fe7ff3ea44b293310f977030bad517d0ae0a26ec375b140ddc7f54e24f9f9,0.018776003271341324
persona.high_e_low_n.v3.seed-2007.neutral,2007,neutral,persona.high_e_low_n.v3,high_e_low_n,v3,complete_five_failures,1,unsuccessful,valid_feedback,filler.neutral.1,5495818002014909466,10000,9582c82c0e979ad4740159fd2ec5d74526aeb48ac07bda14b2745a25206ae9f4,3048,8d8a406c2701498bf0a5134fc8d3d2dd3838c787cab23a0c65e571fa2681a630,0.003931552637368441
persona.high_e_low_n.v3.seed-2007.neutral,2007,neutral,persona.high_e_low_n.v3,high_e_low_n,v3,complete_five_failures,2,unsuccessful,valid_feedback,filler.neutral.2,7092970346930268185,3048,8d8a406c2701498bf0a5134fc8d3d2dd3838c787cab23a0c65e571fa2681a630,768,fc8d58a9e3d1f8e19ada2eb0935f356d1fd043e3c6223147b6eb63ab52c33d06,0.015458045527338982
persona.high_e_low_n.v3.seed-2007.neutral,2007,neutral,persona.high_e_low_n.v3,high_e_low_n,v3,complete_five_failures,3,unsuccessful,valid_feedback,filler.neutral.3,4413334138324627702,768,fc8d58a9e3d1f8e19ada2eb0935f356d1fd043e3c6223147b6eb63ab52c33d06,184,bb21685db6fbb818e3af6f4c5457db0c37e606a39470f45697f58b6b63d9526f,0.013148208148777485
persona.high_e_low_n.v3.seed-2007.neutral,2007,neutral,persona.high_e_low_n.v3,high_e_low_n,v3,complete_five_failures,4,unsuccessful,valid_feedback,filler.neutral.4,7609396874926615527,184,bb21685db6fbb818e3af6f4c5457db0c37e606a39470f45697f58b6b63d9526f,52,8727d9ce5fc0fc52767e37f5a5888530542b8cfb1a8cd4921fbcebfe35c06ec9,0.011862303130328655
persona.high_e_low_n.v3.seed-2007.neutral,2007,neutral,persona.high_e_low_n.v3,high_e_low_n,v3,complete_five_failures,5,unsuccessful,valid_feedback,filler.neutral.5,1032535146999642755,52,8727d9ce5fc0fc52767e37f5a5888530542b8cfb1a8cd4921fbcebfe35c06ec9,14,c20fe7ff3ea44b293310f977030bad517d0ae0a26ec375b140ddc7f54e24f9f9,0.014851916581392288
persona.high_e_low_n.v3.seed-2008.feedback_only,2008,feedback_only,persona.high_e_low_n.v3,high_e_low_n,v3,complete_five_failures,1,unsuccessful,valid_feedback,,8344175065288078558,10000,9582c82c0e979ad4740159fd2ec5d74526aeb48ac07bda14b2745a25206ae9f4,3048,8d8a406c2701498bf0a5134fc8d3d2dd3838c787cab23a0c65e571fa2681a630,0.005847022403031588
persona.high_e_low_n.v3.seed-2008.feedback_only,2008,feedback_only,persona.high_e_low_n.v3,high_e_low_n,v3,complete_five_failures,2,unsuccessful,valid_feedback,,1764828235997338309,3048,8d8a406c2701498bf0a5134fc8d3d2dd3838c787cab23a0c65e571fa2681a630,768,fc8d58a9e3d1f8e19ada2eb0935f356d1fd043e3c6223147b6eb63ab52c33d06,0.016039105132222176
persona.high_e_low_n.v3.seed-2008.feedback_only,2008,feedback_only,persona.high_e_low_n.v3,high_e_low_n,v3,complete_five_failures,3,unsuccessful,valid_feedback,,1186103364016962603,768,fc8d58a9e3d1f8e19ada2eb0935f356d1fd043e3c6223147b6eb63ab52c33d06,206,3701c51eacc8da4a43acc7def8b9efc78019c15d870b2f7a0f276ba681e765c0,0.015828225761651993
persona.high_e_low_n.v3.seed-2008.feedback_only,2008,feedback_only,persona.high_e_low_n.v3,high_e_low_n,v3,complete_five_failures,4,unsuccessful,valid_feedback,,1157719167337881160,206,3701c51eacc8da4a43acc7def8b9efc78019c15d870b2f7a0f276ba681e765c0,55,04a95813d7014d7950fe157a956d4387a292572957115ac209f07c7805a04adc,0.013248450122773647
persona.high_e_low_n.v3.seed-2008.feedback_only,2008,feedback_only,persona.high_e_low_n.v3,high_e_low_n,v3,complete_five_failures,5,unsuccessful,valid_feedback,,6714476192934985326,55,04a95813d7014d7950fe157a956d4387a292572957115ac209f07c7805a04adc,15,ce5d95544a095d12f3a94473e04ccab55002b524452e073c9d463fb6eb1f422c,0.01777663454413414
persona.high_e_low_n.v3.seed-2008.supportive,2008,supportive,persona.high_e_low_n.v3,high_e_low_n,v3,complete_five_failures,1,unsuccessful,valid_feedback,filler.supportive.1,8344175065288078558,10000,9582c82c0e979ad4740159fd2ec5d74526aeb48ac07bda14b2745a25206ae9f4,3048,8d8a406c2701498bf0a5134fc8d3d2dd3838c787cab23a0c65e571fa2681a630,0.003901297226548195
persona.high_e_low_n.v3.seed-2008.supportive,2008,supportive,persona.high_e_low_n.v3,high_e_low_n,v3,complete_five_failures,2,unsuccessful,valid_feedback,filler.supportive.2,1764828235997338309,3048,8d8a406c2701498bf0a5134fc8d3d2dd3838c787cab23a0c65e571fa2681a630,768,fc8d58a9e3d1f8e19ada2eb0935f356d1fd043e3c6223147b6eb63ab52c33d06,0.01663259230554104
persona.high_e_low_n.v3.seed-2008.supportive,2008,supportive,persona.high_e_low_n.v3,high_e_low_n,v3,complete_five_failures,3,unsuccessful,valid_feedback,filler.supportive.3,1186103364016962603,768,fc8d58a9e3d1f8e19ada2eb0935f356d1fd043e3c6223147b6eb63ab52c33d06,206,3701c51eacc8da4a43acc7def8b9efc78019c15d870b2f7a0f276ba681e765c0,0.016572313383221626
persona.high_e_low_n.v3.seed-2008.supportive,2008,supportive,persona.high_e_low_n.v3,high_e_low_n,v3,complete_five_failures,4,unsuccessful,valid_feedback,filler.supportive.4,1157719167337881160,206,3701c51eacc8da4a43acc7def8b9efc78019c15d870b2f7a0f276ba681e765c0,55,04a95813d7014d7950fe157a956d4387a292572957115ac209f07c7805a04adc,0.016161715611815453
persona.high_e_low_n.v3.seed-2008.supportive,2008,supportive,persona.high_e_low_n.v3,high_e_low_n,v3,complete_five_failures,5,unsuccessful,valid_feedback,filler.supportive.5,6714476192934985326,55,04a95813d7014d7950fe157a956d4387a292572957115ac209f07c7805a04adc,15,ce5d95544a095d12f3a94473e04ccab55002b524452e073c9d463fb6eb1f422c,0.01879667304456234
persona.high_e_low_n.v3.seed-2008.neutral,2008,neutral,persona.high_e_low_n.v3,high_e_low_n,v3,complete_five_failures,1,unsuccessful,valid_feedback,filler.neutral.1,8344175065288078558,10000,9582c82c0e979ad4740159fd2ec5d74526aeb48ac07bda14b2745a25206ae9f4,3048,8d8a406c2701498bf0a5134fc8d3d2dd3838c787cab23a0c65e571fa2681a630,0.003931552637368441
persona.high_e_low_n.v3.seed-2008.neutral,2008,neutral,persona.high_e_low_n.v3,high_e_low_n,v3,complete_five_failures,2,unsuccessful,valid_feedback,filler.neutral.2,1764828235997338309,3048,8d8a406c2701498bf0a5134fc8d3d2dd3838c787cab23a0c65e571fa2681a630,768,fc8d58a9e3d1f8e19ada2eb0935f356d1fd043e3c6223147b6eb63ab52c33d06,0.015458045527338982
persona.high_e_low_n.v3.seed-2008.neutral,2008,neutral,persona.high_e_low_n.v3,high_e_low_n,v3,complete_five_failures,3,unsuccessful,valid_feedback,filler.neutral.3,1186103364016962603,768,fc8d58a9e3d1f8e19ada2eb0935f356d1fd043e3c6223147b6eb63ab52c33d06,206,3701c51eacc8da4a43acc7def8b9efc78019c15d870b2f7a0f276ba681e765c0,0.013890787027776241
persona.high_e_low_n.v3.seed-2008.neutral,2008,neutral,persona.high_e_low_n.v3,high_e_low_n,v3,complete_five_failures,4,unsuccessful,valid_feedback,filler.neutral.4,1157719167337881160,206,3701c51eacc8da4a43acc7def8b9efc78019c15d870b2f7a0f276ba681e765c0,55,04a95813d7014d7950fe157a956d4387a292572957115ac209f07c7805a04adc,0.012105331756174564
persona.high_e_low_n.v3.seed-2008.neutral,2008,neutral,persona.high_e_low_n.v3,high_e_low_n,v3,complete_five_failures,5,unsuccessful,valid_feedback,filler.neutral.5,6714476192934985326,55,04a95813d7014d7950fe157a956d4387a292572957115ac209f07c7805a04adc,15,ce5d95544a095d12f3a94473e04ccab55002b524452e073c9d463fb6eb1f422c,0.015147257596254349
persona.high_e_low_n.v3.seed-2009.feedback_only,2009,feedback_only,persona.high_e_low_n.v3,high_e_low_n,v3,complete_five_failures,1,unsuccessful,valid_feedback,,1260204083383722554,10000,9582c82c0e979ad4740159fd2ec5d74526aeb48ac07bda14b2745a25206ae9f4,3048,8d8a406c2701498bf0a5134fc8d3d2dd3838c787cab23a0c65e571fa2681a630,0.005847022403031588
persona.high_e_low_n.v3.seed-2009.feedback_only,2009,feedback_only,persona.high_e_low_n.v3,high_e_low_n,v3,complete_five_failures,2,unsuccessful,valid_feedback,,8078703204154141548,3048,8d8a406c2701498bf0a5134fc8d3d2dd3838c787cab23a0c65e571fa2681a630,768,fc8d58a9e3d1f8e19ada2eb0935f356d1fd043e3c6223147b6eb63ab52c33d06,0.016039105132222176
persona.high_e_low_n.v3.seed-2009.feedback_only,2009,feedback_only,persona.high_e_low_n.v3,high_e_low_n,v3,complete_five_failures,3,unsuccessful,valid_feedback,,4408837213815512884,768,fc8d58a9e3d1f8e19ada2eb0935f356d1fd043e3c6223147b6eb63ab52c33d06,206,3701c51eacc8da4a43acc7def8b9efc78019c15d870b2f7a0f276ba681e765c0,0.015828225761651993
persona.high_e_low_n.v3.seed-2009.feedback_only,2009,feedback_only,persona.high_e_low_n.v3,high_e_low_n,v3,complete_five_failures,4,unsuccessful,valid_feedback,,5665391256835248990,206,3701c51eacc8da4a43acc7def8b9efc78019c15d870b2f7a0f276ba681e765c0,55,04a95813d7014d7950fe157a956d4387a292572957115ac209f07c7805a04adc,0.013248450122773647
persona.high_e_low_n.v3.seed-2009.feedback_only,2009,feedback_only,persona.high_e_low_n.v3,high_e_low_n,v3,complete_five_failures,5,unsuccessful,valid_feedback,,9128014439954229688,55,04a95813d7014d7950fe157a956d4387a292572957115ac209f07c7805a04adc,16,c4381b23c6bfad65ec6363bfce625f0aee93467eaa2c1d60c80ffbff1be04bda,0.013301704078912735
persona.high_e_low_n.v3.seed-2009.supportive,2009,supportive,persona.high_e_low_n.v3,high_e_low_n,v3,complete_five_failures,1,unsuccessful,valid_feedback,filler.supportive.1,1260204083383722554,10000,9582c82c0e979ad4740159fd2ec5d74526aeb48ac07bda14b2745a25206ae9f4,3048,8d8a406c2701498bf0a5134fc8d3d2dd3838c787cab23a0c65e571fa2681a630,0.003901297226548195
persona.high_e_low_n.v3.seed-2009.supportive,2009,supportive,persona.high_e_low_n.v3,high_e_low_n,v3,complete_five_failures,2,unsuccessful,valid_feedback,filler.supportive.2,8078703204154141548,3048,8d8a406c2701498bf0a5134fc8d3d2dd3838c787cab23a0c65e571fa2681a630,768,fc8d58a9e3d1f8e19ada2eb0935f356d1fd043e3c6223147b6eb63ab52c33d06,0.01663259230554104
persona.high_e_low_n.v3.seed-2009.supportive,2009,supportive,persona.high_e_low_n.v3,high_e_low_n,v3,complete_five_failures,3,unsuccessful,valid_feedback,filler.supportive.3,4408837213815512884,768,fc8d58a9e3d1f8e19ada2eb0935f356d1fd043e3c6223147b6eb63ab52c33d06,184,bb21685db6fbb818e3af6f4c5457db0c37e606a39470f45697f58b6b63d9526f,0.015525873750448227
persona.high_e_low_n.v3.seed-2009.supportive,2009,supportive,persona.high_e_low_n.v3,high_e_low_n,v3,complete_five_failures,4,unsuccessful,valid_feedback,filler.supportive.4,5665391256835248990,184,bb21685db6fbb818e3af6f4c5457db0c37e606a39470f45697f58b6b63d9526f,52,8727d9ce5fc0fc52767e37f5a5888530542b8cfb1a8cd4921fbcebfe35c06ec9,0.016400465741753578
persona.high_e_low_n.v3.seed-2009.supportive,2009,supportive,persona.high_e_low_n.v3,high_e_low_n,v3,complete_five_failures,5,unsuccessful,valid_feedback,filler.supportive.5,9128014439954229688,52,8727d9ce5fc0fc52767e37f5a5888530542b8cfb1a8cd4921fbcebfe35c06ec9,14,667ed144f66082f64c9231eb088f118d398b891f4a8c9e9fef02952a87d4d8ab,0.01639261282980442
persona.high_e_low_n.v3.seed-2009.neutral,2009,neutral,persona.high_e_low_n.v3,high_e_low_n,v3,complete_five_failures,1,unsuccessful,valid_feedback,filler.neutral.1,1260204083383722554,10000,9582c82c0e979ad4740159fd2ec5d74526aeb48ac07bda14b2745a25206ae9f4,3048,8d8a406c2701498bf0a5134fc8d3d2dd3838c787cab23a0c65e571fa2681a630,0.003931552637368441
persona.high_e_low_n.v3.seed-2009.neutral,2009,neutral,persona.high_e_low_n.v3,high_e_low_n,v3,complete_five_failures,2,unsuccessful,valid_feedback,filler.neutral.2,8078703204154141548,3048,8d8a406c2701498bf0a5134fc8d3d2dd3838c787cab23a0c65e571fa2681a630,768,fc8d58a9e3d1f8e19ada2eb0935f356d1fd043e3c6223147b6eb63ab52c33d06,0.015458045527338982
persona.high_e_low_n.v3.seed-2009.neutral,2009,neutral,persona.high_e_low_n.v3,high_e_low_n,v3,complete_five_failures,3,unsuccessful,valid_feedback,filler.neutral.3,4408837213815512884,768,fc8d58a9e3d1f8e19ada2eb0935f356d1fd043e3c6223147b6eb63ab52c33d06,184,bb21685db6fbb818e3af6f4c5457db0c37e606a39470f45697f58b6b63d9526f,0.013148208148777485
persona.high_e_low_n.v3.seed-2009.neutral,2009,neutral,persona.high_e_low_n.v3,high_e_low_n,v3,complete_five_failures,4,unsuccessful,valid_feedback,filler.neutral.4,5665391256835248990,184,bb21685db6fbb818e3af6f4c5457db0c37e606a39470f45697f58b6b63d9526f,52,8727d9ce5fc0fc52767e37f5a5888530542b8cfb1a8cd4921fbcebfe35c06ec9,0.011862303130328655
persona.high_e_low_n.v3.seed-2009.neutral,2009,neutral,persona.high_e_low_n.v3,high_e_low_n,v3,complete_five_failures,5,unsuccessful,valid_feedback,filler.neutral.5,9128014439954229688,52,8727d9ce5fc0fc52767e37f5a5888530542b8cfb1a8cd4921fbcebfe35c06ec9,14,667ed144f66082f64c9231eb088f118d398b891f4a8c9e9fef02952a87d4d8ab,0.012859622947871685
persona.high_e_low_n.v3.seed-2010.feedback_only,2010,feedback_only,persona.high_e_low_n.v3,high_e_low_n,v3,complete_five_failures,1,unsuccessful,valid_feedback,,3469795497683125335,10000,9582c82c0e979ad4740159fd2ec5d74526aeb48ac07bda14b2745a25206ae9f4,3048,8d8a406c2701498bf0a5134fc8d3d2dd3838c787cab23a0c65e571fa2681a630,0.005847022403031588
persona.high_e_low_n.v3.seed-2010.feedback_only,2010,feedback_only,persona.high_e_low_n.v3,high_e_low_n,v3,complete_five_failures,2,unsuccessful,valid_feedback,,7502407488306205158,3048,8d8a406c2701498bf0a5134fc8d3d2dd3838c787cab23a0c65e571fa2681a630,768,fc8d58a9e3d1f8e19ada2eb0935f356d1fd043e3c6223147b6eb63ab52c33d06,0.016039105132222176
persona.high_e_low_n.v3.seed-2010.feedback_only,2010,feedback_only,persona.high_e_low_n.v3,high_e_low_n,v3,complete_five_failures,3,unsuccessful,valid_feedback,,7505458095384574504,768,fc8d58a9e3d1f8e19ada2eb0935f356d1fd043e3c6223147b6eb63ab52c33d06,206,3701c51eacc8da4a43acc7def8b9efc78019c15d870b2f7a0f276ba681e765c0,0.015828225761651993
persona.high_e_low_n.v3.seed-2010.feedback_only,2010,feedback_only,persona.high_e_low_n.v3,high_e_low_n,v3,complete_five_failures,4,unsuccessful,valid_feedback,,8890796447059342011,206,3701c51eacc8da4a43acc7def8b9efc78019c15d870b2f7a0f276ba681e765c0,55,04a95813d7014d7950fe157a956d4387a292572957115ac209f07c7805a04adc,0.013248450122773647
persona.high_e_low_n.v3.seed-2010.feedback_only,2010,feedback_only,persona.high_e_low_n.v3,high_e_low_n,v3,complete_five_failures,5,unsuccessful,valid_feedback,,2061649511049620242,55,04a95813d7014d7950fe157a956d4387a292572957115ac209f07c7805a04adc,15,ce5d95544a095d12f3a94473e04ccab55002b524452e073c9d463fb6eb1f422c,0.01777663454413414
persona.high_e_low_n.v3.seed-2010.supportive,2010,supportive,persona.high_e_low_n.v3,high_e_low_n,v3,complete_five_failures,1,unsuccessful,valid_feedback,filler.supportive.1,3469795497683125335,10000,9582c82c0e979ad4740159fd2ec5d74526aeb48ac07bda14b2745a25206ae9f4,3048,8d8a406c2701498bf0a5134fc8d3d2dd3838c787cab23a0c65e571fa2681a630,0.003901297226548195
persona.high_e_low_n.v3.seed-2010.supportive,2010,supportive,persona.high_e_low_n.v3,high_e_low_n,v3,complete_five_failures,2,unsuccessful,valid_feedback,filler.supportive.2,7502407488306205158,3048,8d8a406c2701498bf0a5134fc8d3d2dd3838c787cab23a0c65e571fa2681a630,768,fc8d58a9e3d1f8e19ada2eb0935f356d1fd043e3c6223147b6eb63ab52c33d06,0.01663259230554104
persona.high_e_low_n.v3.seed-2010.supportive,2010,supportive,persona.high_e_low_n.v3,high_e_low_n,v3,complete_five_failures,3,unsuccessful,valid_feedback,filler.supportive.3,7505458095384574504,768,fc8d58a9e3d1f8e19ada2eb0935f356d1fd043e3c6223147b6eb63ab52c33d06,184,bb21685db6fbb818e3af6f4c5457db0c37e606a39470f45697f58b6b63d9526f,0.015525873750448227
persona.high_e_low_n.v3.seed-2010.supportive,2010,supportive,persona.high_e_low_n.v3,high_e_low_n,v3,complete_five_failures,4,unsuccessful,valid_feedback,filler.supportive.4,8890796447059342011,184,bb21685db6fbb818e3af6f4c5457db0c37e606a39470f45697f58b6b63d9526f,46,e3f05775af2f3fb2465dd21b0bc5a6dac6415b64618aaa49d98df1e0774df3ca,0.016342444345355034
persona.high_e_low_n.v3.seed-2010.supportive,2010,supportive,persona.high_e_low_n.v3,high_e_low_n,v3,complete_five_failures,5,unsuccessful,valid_feedback,filler.supportive.5,2061649511049620242,46,e3f05775af2f3fb2465dd21b0bc5a6dac6415b64618aaa49d98df1e0774df3ca,20,5473296ada55e06d05e3fbf1d02ee3422f49af3eb73f4747257f653189e475b1,0.012198714539408684
persona.high_e_low_n.v3.seed-2010.neutral,2010,neutral,persona.high_e_low_n.v3,high_e_low_n,v3,complete_five_failures,1,unsuccessful,valid_feedback,filler.neutral.1,3469795497683125335,10000,9582c82c0e979ad4740159fd2ec5d74526aeb48ac07bda14b2745a25206ae9f4,3048,8d8a406c2701498bf0a5134fc8d3d2dd3838c787cab23a0c65e571fa2681a630,0.003931552637368441
persona.high_e_low_n.v3.seed-2010.neutral,2010,neutral,persona.high_e_low_n.v3,high_e_low_n,v3,complete_five_failures,2,unsuccessful,valid_feedback,filler.neutral.2,7502407488306205158,3048,8d8a406c2701498bf0a5134fc8d3d2dd3838c787cab23a0c65e571fa2681a630,768,fc8d58a9e3d1f8e19ada2eb0935f356d1fd043e3c6223147b6eb63ab52c33d06,0.015458045527338982
persona.high_e_low_n.v3.seed-2010.neutral,2010,neutral,persona.high_e_low_n.v3,high_e_low_n,v3,complete_five_failures,3,unsuccessful,valid_feedback,filler.neutral.3,7505458095384574504,768,fc8d58a9e3d1f8e19ada2eb0935f356d1fd043e3c6223147b6eb63ab52c33d06,184,bb21685db6fbb818e3af6f4c5457db0c37e606a39470f45697f58b6b63d9526f,0.013148208148777485
persona.high_e_low_n.v3.seed-2010.neutral,2010,neutral,persona.high_e_low_n.v3,high_e_low_n,v3,complete_five_failures,4,unsuccessful,valid_feedback,filler.neutral.4,8890796447059342011,184,bb21685db6fbb818e3af6f4c5457db0c37e606a39470f45697f58b6b63d9526f,46,e3f05775af2f3fb2465dd21b0bc5a6dac6415b64618aaa49d98df1e0774df3ca,0.012212265282869339
persona.high_e_low_n.v3.seed-2010.neutral,2010,neutral,persona.high_e_low_n.v3,high_e_low_n,v3,complete_five_failures,5,unsuccessful,valid_feedback,filler.neutral.5,2061649511049620242,46,e3f05775af2f3fb2465dd21b0bc5a6dac6415b64618aaa49d98df1e0774df3ca,20,5473296ada55e06d05e3fbf1d02ee3422f49af3eb73f4747257f653189e475b1,0.00888697151094675
persona.low_e_high_n.seed-2001.feedback_only,2001,feedback_only,persona.low_e_high_n,low_e_high_n,v1,complete_five_failures,1,unsuccessful,valid_feedback,,4469567771656788920,10000,9582c82c0e979ad4740159fd2ec5d74526aeb48ac07bda14b2745a25206ae9f4,3048,8d8a406c2701498bf0a5134fc8d3d2dd3838c787cab23a0c65e571fa2681a630,0.006604655645787716
persona.low_e_high_n.seed-2001.feedback_only,2001,feedback_only,persona.low_e_high_n,low_e_high_n,v1,complete_five_failures,2,unsuccessful,valid_feedback,,462000147538888414,3048,8d8a406c2701498bf0a5134fc8d3d2dd3838c787cab23a0c65e571fa2681a630,768,fc8d58a9e3d1f8e19ada2eb0935f356d1fd043e3c6223147b6eb63ab52c33d06,0.017607785761356354
persona.low_e_high_n.seed-2001.feedback_only,2001,feedback_only,persona.low_e_high_n,low_e_high_n,v1,complete_five_failures,3,unsuccessful,valid_feedback,,7203904594921472573,768,fc8d58a9e3d1f8e19ada2eb0935f356d1fd043e3c6223147b6eb63ab52c33d06,206,3701c51eacc8da4a43acc7def8b9efc78019c15d870b2f7a0f276ba681e765c0,0.016451193019747734
persona.low_e_high_n.seed-2001.feedback_only,2001,feedback_only,persona.low_e_high_n,low_e_high_n,v1,complete_five_failures,4,unsuccessful,valid_feedback,,7493285141810551950,206,3701c51eacc8da4a43acc7def8b9efc78019c15d870b2f7a0f276ba681e765c0,55,04a95813d7014d7950fe157a956d4387a292572957115ac209f07c7805a04adc,0.01315423846244812
persona.low_e_high_n.seed-2001.feedback_only,2001,feedback_only,persona.low_e_high_n,low_e_high_n,v1,complete_five_failures,5,unsuccessful,valid_feedback,,1845676750874802399,55,04a95813d7014d7950fe157a956d4387a292572957115ac209f07c7805a04adc,15,ce5d95544a095d12f3a94473e04ccab55002b524452e073c9d463fb6eb1f422c,0.01684810221195221
persona.low_e_high_n.seed-2001.supportive,2001,supportive,persona.low_e_high_n,low_e_high_n,v1,complete_five_failures,1,unsuccessful,valid_feedback,filler.supportive.1,4469567771656788920,10000,9582c82c0e979ad4740159fd2ec5d74526aeb48ac07bda14b2745a25206ae9f4,3048,8d8a406c2701498bf0a5134fc8d3d2dd3838c787cab23a0c65e571fa2681a630,0.004905614070594311
persona.low_e_high_n.seed-2001.supportive,2001,supportive,persona.low_e_high_n,low_e_high_n,v1,complete_five_failures,2,unsuccessful,valid_feedback,filler.supportive.2,462000147538888414,3048,8d8a406c2701498bf0a5134fc8d3d2dd3838c787cab23a0c65e571fa2681a630,768,fc8d58a9e3d1f8e19ada2eb0935f356d1fd043e3c6223147b6eb63ab52c33d06,0.01772122271358967
persona.low_e_high_n.seed-2001.supportive,2001,supportive,persona.low_e_high_n,low_e_high_n,v1,complete_five_failures,3,unsuccessful,valid_feedback,filler.supportive.3,7203904594921472573,768,fc8d58a9e3d1f8e19ada2eb0935f356d1fd043e3c6223147b6eb63ab52c33d06,206,3701c51eacc8da4a43acc7def8b9efc78019c15d870b2f7a0f276ba681e765c0,0.017365625128149986
persona.low_e_high_n.seed-2001.supportive,2001,supportive,persona.low_e_high_n,low_e_high_n,v1,complete_five_failures,4,unsuccessful,valid_feedback,filler.supportive.4,7493285141810551950,206,3701c51eacc8da4a43acc7def8b9efc78019c15d870b2f7a0f276ba681e765c0,55,04a95813d7014d7950fe157a956d4387a292572957115ac209f07c7805a04adc,0.0158896055072546
persona.low_e_high_n.seed-2001.supportive,2001,supportive,persona.low_e_high_n,low_e_high_n,v1,complete_five_failures,5,unsuccessful,valid_feedback,filler.supportive.5,1845676750874802399,55,04a95813d7014d7950fe157a956d4387a292572957115ac209f07c7805a04adc,15,ce5d95544a095d12f3a94473e04ccab55002b524452e073c9d463fb6eb1f422c,0.018268084153532982
persona.low_e_high_n.seed-2001.neutral,2001,neutral,persona.low_e_high_n,low_e_high_n,v1,complete_five_failures,1,unsuccessful,valid_feedback,filler.neutral.1,4469567771656788920,10000,9582c82c0e979ad4740159fd2ec5d74526aeb48ac07bda14b2745a25206ae9f4,3048,8d8a406c2701498bf0a5134fc8d3d2dd3838c787cab23a0c65e571fa2681a630,0.004622361622750759
persona.low_e_high_n.seed-2001.neutral,2001,neutral,persona.low_e_high_n,low_e_high_n,v1,complete_five_failures,2,unsuccessful,valid_feedback,filler.neutral.2,462000147538888414,3048,8d8a406c2701498bf0a5134fc8d3d2dd3838c787cab23a0c65e571fa2681a630,768,fc8d58a9e3d1f8e19ada2eb0935f356d1fd043e3c6223147b6eb63ab52c33d06,0.01714845933020115
persona.low_e_high_n.seed-2001.neutral,2001,neutral,persona.low_e_high_n,low_e_high_n,v1,complete_five_failures,3,unsuccessful,valid_feedback,filler.neutral.3,7203904594921472573,768,fc8d58a9e3d1f8e19ada2eb0935f356d1fd043e3c6223147b6eb63ab52c33d06,206,3701c51eacc8da4a43acc7def8b9efc78019c15d870b2f7a0f276ba681e765c0,0.014654526486992836
persona.low_e_high_n.seed-2001.neutral,2001,neutral,persona.low_e_high_n,low_e_high_n,v1,complete_five_failures,4,unsuccessful,valid_feedback,filler.neutral.4,7493285141810551950,206,3701c51eacc8da4a43acc7def8b9efc78019c15d870b2f7a0f276ba681e765c0,55,04a95813d7014d7950fe157a956d4387a292572957115ac209f07c7805a04adc,0.012046247720718384
persona.low_e_high_n.seed-2001.neutral,2001,neutral,persona.low_e_high_n,low_e_high_n,v1,complete_five_failures,5,unsuccessful,valid_feedback,filler.neutral.5,1845676750874802399,55,04a95813d7014d7950fe157a956d4387a292572957115ac209f07c7805a04adc,15,ce5d95544a095d12f3a94473e04ccab55002b524452e073c9d463fb6eb1f422c,0.01514396071434021
persona.low_e_high_n.seed-2002.feedback_only,2002,feedback_only,persona.low_e_high_n,low_e_high_n,v1,complete_five_failures,1,unsuccessful,valid_feedback,,1362916748984622560,10000,9582c82c0e979ad4740159fd2ec5d74526aeb48ac07bda14b2745a25206ae9f4,3048,c276bf3530cc8d3ce2b1ddb7f6cbf168184316c3a9894881b55d5b73f476cc0f,0.008751405403017998
persona.low_e_high_n.seed-2002.feedback_only,2002,feedback_only,persona.low_e_high_n,low_e_high_n,v1,complete_five_failures,2,unsuccessful,valid_feedback,,650953833576476763,3048,c276bf3530cc8d3ce2b1ddb7f6cbf168184316c3a9894881b55d5b73f476cc0f,886,0d3daa2ca8d34575596ff98fbf16fdc66fdcf7a2b2d6aaec69967d78b459ac5a,0.01834220625460148
persona.low_e_high_n.seed-2002.feedback_only,2002,feedback_only,persona.low_e_high_n,low_e_high_n,v1,complete_five_failures,3,invalid,invalid_guess,,2885332770678600905,886,0d3daa2ca8d34575596ff98fbf16fdc66fdcf7a2b2d6aaec69967d78b459ac5a,886,0d3daa2ca8d34575596ff98fbf16fdc66fdcf7a2b2d6aaec69967d78b459ac5a,0.02024206891655922
persona.low_e_high_n.seed-2002.feedback_only,2002,feedback_only,persona.low_e_high_n,low_e_high_n,v1,complete_five_failures,4,unsuccessful,valid_feedback,,3768721403253947093,886,0d3daa2ca8d34575596ff98fbf16fdc66fdcf7a2b2d6aaec69967d78b459ac5a,220,b031badf1c7b454458384239ee7ddba0095ddd30af33aaf382c5c243f0c0deff,0.010411861352622509
persona.low_e_high_n.seed-2002.feedback_only,2002,feedback_only,persona.low_e_high_n,low_e_high_n,v1,complete_five_failures,5,unsuccessful,valid_feedback,,7993377739206102388,220,b031badf1c7b454458384239ee7ddba0095ddd30af33aaf382c5c243f0c0deff,62,b502b312ad24fbedb79ad5b6f04133d76144a7889717dfed8a885ca84c303ed9,0.013499906286597252
persona.low_e_high_n.seed-2002.supportive,2002,supportive,persona.low_e_high_n,low_e_high_n,v1,complete_five_failures,1,unsuccessful,valid_feedback,filler.supportive.1,1362916748984622560,10000,9582c82c0e979ad4740159fd2ec5d74526aeb48ac07bda14b2745a25206ae9f4,3048,c276bf3530cc8d3ce2b1ddb7f6cbf168184316c3a9894881b55d5b73f476cc0f,0.0074073560535907745
persona.low_e_high_n.seed-2002.supportive,2002,supportive,persona.low_e_high_n,low_e_high_n,v1,complete_five_failures,2,unsuccessful,valid_feedback,filler.supportive.2,650953833576476763,3048,c276bf3530cc8d3ce2b1ddb7f6cbf168184316c3a9894881b55d5b73f476cc0f,886,0d3daa2ca8d34575596ff98fbf16fdc66fdcf7a2b2d6aaec69967d78b459ac5a,0.017996372655034065
persona.low_e_high_n.seed-2002.supportive,2002,supportive,persona.low_e_high_n,low_e_high_n,v1,complete_five_failures,3,unsuccessful,valid_feedback,filler.supportive.3,2885332770678600905,886,0d3daa2ca8d34575596ff98fbf16fdc66fdcf7a2b2d6aaec69967d78b459ac5a,286,ebde167f8efa817eecbe8345bd3812daa0bf149daf9d690fed1427f25824e8c4,0.026686253026127815
persona.low_e_high_n.seed-2002.supportive,2002,supportive,persona.low_e_high_n,low_e_high_n,v1,complete_five_failures,4,unsuccessful,valid_feedback,filler.supportive.4,3768721403253947093,286,ebde167f8efa817eecbe8345bd3812daa0bf149daf9d690fed1427f25824e8c4,74,4951a218177cc6702e13b2c0e04d1083d467c3e58f4bb9e1942f3c685d81ca55,0.01823294535279274
persona.low_e_high_n.seed-2002.supportive,2002,supportive,persona.low_e_high_n,low_e_high_n,v1,complete_five_failures,5,unsuccessful,valid_feedback,filler.supportive.5,7993377739206102388,74,4951a218177cc6702e13b2c0e04d1083d467c3e58f4bb9e1942f3c685d81ca55,34,51161e94aaea7a3a70a471c4667620bb64aa46bd2583653ede9f2d8bbb3ce7a3,0.015131057240068913
persona.low_e_high_n.seed-2002.neutral,2002,neutral,persona.low_e_high_n,low_e_high_n,v1,complete_five_failures,1,unsuccessful,valid_feedback,filler.neutral.1,1362916748984622560,10000,9582c82c0e979ad4740159fd2ec5d74526aeb48ac07bda14b2745a25206ae9f4,3048,c276bf3530cc8d3ce2b1ddb7f6cbf168184316c3a9894881b55d5b73f476cc0f,0.006307191681116819
persona.low_e_high_n.seed-2002.neutral,2002,neutral,persona.low_e_high_n,low_e_high_n,v1,complete_five_failures,2,unsuccessful,valid_feedback,filler.neutral.2,650953833576476763,3048,c276bf3530cc8d3ce2b1ddb7f6cbf168184316c3a9894881b55d5b73f476cc0f,886,0d3daa2ca8d34575596ff98fbf16fdc66fdcf7a2b2d6aaec69967d78b459ac5a,0.017778027802705765
persona.low_e_high_n.seed-2002.neutral,2002,neutral,persona.low_e_high_n,low_e_high_n,v1,complete_five_failures,3,invalid,invalid_guess,filler.neutral.3,2885332770678600905,886,0d3daa2ca8d34575596ff98fbf16fdc66fdcf7a2b2d6aaec69967d78b459ac5a,886,0d3daa2ca8d34575596ff98fbf16fdc66fdcf7a2b2d6aaec69967d78b459ac5a,0.009953671135008335
persona.low_e_high_n.seed-2002.neutral,2002,neutral,persona.low_e_high_n,low_e_high_n,v1,complete_five_failures,4,unsuccessful,valid_feedback,filler.neutral.4,3768721403253947093,886,0d3daa2ca8d34575596ff98fbf16fdc66fdcf7a2b2d6aaec69967d78b459ac5a,239,cff8a270d51840c08248b6ef13bde1397c422a567b01cfd641bfa8b2f7af521c,0.009021924808621407
persona.low_e_high_n.seed-2002.neutral,2002,neutral,persona.low_e_high_n,low_e_high_n,v1,complete_five_failures,5,unsuccessful,valid_feedback,filler.neutral.5,7993377739206102388,239,cff8a270d51840c08248b6ef13bde1397c422a567b01cfd641bfa8b2f7af521c,86,dcd48a937783d3bcce96dce35bf00f78d8bce6a4cbdc63193bb9a4bef974927b,0.014340154826641083
persona.low_e_high_n.seed-2003.feedback_only,2003,feedback_only,persona.low_e_high_n,low_e_high_n,v1,complete_five_failures,1,unsuccessful,valid_feedback,,8452511391424371538,10000,9582c82c0e979ad4740159fd2ec5d74526aeb48ac07bda14b2745a25206ae9f4,6561,53a14051f308be8c745906018a762ceb477324e2fdfef98aa3ddc1cd72bc1dbf,0.007167323026806116
persona.low_e_high_n.seed-2003.feedback_only,2003,feedback_only,persona.low_e_high_n,low_e_high_n,v1,complete_five_failures,2,unsuccessful,valid_feedback,,2185802378076996070,6561,53a14051f308be8c745906018a762ceb477324e2fdfef98aa3ddc1cd72bc1dbf,4096,376496ebbc388d8377fe7808c992e94a578bc62ac25dfbf6252690822d1450d6,0.015107985585927963
persona.low_e_high_n.seed-2003.feedback_only,2003,feedback_only,persona.low_e_high_n,low_e_high_n,v1,complete_five_failures,3,unsuccessful,valid_feedback,,4546495009630349109,4096,376496ebbc388d8377fe7808c992e94a578bc62ac25dfbf6252690822d1450d6,4096,376496ebbc388d8377fe7808c992e94a578bc62ac25dfbf6252690822d1450d6,0.015559482388198376
persona.low_e_high_n.seed-2003.feedback_only,2003,feedback_only,persona.low_e_high_n,low_e_high_n,v1,complete_five_failures,4,unsuccessful,valid_feedback,,5827469766280291389,4096,376496ebbc388d8377fe7808c992e94a578bc62ac25dfbf6252690822d1450d6,4096,376496ebbc388d8377fe7808c992e94a578bc62ac25dfbf6252690822d1450d6,0.017550760880112648
persona.low_e_high_n.seed-2003.feedback_only,2003,feedback_only,persona.low_e_high_n,low_e_high_n,v1,complete_five_failures,5,unsuccessful,valid_feedback,,9189069359561447070,4096,376496ebbc388d8377fe7808c992e94a578bc62ac25dfbf6252690822d1450d6,4096,376496ebbc388d8377fe7808c992e94a578bc62ac25dfbf6252690822d1450d6,0.02075316570699215
persona.low_e_high_n.seed-2003.supportive,2003,supportive,persona.low_e_high_n,low_e_high_n,v1,complete_five_failures,1,unsuccessful,valid_feedback,filler.supportive.1,8452511391424371538,10000,9582c82c0e979ad4740159fd2ec5d74526aeb48ac07bda14b2745a25206ae9f4,6561,53a14051f308be8c745906018a762ceb477324e2fdfef98aa3ddc1cd72bc1dbf,0.0031452795956283808
persona.low_e_high_n.seed-2003.supportive,2003,supportive,persona.low_e_high_n,low_e_high_n,v1,complete_five_failures,2,unsuccessful,valid_feedback,filler.supportive.2,2185802378076996070,6561,53a14051f308be8c745906018a762ceb477324e2fdfef98aa3ddc1cd72bc1dbf,4096,376496ebbc388d8377fe7808c992e94a578bc62ac25dfbf6252690822d1450d6,0.01702251471579075
persona.low_e_high_n.seed-2003.supportive,2003,supportive,persona.low_e_high_n,low_e_high_n,v1,complete_five_failures,3,unsuccessful,valid_feedback,filler.supportive.3,4546495009630349109,4096,376496ebbc388d8377fe7808c992e94a578bc62ac25dfbf6252690822d1450d6,4096,376496ebbc388d8377fe7808c992e94a578bc62ac25dfbf6252690822d1450d6,0.016383394598960876
persona.low_e_high_n.seed-2003.supportive,2003,supportive,persona.low_e_high_n,low_e_high_n,v1,complete_five_failures,4,unsuccessful,valid_feedback,filler.supportive.4,5827469766280291389,4096,376496ebbc388d8377fe7808c992e94a578bc62ac25dfbf6252690822d1450d6,4096,376496ebbc388d8377fe7808c992e94a578bc62ac25dfbf6252690822d1450d6,0.020370062440633774
persona.low_e_high_n.seed-2003.supportive,2003,supportive,persona.low_e_high_n,low_e_high_n,v1,complete_five_failures,5,unsuccessful,valid_feedback,filler.supportive.5,9189069359561447070,4096,376496ebbc388d8377fe7808c992e94a578bc62ac25dfbf6252690822d1450d6,4096,376496ebbc388d8377fe7808c992e94a578bc62ac25dfbf6252690822d1450d6,0.018345260992646217
persona.low_e_high_n.seed-2003.neutral,2003,neutral,persona.low_e_high_n,low_e_high_n,v1,complete_five_failures,1,unsuccessful,valid_feedback,filler.neutral.1,8452511391424371538,10000,9582c82c0e979ad4740159fd2ec5d74526aeb48ac07bda14b2745a25206ae9f4,6561,53a14051f308be8c745906018a762ceb477324e2fdfef98aa3ddc1cd72bc1dbf,0.0030557105783373117
persona.low_e_high_n.seed-2003.neutral,2003,neutral,persona.low_e_high_n,low_e_high_n,v1,complete_five_failures,2,unsuccessful,valid_feedback,filler.neutral.2,2185802378076996070,6561,53a14051f308be8c745906018a762ceb477324e2fdfef98aa3ddc1cd72bc1dbf,4096,376496ebbc388d8377fe7808c992e94a578bc62ac25dfbf6252690822d1450d6,0.01600048318505287
persona.low_e_high_n.seed-2003.neutral,2003,neutral,persona.low_e_high_n,low_e_high_n,v1,complete_five_failures,3,unsuccessful,valid_feedback,filler.neutral.3,4546495009630349109,4096,376496ebbc388d8377fe7808c992e94a578bc62ac25dfbf6252690822d1450d6,4096,376496ebbc388d8377fe7808c992e94a578bc62ac25dfbf6252690822d1450d6,0.013926702551543713
persona.low_e_high_n.seed-2003.neutral,2003,neutral,persona.low_e_high_n,low_e_high_n,v1,complete_five_failures,4,unsuccessful,valid_feedback,filler.neutral.4,5827469766280291389,4096,376496ebbc388d8377fe7808c992e94a578bc62ac25dfbf6252690822d1450d6,4096,376496ebbc388d8377fe7808c992e94a578bc62ac25dfbf6252690822d1450d6,0.014202495105564594
persona.low_e_high_n.seed-2003.neutral,2003,neutral,persona.low_e_high_n,low_e_high_n,v1,complete_five_failures,5,unsuccessful,valid_feedback,filler.neutral.5,9189069359561447070,4096,376496ebbc388d8377fe7808c992e94a578bc62ac25dfbf6252690822d1450d6,4096,376496ebbc388d8377fe7808c992e94a578bc62ac25dfbf6252690822d1450d6,0.014876344241201878
persona.low_e_high_n.seed-2004.feedback_only,2004,feedback_only,persona.low_e_high_n,low_e_high_n,v1,complete_five_failures,1,unsuccessful,valid_feedback,,3012682462339476124,10000,9582c82c0e979ad4740159fd2ec5d74526aeb48ac07bda14b2745a25206ae9f4,6561,53a14051f308be8c745906018a762ceb477324e2fdfef98aa3ddc1cd72bc1dbf,0.007167323026806116
persona.low_e_high_n.seed-2004.feedback_only,2004,feedback_only,persona.low_e_high_n,low_e_high_n,v1,complete_five_failures,2,unsuccessful,valid_feedback,,5539227853087561902,6561,53a14051f308be8c745906018a762ceb477324e2fdfef98aa3ddc1cd72bc1dbf,4096,376496ebbc388d8377fe7808c992e94a578bc62ac25dfbf6252690822d1450d6,0.013041863217949867
persona.low_e_high_n.seed-2004.feedback_only,2004,feedback_only,persona.low_e_high_n,low_e_high_n,v1,complete_five_failures,3,unsuccessful,valid_feedback,,9087570836507131457,4096,376496ebbc388d8377fe7808c992e94a578bc62ac25dfbf6252690822d1450d6,2401,189f5cdadf24cab8dffbae24e408b2d176c74829ec85b4aaf529f1064f1bda1e,0.018881164491176605
persona.low_e_high_n.seed-2004.feedback_only,2004,feedback_only,persona.low_e_high_n,low_e_high_n,v1,complete_five_failures,4,unsuccessful,valid_feedback,,4770636941596934890,2401,189f5cdadf24cab8dffbae24e408b2d176c74829ec85b4aaf529f1064f1bda1e,1296,e89552d5dca552c05e3ffd1f6a4215ff15f21f0c2b733aaa2eeeffc5541698b2,0.020803682506084442
persona.low_e_high_n.seed-2004.feedback_only,2004,feedback_only,persona.low_e_high_n,low_e_high_n,v1,complete_five_failures,5,unsuccessful,valid_feedback,,879249873976900214,1296,e89552d5dca552c05e3ffd1f6a4215ff15f21f0c2b733aaa2eeeffc5541698b2,625,4d28f7984ad1e52f00b72ec545d23d24e5091aa76e3403c7e85db43033899fbe,0.02125476859509945
persona.low_e_high_n.seed-2004.supportive,2004,supportive,persona.low_e_high_n,low_e_high_n,v1,complete_five_failures,1,unsuccessful,valid_feedback,filler.supportive.1,3012682462339476124,10000,9582c82c0e979ad4740159fd2ec5d74526aeb48ac07bda14b2745a25206ae9f4,6561,53a14051f308be8c745906018a762ceb477324e2fdfef98aa3ddc1cd72bc1dbf,0.0031452795956283808
persona.low_e_high_n.seed-2004.supportive,2004,supportive,persona.low_e_high_n,low_e_high_n,v1,complete_five_failures,2,unsuccessful,valid_feedback,filler.supportive.2,5539227853087561902,6561,53a14051f308be8c745906018a762ceb477324e2fdfef98aa3ddc1cd72bc1dbf,1820,ab963e3ac5c47a412aa8e77e52f2aebf2c350c67899c4acae4511a5e0eb024e6,0.01554945483803749
persona.low_e_high_n.seed-2004.supportive,2004,supportive,persona.low_e_high_n,low_e_high_n,v1,complete_five_failures,3,unsuccessful,valid_feedback,filler.supportive.3,9087570836507131457,1820,ab963e3ac5c47a412aa8e77e52f2aebf2c350c67899c4acae4511a5e0eb024e6,588,8700a3bcaa3be0b6d6d88102648e2e896709b87e73bc3b226c676a53c735b7aa,0.018300818279385567
persona.low_e_high_n.seed-2004.supportive,2004,supportive,persona.low_e_high_n,low_e_high_n,v1,complete_five_failures,4,unsuccessful,valid_feedback,filler.supportive.4,4770636941596934890,588,8700a3bcaa3be0b6d6d88102648e2e896709b87e73bc3b226c676a53c735b7aa,184,cb198093726eef3fc3e7114005fe6d3fcfc94f89aa68ca88f644f07878fb6efb,0.02037879265844822
persona.low_e_high_n.seed-2004.supportive,2004,supportive,persona.low_e_high_n,low_e_high_n,v1,complete_five_failures,5,unsuccessful,valid_feedback,filler.supportive.5,879249873976900214,184,cb198093726eef3fc3e7114005fe6d3fcfc94f89aa68ca88f644f07878fb6efb,63,f5615a652174268c6d89bcdffbb8a46dc5825ddf29135ada17dc66ea2dbefec9,0.021001582965254784
persona.low_e_high_n.seed-2004.neutral,2004,neutral,persona.low_e_high_n,low_e_high_n,v1,complete_five_failures,1,unsuccessful,valid_feedback,filler.neutral.1,3012682462339476124,10000,9582c82c0e979ad4740159fd2ec5d74526aeb48ac07bda14b2745a25206ae9f4,6561,53a14051f308be8c745906018a762ceb477324e2fdfef98aa3ddc1cd72bc1dbf,0.0030557105783373117
persona.low_e_high_n.seed-2004.neutral,2004,neutral,persona.low_e_high_n,low_e_high_n,v1,complete_five_failures,2,unsuccessful,valid_feedback,filler.neutral.2,5539227853087561902,6561,53a14051f308be8c745906018a762ceb477324e2fdfef98aa3ddc1cd72bc1dbf,1820,ab963e3ac5c47a412aa8e77e52f2aebf2c350c67899c4acae4511a5e0eb024e6,0.013223599642515182
persona.low_e_high_n.seed-2004.neutral,2004,neutral,persona.low_e_high_n,low_e_high_n,v1,complete_five_failures,3,unsuccessful,valid_feedback,filler.neutral.3,9087570836507131457,1820,ab963e3ac5c47a412aa8e77e52f2aebf2c350c67899c4acae4511a5e0eb024e6,588,8700a3bcaa3be0b6d6d88102648e2e896709b87e73bc3b226c676a53c735b7aa,0.0154910609126091
persona.low_e_high_n.seed-2004.neutral,2004,neutral,persona.low_e_high_n,low_e_high_n,v1,complete_five_failures,4,unsuccessful,valid_feedback,filler.neutral.4,4770636941596934890,588,8700a3bcaa3be0b6d6d88102648e2e896709b87e73bc3b226c676a53c735b7aa,184,cb198093726eef3fc3e7114005fe6d3fcfc94f89aa68ca88f644f07878fb6efb,0.014683865942060947
persona.low_e_high_n.seed-2004.neutral,2004,neutral,persona.low_e_high_n,low_e_high_n,v1,complete_five_failures,5,unsuccessful,valid_feedback,filler.neutral.5,879249873976900214,184,cb198093726eef3fc3e7114005fe6d3fcfc94f89aa68ca88f644f07878fb6efb,63,f5615a652174268c6d89bcdffbb8a46dc5825ddf29135ada17dc66ea2dbefec9,0.016819939017295837
persona.low_e_high_n.seed-2005.feedback_only,2005,feedback_only,persona.low_e_high_n,low_e_high_n,v1,complete_five_failures,1,unsuccessful,valid_feedback,,8146282925072561755,10000,9582c82c0e979ad4740159fd2ec5d74526aeb48ac07bda14b2745a25206ae9f4,3048,8d8a406c2701498bf0a5134fc8d3d2dd3838c787cab23a0c65e571fa2681a630,0.007021924015134573
persona.low_e_high_n.seed-2005.feedback_only,2005,feedback_only,persona.low_e_high_n,low_e_high_n,v1,complete_five_failures,2,unsuccessful,valid_feedback,,7270573099286778731,3048,8d8a406c2701498bf0a5134fc8d3d2dd3838c787cab23a0c65e571fa2681a630,768,fc8d58a9e3d1f8e19ada2eb0935f356d1fd043e3c6223147b6eb63ab52c33d06,0.015924790874123573
persona.low_e_high_n.seed-2005.feedback_only,2005,feedback_only,persona.low_e_high_n,low_e_high_n,v1,complete_five_failures,3,unsuccessful,valid_feedback,,320833271567228942,768,fc8d58a9e3d1f8e19ada2eb0935f356d1fd043e3c6223147b6eb63ab52c33d06,184,bb21685db6fbb818e3af6f4c5457db0c37e606a39470f45697f58b6b63d9526f,0.015925660729408264
persona.low_e_high_n.seed-2005.feedback_only,2005,feedback_only,persona.low_e_high_n,low_e_high_n,v1,complete_five_failures,4,unsuccessful,valid_feedback,,1081455331307413947,184,bb21685db6fbb818e3af6f4c5457db0c37e606a39470f45697f58b6b63d9526f,52,8727d9ce5fc0fc52767e37f5a5888530542b8cfb1a8cd4921fbcebfe35c06ec9,0.010950318537652493
persona.low_e_high_n.seed-2005.feedback_only,2005,feedback_only,persona.low_e_high_n,low_e_high_n,v1,complete_five_failures,5,unsuccessful,valid_feedback,,5451539660838294209,52,8727d9ce5fc0fc52767e37f5a5888530542b8cfb1a8cd4921fbcebfe35c06ec9,14,b095fd74ddff9807c5b218bb54089369c9a8234da040fb89bc7b476d47ae2067,0.0014349747216328979
persona.low_e_high_n.seed-2005.supportive,2005,supportive,persona.low_e_high_n,low_e_high_n,v1,complete_five_failures,1,unsuccessful,valid_feedback,filler.supportive.1,8146282925072561755,10000,9582c82c0e979ad4740159fd2ec5d74526aeb48ac07bda14b2745a25206ae9f4,3048,8d8a406c2701498bf0a5134fc8d3d2dd3838c787cab23a0c65e571fa2681a630,0.005201449152082205
persona.low_e_high_n.seed-2005.supportive,2005,supportive,persona.low_e_high_n,low_e_high_n,v1,complete_five_failures,2,unsuccessful,valid_feedback,filler.supportive.2,7270573099286778731,3048,8d8a406c2701498bf0a5134fc8d3d2dd3838c787cab23a0c65e571fa2681a630,768,fc8d58a9e3d1f8e19ada2eb0935f356d1fd043e3c6223147b6eb63ab52c33d06,0.0200852919369936
persona.low_e_high_n.seed-2005.supportive,2005,supportive,persona.low_e_high_n,low_e_high_n,v1,complete_five_failures,3,unsuccessful,valid_feedback,filler.supportive.3,320833271567228942,768,fc8d58a9e3d1f8e19ada2eb0935f356d1fd043e3c6223147b6eb63ab52c33d06,190,35049178f6b4f7103224259f9c9baff8546af3ff8ac7de6c3814cb9b2c8a38ef,0.01642123982310295
persona.low_e_high_n.seed-2005.supportive,2005,supportive,persona.low_e_high_n,low_e_high_n,v1,complete_five_failures,4,unsuccessful,valid_feedback,filler.supportive.4,1081455331307413947,190,35049178f6b4f7103224259f9c9baff8546af3ff8ac7de6c3814cb9b2c8a38ef,51,7f6792ea80549f3fe04e97f7dcf6ec11eee7817a080ac7fed3b10acf9289c34c,0.009390182793140411
persona.low_e_high_n.seed-2005.supportive,2005,supportive,persona.low_e_high_n,low_e_high_n,v1,complete_five_failures,5,unsuccessful,valid_feedback,filler.supportive.5,5451539660838294209,51,7f6792ea80549f3fe04e97f7dcf6ec11eee7817a080ac7fed3b10acf9289c34c,25,ece30cf22d281aa2d29dbd5b632ea660c98aac1c9754a6467a2c6815b58b52cd,0.014213050715625286
persona.low_e_high_n.seed-2005.neutral,2005,neutral,persona.low_e_high_n,low_e_high_n,v1,complete_five_failures,1,unsuccessful,valid_feedback,filler.neutral.1,8146282925072561755,10000,9582c82c0e979ad4740159fd2ec5d74526aeb48ac07bda14b2745a25206ae9f4,3048,8d8a406c2701498bf0a5134fc8d3d2dd3838c787cab23a0c65e571fa2681a630,0.00481905322521925
persona.low_e_high_n.seed-2005.neutral,2005,neutral,persona.low_e_high_n,low_e_high_n,v1,complete_five_failures,2,unsuccessful,valid_feedback,filler.neutral.2,7270573099286778731,3048,8d8a406c2701498bf0a5134fc8d3d2dd3838c787cab23a0c65e571fa2681a630,768,fc8d58a9e3d1f8e19ada2eb0935f356d1fd043e3c6223147b6eb63ab52c33d06,0.016078682616353035
persona.low_e_high_n.seed-2005.neutral,2005,neutral,persona.low_e_high_n,low_e_high_n,v1,complete_five_failures,3,unsuccessful,valid_feedback,filler.neutral.3,320833271567228942,768,fc8d58a9e3d1f8e19ada2eb0935f356d1fd043e3c6223147b6eb63ab52c33d06,184,bb21685db6fbb818e3af6f4c5457db0c37e606a39470f45697f58b6b63d9526f,0.014658662490546703
persona.low_e_high_n.seed-2005.neutral,2005,neutral,persona.low_e_high_n,low_e_high_n,v1,complete_five_failures,4,unsuccessful,valid_feedback,filler.neutral.4,1081455331307413947,184,bb21685db6fbb818e3af6f4c5457db0c37e606a39470f45697f58b6b63d9526f,52,8727d9ce5fc0fc52767e37f5a5888530542b8cfb1a8cd4921fbcebfe35c06ec9,0.012287919409573078
persona.low_e_high_n.seed-2005.neutral,2005,neutral,persona.low_e_high_n,low_e_high_n,v1,complete_five_failures,5,unsuccessful,valid_feedback,filler.neutral.5,5451539660838294209,52,8727d9ce5fc0fc52767e37f5a5888530542b8cfb1a8cd4921fbcebfe35c06ec9,14,b095fd74ddff9807c5b218bb54089369c9a8234da040fb89bc7b476d47ae2067,0.004964830819517374
persona.low_e_high_n.seed-2006.feedback_only,2006,feedback_only,persona.low_e_high_n,low_e_high_n,v1,complete_five_failures,1,unsuccessful,valid_feedback,,20746705984210227,10000,9582c82c0e979ad4740159fd2ec5d74526aeb48ac07bda14b2745a25206ae9f4,3048,8d8a406c2701498bf0a5134fc8d3d2dd3838c787cab23a0c65e571fa2681a630,0.006604655645787716
persona.low_e_high_n.seed-2006.feedback_only,2006,feedback_only,persona.low_e_high_n,low_e_high_n,v1,complete_five_failures,2,unsuccessful,valid_feedback,,7186787635236517948,3048,8d8a406c2701498bf0a5134fc8d3d2dd3838c787cab23a0c65e571fa2681a630,768,fc8d58a9e3d1f8e19ada2eb0935f356d1fd043e3c6223147b6eb63ab52c33d06,0.017607785761356354
persona.low_e_high_n.seed-2006.feedback_only,2006,feedback_only,persona.low_e_high_n,low_e_high_n,v1,complete_five_failures,3,unsuccessful,valid_feedback,,2633872377281840482,768,fc8d58a9e3d1f8e19ada2eb0935f356d1fd043e3c6223147b6eb63ab52c33d06,206,3701c51eacc8da4a43acc7def8b9efc78019c15d870b2f7a0f276ba681e765c0,0.016451193019747734
persona.low_e_high_n.seed-2006.feedback_only,2006,feedback_only,persona.low_e_high_n,low_e_high_n,v1,complete_five_failures,4,unsuccessful,valid_feedback,,7338954399356967658,206,3701c51eacc8da4a43acc7def8b9efc78019c15d870b2f7a0f276ba681e765c0,55,04a95813d7014d7950fe157a956d4387a292572957115ac209f07c7805a04adc,0.01315423846244812
persona.low_e_high_n.seed-2006.feedback_only,2006,feedback_only,persona.low_e_high_n,low_e_high_n,v1,complete_five_failures,5,unsuccessful,valid_feedback,,9132968224681273883,55,04a95813d7014d7950fe157a956d4387a292572957115ac209f07c7805a04adc,15,ce5d95544a095d12f3a94473e04ccab55002b524452e073c9d463fb6eb1f422c,0.01684810221195221
persona.low_e_high_n.seed-2006.supportive,2006,supportive,persona.low_e_high_n,low_e_high_n,v1,complete_five_failures,1,unsuccessful,valid_feedback,filler.supportive.1,20746705984210227,10000,9582c82c0e979ad4740159fd2ec5d74526aeb48ac07bda14b2745a25206ae9f4,3048,8d8a406c2701498bf0a5134fc8d3d2dd3838c787cab23a0c65e571fa2681a630,0.004905614070594311
persona.low_e_high_n.seed-2006.supportive,2006,supportive,persona.low_e_high_n,low_e_high_n,v1,complete_five_failures,2,unsuccessful,valid_feedback,filler.supportive.2,7186787635236517948,3048,8d8a406c2701498bf0a5134fc8d3d2dd3838c787cab23a0c65e571fa2681a630,768,fc8d58a9e3d1f8e19ada2eb0935f356d1fd043e3c6223147b6eb63ab52c33d06,0.01772122271358967
persona.low_e_high_n.seed-2006.supportive,2006,supportive,persona.low_e_high_n,low_e_high_n,v1,complete_five_failures,3,unsuccessful,valid_feedback,filler.supportive.3,2633872377281840482,768,fc8d58a9e3d1f8e19ada2eb0935f356d1fd043e3c6223147b6eb63ab52c33d06,206,3701c51eacc8da4a43acc7def8b9efc78019c15d870b2f7a0f276ba681e765c0,0.017365625128149986
persona.low_e_high_n.seed-2006.supportive,2006,supportive,persona.low_e_high_n,low_e_high_n,v1,complete_five_failures,4,unsuccessful,valid_feedback,filler.supportive.4,7338954399356967658,206,3701c51eacc8da4a43acc7def8b9efc78019c15d870b2f7a0f276ba681e765c0,55,04a95813d7014d7950fe157a956d4387a292572957115ac209f07c7805a04adc,0.0158896055072546
persona.low_e_high_n.seed-2006.supportive,2006,supportive,persona.low_e_high_n,low_e_high_n,v1,complete_five_failures,5,unsuccessful,valid_feedback,filler.supportive.5,9132968224681273883,55,04a95813d7014d7950fe157a956d4387a292572957115ac209f07c7805a04adc,15,ce5d95544a095d12f3a94473e04ccab55002b524452e073c9d463fb6eb1f422c,0.018268084153532982
persona.low_e_high_n.seed-2006.neutral,2006,neutral,persona.low_e_high_n,low_e_high_n,v1,complete_five_failures,1,unsuccessful,valid_feedback,filler.neutral.1,20746705984210227,10000,9582c82c0e979ad4740159fd2ec5d74526aeb48ac07bda14b2745a25206ae9f4,3048,8d8a406c2701498bf0a5134fc8d3d2dd3838c787cab23a0c65e571fa2681a630,0.004622361622750759
persona.low_e_high_n.seed-2006.neutral,2006,neutral,persona.low_e_high_n,low_e_high_n,v1,complete_five_failures,2,unsuccessful,valid_feedback,filler.neutral.2,7186787635236517948,3048,8d8a406c2701498bf0a5134fc8d3d2dd3838c787cab23a0c65e571fa2681a630,768,fc8d58a9e3d1f8e19ada2eb0935f356d1fd043e3c6223147b6eb63ab52c33d06,0.01714845933020115
persona.low_e_high_n.seed-2006.neutral,2006,neutral,persona.low_e_high_n,low_e_high_n,v1,complete_five_failures,3,unsuccessful,valid_feedback,filler.neutral.3,2633872377281840482,768,fc8d58a9e3d1f8e19ada2eb0935f356d1fd043e3c6223147b6eb63ab52c33d06,206,3701c51eacc8da4a43acc7def8b9efc78019c15d870b2f7a0f276ba681e765c0,0.014654526486992836
persona.low_e_high_n.seed-2006.neutral,2006,neutral,persona.low_e_high_n,low_e_high_n,v1,complete_five_failures,4,unsuccessful,valid_feedback,filler.neutral.4,7338954399356967658,206,3701c51eacc8da4a43acc7def8b9efc78019c15d870b2f7a0f276ba681e765c0,55,04a95813d7014d7950fe157a956d4387a292572957115ac209f07c7805a04adc,0.012046247720718384
persona.low_e_high_n.seed-2006.neutral,2006,neutral,persona.low_e_high_n,low_e_high_n,v1,complete_five_failures,5,unsuccessful,valid_feedback,filler.neutral.5,9132968224681273883,55,04a95813d7014d7950fe157a956d4387a292572957115ac209f07c7805a04adc,15,ce5d95544a095d12f3a94473e04ccab55002b524452e073c9d463fb6eb1f422c,0.01514396071434021
persona.low_e_high_n.seed-2007.feedback_only,2007,feedback_only,persona.low_e_high_n,low_e_high_n,v1,complete_five_failures,1,unsuccessful,valid_feedback,,5495818002014909466,10000,9582c82c0e979ad4740159fd2ec5d74526aeb48ac07bda14b2745a25206ae9f4,3048,8d8a406c2701498bf0a5134fc8d3d2dd3838c787cab23a0c65e571fa2681a630,0.006604655645787716
persona.low_e_high_n.seed-2007.feedback_only,2007,feedback_only,persona.low_e_high_n,low_e_high_n,v1,complete_five_failures,2,unsuccessful,valid_feedback,,7092970346930268185,3048,8d8a406c2701498bf0a5134fc8d3d2dd3838c787cab23a0c65e571fa2681a630,768,fc8d58a9e3d1f8e19ada2eb0935f356d1fd043e3c6223147b6eb63ab52c33d06,0.017607785761356354
persona.low_e_high_n.seed-2007.feedback_only,2007,feedback_only,persona.low_e_high_n,low_e_high_n,v1,complete_five_failures,3,unsuccessful,valid_feedback,,4413334138324627702,768,fc8d58a9e3d1f8e19ada2eb0935f356d1fd043e3c6223147b6eb63ab52c33d06,206,3701c51eacc8da4a43acc7def8b9efc78019c15d870b2f7a0f276ba681e765c0,0.016451193019747734
persona.low_e_high_n.seed-2007.feedback_only,2007,feedback_only,persona.low_e_high_n,low_e_high_n,v1,complete_five_failures,4,unsuccessful,valid_feedback,,7609396874926615527,206,3701c51eacc8da4a43acc7def8b9efc78019c15d870b2f7a0f276ba681e765c0,55,04a95813d7014d7950fe157a956d4387a292572957115ac209f07c7805a04adc,0.01315423846244812
persona.low_e_high_n.seed-2007.feedback_only,2007,feedback_only,persona.low_e_high_n,low_e_high_n,v1,complete_five_failures,5,unsuccessful,valid_feedback,,1032535146999642755,55,04a95813d7014d7950fe157a956d4387a292572957115ac209f07c7805a04adc,15,ce5d95544a095d12f3a94473e04ccab55002b524452e073c9d463fb6eb1f422c,0.01684810221195221
persona.low_e_high_n.seed-2007.supportive,2007,supportive,persona.low_e_high_n,low_e_high_n,v1,complete_five_failures,1,unsuccessful,valid_feedback,filler.supportive.1,5495818002014909466,10000,9582c82c0e979ad4740159fd2ec5d74526aeb48ac07bda14b2745a25206ae9f4,3048,8d8a406c2701498bf0a5134fc8d3d2dd3838c787cab23a0c65e571fa2681a630,0.004905614070594311
persona.low_e_high_n.seed-2007.supportive,2007,supportive,persona.low_e_high_n,low_e_high_n,v1,complete_five_failures,2,unsuccessful,valid_feedback,filler.supportive.2,7092970346930268185,3048,8d8a406c2701498bf0a5134fc8d3d2dd3838c787cab23a0c65e571fa2681a630,768,fc8d58a9e3d1f8e19ada2eb0935f356d1fd043e3c6223147b6eb63ab52c33d06,0.01772122271358967
persona.low_e_high_n.seed-2007.supportive,2007,supportive,persona.low_e_high_n,low_e_high_n,v1,complete_five_failures,3,unsuccessful,valid_feedback,filler.supportive.3,4413334138324627702,768,fc8d58a9e3d1f8e19ada2eb0935f356d1fd043e3c6223147b6eb63ab52c33d06,206,3701c51eacc8da4a43acc7def8b9efc78019c15d870b2f7a0f276ba681e765c0,0.017365625128149986
persona.low_e_high_n.seed-2007.supportive,2007,supportive,persona.low_e_high_n,low_e_high_n,v1,complete_five_failures,4,unsuccessful,valid_feedback,filler.supportive.4,7609396874926615527,206,3701c51eacc8da4a43acc7def8b9efc78019c15d870b2f7a0f276ba681e765c0,55,04a95813d7014d7950fe157a956d4387a292572957115ac209f07c7805a04adc,0.0158896055072546
persona.low_e_high_n.seed-2007.supportive,2007,supportive,persona.low_e_high_n,low_e_high_n,v1,complete_five_failures,5,unsuccessful,valid_feedback,filler.supportive.5,1032535146999642755,55,04a95813d7014d7950fe157a956d4387a292572957115ac209f07c7805a04adc,15,ce5d95544a095d12f3a94473e04ccab55002b524452e073c9d463fb6eb1f422c,0.018268084153532982
persona.low_e_high_n.seed-2007.neutral,2007,neutral,persona.low_e_high_n,low_e_high_n,v1,complete_five_failures,1,unsuccessful,valid_feedback,filler.neutral.1,5495818002014909466,10000,9582c82c0e979ad4740159fd2ec5d74526aeb48ac07bda14b2745a25206ae9f4,3048,8d8a406c2701498bf0a5134fc8d3d2dd3838c787cab23a0c65e571fa2681a630,0.004622361622750759
persona.low_e_high_n.seed-2007.neutral,2007,neutral,persona.low_e_high_n,low_e_high_n,v1,complete_five_failures,2,unsuccessful,valid_feedback,filler.neutral.2,7092970346930268185,3048,8d8a406c2701498bf0a5134fc8d3d2dd3838c787cab23a0c65e571fa2681a630,768,fc8d58a9e3d1f8e19ada2eb0935f356d1fd043e3c6223147b6eb63ab52c33d06,0.01714845933020115
persona.low_e_high_n.seed-2007.neutral,2007,neutral,persona.low_e_high_n,low_e_high_n,v1,complete_five_failures,3,unsuccessful,valid_feedback,filler.neutral.3,4413334138324627702,768,fc8d58a9e3d1f8e19ada2eb0935f356d1fd043e3c6223147b6eb63ab52c33d06,206,3701c51eacc8da4a43acc7def8b9efc78019c15d870b2f7a0f276ba681e765c0,0.014654526486992836
persona.low_e_high_n.seed-2007.neutral,2007,neutral,persona.low_e_high_n,low_e_high_n,v1,complete_five_failures,4,unsuccessful,valid_feedback,filler.neutral.4,7609396874926615527,206,3701c51eacc8da4a43acc7def8b9efc78019c15d870b2f7a0f276ba681e765c0,55,04a95813d7014d7950fe157a956d4387a292572957115ac209f07c7805a04adc,0.012046247720718384
persona.low_e_high_n.seed-2007.neutral,2007,neutral,persona.low_e_high_n,low_e_high_n,v1,complete_five_failures,5,unsuccessful,valid_feedback,filler.neutral.5,1032535146999642755,55,04a95813d7014d7950fe157a956d4387a292572957115ac209f07c7805a04adc,15,ce5d95544a095d12f3a94473e04ccab55002b524452e073c9d463fb6eb1f422c,0.01514396071434021
persona.low_e_high_n.seed-2008.feedback_only,2008,feedback_only,persona.low_e_high_n,low_e_high_n,v1,complete_five_failures,1,unsuccessful,valid_feedback,,8344175065288078558,10000,9582c82c0e979ad4740159fd2ec5d74526aeb48ac07bda14b2745a25206ae9f4,3048,db3e09caf8d9fe544e3300a8fb9e065e8f096165d4da0ef01c77d1914c1a939a,0.008480655960738659
persona.low_e_high_n.seed-2008.feedback_only,2008,feedback_only,persona.low_e_high_n,low_e_high_n,v1,complete_five_failures,2,unsuccessful,valid_feedback,,1764828235997338309,3048,db3e09caf8d9fe544e3300a8fb9e065e8f096165d4da0ef01c77d1914c1a939a,768,d480a83984f7d7a5f0948aedfe353e5507b5c410d01a3fd8ee84dfd54675586f,0.018793193623423576
persona.low_e_high_n.seed-2008.feedback_only,2008,feedback_only,persona.low_e_high_n,low_e_high_n,v1,complete_five_failures,3,unsuccessful,valid_feedback,,1186103364016962603,768,d480a83984f7d7a5f0948aedfe353e5507b5c410d01a3fd8ee84dfd54675586f,194,00f91b14f036a5de859e9bfb7342479d060d7442592d814feaa3311b7aed3e23,0.02036363072693348
persona.low_e_high_n.seed-2008.feedback_only,2008,feedback_only,persona.low_e_high_n,low_e_high_n,v1,complete_five_failures,4,unsuccessful,valid_feedback,,1157719167337881160,194,00f91b14f036a5de859e9bfb7342479d060d7442592d814feaa3311b7aed3e23,50,99b4550ff7b20390981f36fe83715e008dbd08292e361bfe3a7d5edca988d041,0.014961712062358856
persona.low_e_high_n.seed-2008.feedback_only,2008,feedback_only,persona.low_e_high_n,low_e_high_n,v1,complete_five_failures,5,unsuccessful,valid_feedback,,6714476192934985326,50,99b4550ff7b20390981f36fe83715e008dbd08292e361bfe3a7d5edca988d041,15,854615e93b14ca998d6ef10537c0a493080de05051ab1e49dbd221a7bffe5090,0.016732389107346535
persona.low_e_high_n.seed-2008.supportive,2008,supportive,persona.low_e_high_n,low_e_high_n,v1,complete_five_failures,1,unsuccessful,valid_feedback,filler.supportive.1,8344175065288078558,10000,9582c82c0e979ad4740159fd2ec5d74526aeb48ac07bda14b2745a25206ae9f4,3048,db3e09caf8d9fe544e3300a8fb9e065e8f096165d4da0ef01c77d1914c1a939a,0.0069219255819916725
persona.low_e_high_n.seed-2008.supportive,2008,supportive,persona.low_e_high_n,low_e_high_n,v1,complete_five_failures,2,unsuccessful,valid_feedback,filler.supportive.2,1764828235997338309,3048,db3e09caf8d9fe544e3300a8fb9e065e8f096165d4da0ef01c77d1914c1a939a,768,d480a83984f7d7a5f0948aedfe353e5507b5c410d01a3fd8ee84dfd54675586f,0.018193399533629417
persona.low_e_high_n.seed-2008.supportive,2008,supportive,persona.low_e_high_n,low_e_high_n,v1,complete_five_failures,3,unsuccessful,valid_feedback,filler.supportive.3,1186103364016962603,768,d480a83984f7d7a5f0948aedfe353e5507b5c410d01a3fd8ee84dfd54675586f,194,00f91b14f036a5de859e9bfb7342479d060d7442592d814feaa3311b7aed3e23,0.019877629354596138
persona.low_e_high_n.seed-2008.supportive,2008,supportive,persona.low_e_high_n,low_e_high_n,v1,complete_five_failures,4,unsuccessful,valid_feedback,filler.supportive.4,1157719167337881160,194,00f91b14f036a5de859e9bfb7342479d060d7442592d814feaa3311b7aed3e23,50,99b4550ff7b20390981f36fe83715e008dbd08292e361bfe3a7d5edca988d041,0.01615762524306774
persona.low_e_high_n.seed-2008.supportive,2008,supportive,persona.low_e_high_n,low_e_high_n,v1,complete_five_failures,5,unsuccessful,valid_feedback,filler.supportive.5,6714476192934985326,50,99b4550ff7b20390981f36fe83715e008dbd08292e361bfe3a7d5edca988d041,23,62c0dd9e0ee3e488f7ab067010f40d19c80e4a6c0942fec4132eca60a7e343c8,0.01641087606549263
persona.low_e_high_n.seed-2008.neutral,2008,neutral,persona.low_e_high_n,low_e_high_n,v1,complete_five_failures,1,unsuccessful,valid_feedback,filler.neutral.1,8344175065288078558,10000,9582c82c0e979ad4740159fd2ec5d74526aeb48ac07bda14b2745a25206ae9f4,3048,db3e09caf8d9fe544e3300a8fb9e065e8f096165d4da0ef01c77d1914c1a939a,0.005074717104434967
persona.low_e_high_n.seed-2008.neutral,2008,neutral,persona.low_e_high_n,low_e_high_n,v1,complete_five_failures,2,unsuccessful,valid_feedback,filler.neutral.2,1764828235997338309,3048,db3e09caf8d9fe544e3300a8fb9e065e8f096165d4da0ef01c77d1914c1a939a,768,5cd676d20b73535e66fa4484e4849ec299e5aa93baf26611f4a135b1c7c0d7fd,0.017365457490086555
persona.low_e_high_n.seed-2008.neutral,2008,neutral,persona.low_e_high_n,low_e_high_n,v1,complete_five_failures,3,unsuccessful,valid_feedback,filler.neutral.3,1186103364016962603,768,5cd676d20b73535e66fa4484e4849ec299e5aa93baf26611f4a135b1c7c0d7fd,200,da0592db3f94b6e25501e3a03a8dcf83bf0b1602871666a4c23c2df41f308fb3,0.016421500593423843
persona.low_e_high_n.seed-2008.neutral,2008,neutral,persona.low_e_high_n,low_e_high_n,v1,complete_five_failures,4,unsuccessful,valid_feedback,filler.neutral.4,1157719167337881160,200,da0592db3f94b6e25501e3a03a8dcf83bf0b1602871666a4c23c2df41f308fb3,52,fee77fcc685c20e5db1c3ad97c5c6b7588d06090bcccc85134f1d15dc3c41cb7,0.015204628929495811
persona.low_e_high_n.seed-2008.neutral,2008,neutral,persona.low_e_high_n,low_e_high_n,v1,complete_five_failures,5,unsuccessful,valid_feedback,filler.neutral.5,6714476192934985326,52,fee77fcc685c20e5db1c3ad97c5c6b7588d06090bcccc85134f1d15dc3c41cb7,10,341e35e545be038124ff3688f877b2fff59e2c2839cf44f0cc5b196813f2a71c,0.016413414850831032
persona.low_e_high_n.seed-2009.feedback_only,2009,feedback_only,persona.low_e_high_n,low_e_high_n,v1,complete_five_failures,1,unsuccessful,valid_feedback,,1260204083383722554,10000,9582c82c0e979ad4740159fd2ec5d74526aeb48ac07bda14b2745a25206ae9f4,3048,8d8a406c2701498bf0a5134fc8d3d2dd3838c787cab23a0c65e571fa2681a630,0.006604655645787716
persona.low_e_high_n.seed-2009.feedback_only,2009,feedback_only,persona.low_e_high_n,low_e_high_n,v1,complete_five_failures,2,unsuccessful,valid_feedback,,8078703204154141548,3048,8d8a406c2701498bf0a5134fc8d3d2dd3838c787cab23a0c65e571fa2681a630,768,fc8d58a9e3d1f8e19ada2eb0935f356d1fd043e3c6223147b6eb63ab52c33d06,0.017607785761356354
persona.low_e_high_n.seed-2009.feedback_only,2009,feedback_only,persona.low_e_high_n,low_e_high_n,v1,complete_five_failures,3,unsuccessful,valid_feedback,,4408837213815512884,768,fc8d58a9e3d1f8e19ada2eb0935f356d1fd043e3c6223147b6eb63ab52c33d06,206,3701c51eacc8da4a43acc7def8b9efc78019c15d870b2f7a0f276ba681e765c0,0.016451193019747734
persona.low_e_high_n.seed-2009.feedback_only,2009,feedback_only,persona.low_e_high_n,low_e_high_n,v1,complete_five_failures,4,unsuccessful,valid_feedback,,5665391256835248990,206,3701c51eacc8da4a43acc7def8b9efc78019c15d870b2f7a0f276ba681e765c0,55,04a95813d7014d7950fe157a956d4387a292572957115ac209f07c7805a04adc,0.01315423846244812
persona.low_e_high_n.seed-2009.feedback_only,2009,feedback_only,persona.low_e_high_n,low_e_high_n,v1,complete_five_failures,5,unsuccessful,valid_feedback,,9128014439954229688,55,04a95813d7014d7950fe157a956d4387a292572957115ac209f07c7805a04adc,16,c4381b23c6bfad65ec6363bfce625f0aee93467eaa2c1d60c80ffbff1be04bda,0.012394139543175697
persona.low_e_high_n.seed-2009.supportive,2009,supportive,persona.low_e_high_n,low_e_high_n,v1,complete_five_failures,1,unsuccessful,valid_feedback,filler.supportive.1,1260204083383722554,10000,9582c82c0e979ad4740159fd2ec5d74526aeb48ac07bda14b2745a25206ae9f4,3048,8d8a406c2701498bf0a5134fc8d3d2dd3838c787cab23a0c65e571fa2681a630,0.004905614070594311
persona.low_e_high_n.seed-2009.supportive,2009,supportive,persona.low_e_high_n,low_e_high_n,v1,complete_five_failures,2,unsuccessful,valid_feedback,filler.supportive.2,8078703204154141548,3048,8d8a406c2701498bf0a5134fc8d3d2dd3838c787cab23a0c65e571fa2681a630,768,fc8d58a9e3d1f8e19ada2eb0935f356d1fd043e3c6223147b6eb63ab52c33d06,0.01772122271358967
persona.low_e_high_n.seed-2009.supportive,2009,supportive,persona.low_e_high_n,low_e_high_n,v1,complete_five_failures,3,unsuccessful,valid_feedback,filler.supportive.3,4408837213815512884,768,fc8d58a9e3d1f8e19ada2eb0935f356d1fd043e3c6223147b6eb63ab52c33d06,206,3701c51eacc8da4a43acc7def8b9efc78019c15d870b2f7a0f276ba681e765c0,0.017365625128149986
persona.low_e_high_n.seed-2009.supportive,2009,supportive,persona.low_e_high_n,low_e_high_n,v1,complete_five_failures,4,unsuccessful,valid_feedback,filler.supportive.4,5665391256835248990,206,3701c51eacc8da4a43acc7def8b9efc78019c15d870b2f7a0f276ba681e765c0,55,04a95813d7014d7950fe157a956d4387a292572957115ac209f07c7805a04adc,0.0158896055072546
persona.low_e_high_n.seed-2009.supportive,2009,supportive,persona.low_e_high_n,low_e_high_n,v1,complete_five_failures,5,unsuccessful,valid_feedback,filler.supportive.5,9128014439954229688,55,04a95813d7014d7950fe157a956d4387a292572957115ac209f07c7805a04adc,16,c4381b23c6bfad65ec6363bfce625f0aee93467eaa2c1d60c80ffbff1be04bda,0.014779563993215561
persona.low_e_high_n.seed-2009.neutral,2009,neutral,persona.low_e_high_n,low_e_high_n,v1,complete_five_failures,1,unsuccessful,valid_feedback,filler.neutral.1,1260204083383722554,10000,9582c82c0e979ad4740159fd2ec5d74526aeb48ac07bda14b2745a25206ae9f4,3048,8d8a406c2701498bf0a5134fc8d3d2dd3838c787cab23a0c65e571fa2681a630,0.004622361622750759
persona.low_e_high_n.seed-2009.neutral,2009,neutral,persona.low_e_high_n,low_e_high_n,v1,complete_five_failures,2,unsuccessful,valid_feedback,filler.neutral.2,8078703204154141548,3048,8d8a406c2701498bf0a5134fc8d3d2dd3838c787cab23a0c65e571fa2681a630,768,fc8d58a9e3d1f8e19ada2eb0935f356d1fd043e3c6223147b6eb63ab52c33d06,0.01714845933020115
persona.low_e_high_n.seed-2009.neutral,2009,neutral,persona.low_e_high_n,low_e_high_n,v1,complete_five_failures,3,unsuccessful,valid_feedback,filler.neutral.3,4408837213815512884,768,fc8d58a9e3d1f8e19ada2eb0935f356d1fd043e3c6223147b6eb63ab52c33d06,206,3701c51eacc8da4a43acc7def8b9efc78019c15d870b2f7a0f276ba681e765c0,0.014654526486992836
persona.low_e_high_n.seed-2009.neutral,2009,neutral,persona.low_e_high_n,low_e_high_n,v1,complete_five_failures,4,unsuccessful,valid_feedback,filler.neutral.4,5665391256835248990,206,3701c51eacc8da4a43acc7def8b9efc78019c15d870b2f7a0f276ba681e765c0,55,04a95813d7014d7950fe157a956d4387a292572957115ac209f07c7805a04adc,0.012046247720718384
persona.low_e_high_n.seed-2009.neutral,2009,neutral,persona.low_e_high_n,low_e_high_n,v1,complete_five_failures,5,unsuccessful,valid_feedback,filler.neutral.5,9128014439954229688,55,04a95813d7014d7950fe157a956d4387a292572957115ac209f07c7805a04adc,16,c4381b23c6bfad65ec6363bfce625f0aee93467eaa2c1d60c80ffbff1be04bda,0.011112559586763382
persona.low_e_high_n.seed-2010.feedback_only,2010,feedback_only,persona.low_e_high_n,low_e_high_n,v1,complete_five_failures,1,unsuccessful,valid_feedback,,3469795497683125335,10000,9582c82c0e979ad4740159fd2ec5d74526aeb48ac07bda14b2745a25206ae9f4,3048,8d8a406c2701498bf0a5134fc8d3d2dd3838c787cab23a0c65e571fa2681a630,0.006604655645787716
persona.low_e_high_n.seed-2010.feedback_only,2010,feedback_only,persona.low_e_high_n,low_e_high_n,v1,complete_five_failures,2,unsuccessful,valid_feedback,,7502407488306205158,3048,8d8a406c2701498bf0a5134fc8d3d2dd3838c787cab23a0c65e571fa2681a630,768,fc8d58a9e3d1f8e19ada2eb0935f356d1fd043e3c6223147b6eb63ab52c33d06,0.017607785761356354
persona.low_e_high_n.seed-2010.feedback_only,2010,feedback_only,persona.low_e_high_n,low_e_high_n,v1,complete_five_failures,3,unsuccessful,valid_feedback,,7505458095384574504,768,fc8d58a9e3d1f8e19ada2eb0935f356d1fd043e3c6223147b6eb63ab52c33d06,206,3701c51eacc8da4a43acc7def8b9efc78019c15d870b2f7a0f276ba681e765c0,0.016451193019747734
persona.low_e_high_n.seed-2010.feedback_only,2010,feedback_only,persona.low_e_high_n,low_e_high_n,v1,complete_five_failures,4,unsuccessful,valid_feedback,,8890796447059342011,206,3701c51eacc8da4a43acc7def8b9efc78019c15d870b2f7a0f276ba681e765c0,55,04a95813d7014d7950fe157a956d4387a292572957115ac209f07c7805a04adc,0.01315423846244812
persona.low_e_high_n.seed-2010.feedback_only,2010,feedback_only,persona.low_e_high_n,low_e_high_n,v1,complete_five_failures,5,unsuccessful,valid_feedback,,2061649511049620242,55,04a95813d7014d7950fe157a956d4387a292572957115ac209f07c7805a04adc,15,ce5d95544a095d12f3a94473e04ccab55002b524452e073c9d463fb6eb1f422c,0.01684810221195221
persona.low_e_high_n.seed-2010.supportive,2010,supportive,persona.low_e_high_n,low_e_high_n,v1,complete_five_failures,1,unsuccessful,valid_feedback,filler.supportive.1,3469795497683125335,10000,9582c82c0e979ad4740159fd2ec5d74526aeb48ac07bda14b2745a25206ae9f4,3048,8d8a406c2701498bf0a5134fc8d3d2dd3838c787cab23a0c65e571fa2681a630,0.004905614070594311
persona.low_e_high_n.seed-2010.supportive,2010,supportive,persona.low_e_high_n,low_e_high_n,v1,complete_five_failures,2,unsuccessful,valid_feedback,filler.supportive.2,7502407488306205158,3048,8d8a406c2701498bf0a5134fc8d3d2dd3838c787cab23a0c65e571fa2681a630,768,fc8d58a9e3d1f8e19ada2eb0935f356d1fd043e3c6223147b6eb63ab52c33d06,0.01772122271358967
persona.low_e_high_n.seed-2010.supportive,2010,supportive,persona.low_e_high_n,low_e_high_n,v1,complete_five_failures,3,unsuccessful,valid_feedback,filler.supportive.3,7505458095384574504,768,fc8d58a9e3d1f8e19ada2eb0935f356d1fd043e3c6223147b6eb63ab52c33d06,206,3701c51eacc8da4a43acc7def8b9efc78019c15d870b2f7a0f276ba681e765c0,0.017365625128149986
persona.low_e_high_n.seed-2010.supportive,2010,supportive,persona.low_e_high_n,low_e_high_n,v1,complete_five_failures,4,unsuccessful,valid_feedback,filler.supportive.4,8890796447059342011,206,3701c51eacc8da4a43acc7def8b9efc78019c15d870b2f7a0f276ba681e765c0,55,04a95813d7014d7950fe157a956d4387a292572957115ac209f07c7805a04adc,0.0158896055072546
persona.low_e_high_n.seed-2010.supportive,2010,supportive,persona.low_e_high_n,low_e_high_n,v1,complete_five_failures,5,unsuccessful,valid_feedback,filler.supportive.5,2061649511049620242,55,04a95813d7014d7950fe157a956d4387a292572957115ac209f07c7805a04adc,15,ce5d95544a095d12f3a94473e04ccab55002b524452e073c9d463fb6eb1f422c,0.018268084153532982
persona.low_e_high_n.seed-2010.neutral,2010,neutral,persona.low_e_high_n,low_e_high_n,v1,complete_five_failures,1,unsuccessful,valid_feedback,filler.neutral.1,3469795497683125335,10000,9582c82c0e979ad4740159fd2ec5d74526aeb48ac07bda14b2745a25206ae9f4,3048,8d8a406c2701498bf0a5134fc8d3d2dd3838c787cab23a0c65e571fa2681a630,0.004622361622750759
persona.low_e_high_n.seed-2010.neutral,2010,neutral,persona.low_e_high_n,low_e_high_n,v1,complete_five_failures,2,unsuccessful,valid_feedback,filler.neutral.2,7502407488306205158,3048,8d8a406c2701498bf0a5134fc8d3d2dd3838c787cab23a0c65e571fa2681a630,768,fc8d58a9e3d1f8e19ada2eb0935f356d1fd043e3c6223147b6eb63ab52c33d06,0.01714845933020115
persona.low_e_high_n.seed-2010.neutral,2010,neutral,persona.low_e_high_n,low_e_high_n,v1,complete_five_failures,3,unsuccessful,valid_feedback,filler.neutral.3,7505458095384574504,768,fc8d58a9e3d1f8e19ada2eb0935f356d1fd043e3c6223147b6eb63ab52c33d06,206,3701c51eacc8da4a43acc7def8b9efc78019c15d870b2f7a0f276ba681e765c0,0.014654526486992836
persona.low_e_high_n.seed-2010.neutral,2010,neutral,persona.low_e_high_n,low_e_high_n,v1,complete_five_failures,4,unsuccessful,valid_feedback,filler.neutral.4,8890796447059342011,206,3701c51eacc8da4a43acc7def8b9efc78019c15d870b2f7a0f276ba681e765c0,55,04a95813d7014d7950fe157a956d4387a292572957115ac209f07c7805a04adc,0.012046247720718384
persona.low_e_high_n.seed-2010.neutral,2010,neutral,persona.low_e_high_n,low_e_high_n,v1,complete_five_failures,5,unsuccessful,valid_feedback,filler.neutral.5,2061649511049620242,55,04a95813d7014d7950fe157a956d4387a292572957115ac209f07c7805a04adc,15,ce5d95544a095d12f3a94473e04ccab55002b524452e073c9d463fb6eb1f422c,0.01514396071434021
persona.low_e_high_n.v2.seed-2001.feedback_only,2001,feedback_only,persona.low_e_high_n.v2,low_e_high_n,v2,complete_five_failures,1,unsuccessful,valid_feedback,,4469567771656788920,10000,9582c82c0e979ad4740159fd2ec5d74526aeb48ac07bda14b2745a25206ae9f4,3048,8d8a406c2701498bf0a5134fc8d3d2dd3838c787cab23a0c65e571fa2681a630,0.006413874216377735
persona.low_e_high_n.v2.seed-2001.feedback_only,2001,feedback_only,persona.low_e_high_n.v2,low_e_high_n,v2,complete_five_failures,2,unsuccessful,valid_feedback,,462000147538888414,3048,8d8a406c2701498bf0a5134fc8d3d2dd3838c787cab23a0c65e571fa2681a630,768,fc8d58a9e3d1f8e19ada2eb0935f356d1fd043e3c6223147b6eb63ab52c33d06,0.016607310622930527
persona.low_e_high_n.v2.seed-2001.feedback_only,2001,feedback_only,persona.low_e_high_n.v2,low_e_high_n,v2,complete_five_failures,3,unsuccessful,valid_feedback,,7203904594921472573,768,fc8d58a9e3d1f8e19ada2eb0935f356d1fd043e3c6223147b6eb63ab52c33d06,206,3701c51eacc8da4a43acc7def8b9efc78019c15d870b2f7a0f276ba681e765c0,0.015463076531887054
persona.low_e_high_n.v2.seed-2001.feedback_only,2001,feedback_only,persona.low_e_high_n.v2,low_e_high_n,v2,complete_five_failures,4,unsuccessful,valid_feedback,,7493285141810551950,206,3701c51eacc8da4a43acc7def8b9efc78019c15d870b2f7a0f276ba681e765c0,55,04a95813d7014d7950fe157a956d4387a292572957115ac209f07c7805a04adc,0.012051375582814217
persona.low_e_high_n.v2.seed-2001.feedback_only,2001,feedback_only,persona.low_e_high_n.v2,low_e_high_n,v2,complete_five_failures,5,unsuccessful,valid_feedback,,1845676750874802399,55,04a95813d7014d7950fe157a956d4387a292572957115ac209f07c7805a04adc,15,ce5d95544a095d12f3a94473e04ccab55002b524452e073c9d463fb6eb1f422c,0.015418554656207561
persona.low_e_high_n.v2.seed-2001.supportive,2001,supportive,persona.low_e_high_n.v2,low_e_high_n,v2,complete_five_failures,1,unsuccessful,valid_feedback,filler.supportive.1,4469567771656788920,10000,9582c82c0e979ad4740159fd2ec5d74526aeb48ac07bda14b2745a25206ae9f4,3048,8d8a406c2701498bf0a5134fc8d3d2dd3838c787cab23a0c65e571fa2681a630,0.004769381135702133
persona.low_e_high_n.v2.seed-2001.supportive,2001,supportive,persona.low_e_high_n.v2,low_e_high_n,v2,complete_five_failures,2,unsuccessful,valid_feedback,filler.supportive.2,462000147538888414,3048,8d8a406c2701498bf0a5134fc8d3d2dd3838c787cab23a0c65e571fa2681a630,768,fc8d58a9e3d1f8e19ada2eb0935f356d1fd043e3c6223147b6eb63ab52c33d06,0.017201216891407967
persona.low_e_high_n.v2.seed-2001.supportive,2001,supportive,persona.low_e_high_n.v2,low_e_high_n,v2,complete_five_failures,3,unsuccessful,valid_feedback,filler.supportive.3,7203904594921472573,768,fc8d58a9e3d1f8e19ada2eb0935f356d1fd043e3c6223147b6eb63ab52c33d06,206,3701c51eacc8da4a43acc7def8b9efc78019c15d870b2f7a0f276ba681e765c0,0.01633201353251934
persona.low_e_high_n.v2.seed-2001.supportive,2001,supportive,persona.low_e_high_n.v2,low_e_high_n,v2,complete_five_failures,4,unsuccessful,valid_feedback,filler.supportive.4,7493285141810551950,206,3701c51eacc8da4a43acc7def8b9efc78019c15d870b2f7a0f276ba681e765c0,55,04a95813d7014d7950fe157a956d4387a292572957115ac209f07c7805a04adc,0.015156465582549572
persona.low_e_high_n.v2.seed-2001.supportive,2001,supportive,persona.low_e_high_n.v2,low_e_high_n,v2,complete_five_failures,5,unsuccessful,valid_feedback,filler.supportive.5,1845676750874802399,55,04a95813d7014d7950fe157a956d4387a292572957115ac209f07c7805a04adc,15,ce5d95544a095d12f3a94473e04ccab55002b524452e073c9d463fb6eb1f422c,0.016977638006210327
persona.low_e_high_n.v2.seed-2001.neutral,2001,neutral,persona.low_e_high_n.v2,low_e_high_n,v2,complete_five_failures,1,unsuccessful,valid_feedback,filler.neutral.1,4469567771656788920,10000,9582c82c0e979ad4740159fd2ec5d74526aeb48ac07bda14b2745a25206ae9f4,3048,8d8a406c2701498bf0a5134fc8d3d2dd3838c787cab23a0c65e571fa2681a630,0.0048037744127213955
persona.low_e_high_n.v2.seed-2001.neutral,2001,neutral,persona.low_e_high_n.v2,low_e_high_n,v2,complete_five_failures,2,unsuccessful,valid_feedback,filler.neutral.2,462000147538888414,3048,8d8a406c2701498bf0a5134fc8d3d2dd3838c787cab23a0c65e571fa2681a630,768,fc8d58a9e3d1f8e19ada2eb0935f356d1fd043e3c6223147b6eb63ab52c33d06,0.0162656307220459
persona.low_e_high_n.v2.seed-2001.neutral,2001,neutral,persona.low_e_high_n.v2,low_e_high_n,v2,complete_five_failures,3,unsuccessful,valid_feedback,filler.neutral.3,7203904594921472573,768,fc8d58a9e3d1f8e19ada2eb0935f356d1fd043e3c6223147b6eb63ab52c33d06,206,3701c51eacc8da4a43acc7def8b9efc78019c15d870b2f7a0f276ba681e765c0,0.013518917374312878
persona.low_e_high_n.v2.seed-2001.neutral,2001,neutral,persona.low_e_high_n.v2,low_e_high_n,v2,complete_five_failures,4,unsuccessful,valid_feedback,filler.neutral.4,7493285141810551950,206,3701c51eacc8da4a43acc7def8b9efc78019c15d870b2f7a0f276ba681e765c0,55,04a95813d7014d7950fe157a956d4387a292572957115ac209f07c7805a04adc,0.01097269356250763
persona.low_e_high_n.v2.seed-2001.neutral,2001,neutral,persona.low_e_high_n.v2,low_e_high_n,v2,complete_five_failures,5,unsuccessful,valid_feedback,filler.neutral.5,1845676750874802399,55,04a95813d7014d7950fe157a956d4387a292572957115ac209f07c7805a04adc,15,ce5d95544a095d12f3a94473e04ccab55002b524452e073c9d463fb6eb1f422c,0.013574251905083656
persona.low_e_high_n.v2.seed-2002.feedback_only,2002,feedback_only,persona.low_e_high_n.v2,low_e_high_n,v2,complete_five_failures,1,unsuccessful,valid_feedback,,1362916748984622560,10000,9582c82c0e979ad4740159fd2ec5d74526aeb48ac07bda14b2745a25206ae9f4,3048,c276bf3530cc8d3ce2b1ddb7f6cbf168184316c3a9894881b55d5b73f476cc0f,0.00897749699652195
persona.low_e_high_n.v2.seed-2002.feedback_only,2002,feedback_only,persona.low_e_high_n.v2,low_e_high_n,v2,complete_five_failures,2,unsuccessful,valid_feedback,,650953833576476763,3048,c276bf3530cc8d3ce2b1ddb7f6cbf168184316c3a9894881b55d5b73f476cc0f,886,0d3daa2ca8d34575596ff98fbf16fdc66fdcf7a2b2d6aaec69967d78b459ac5a,0.017092473804950714
persona.low_e_high_n.v2.seed-2002.feedback_only,2002,feedback_only,persona.low_e_high_n.v2,low_e_high_n,v2,complete_five_failures,3,invalid,invalid_guess,,2885332770678600905,886,0d3daa2ca8d34575596ff98fbf16fdc66fdcf7a2b2d6aaec69967d78b459ac5a,886,0d3daa2ca8d34575596ff98fbf16fdc66fdcf7a2b2d6aaec69967d78b459ac5a,0.01978197693824768
persona.low_e_high_n.v2.seed-2002.feedback_only,2002,feedback_only,persona.low_e_high_n.v2,low_e_high_n,v2,complete_five_failures,4,unsuccessful,valid_feedback,,3768721403253947093,886,0d3daa2ca8d34575596ff98fbf16fdc66fdcf7a2b2d6aaec69967d78b459ac5a,220,b031badf1c7b454458384239ee7ddba0095ddd30af33aaf382c5c243f0c0deff,0.009676442481577396
persona.low_e_high_n.v2.seed-2002.feedback_only,2002,feedback_only,persona.low_e_high_n.v2,low_e_high_n,v2,complete_five_failures,5,unsuccessful,valid_feedback,,7993377739206102388,220,b031badf1c7b454458384239ee7ddba0095ddd30af33aaf382c5c243f0c0deff,62,b502b312ad24fbedb79ad5b6f04133d76144a7889717dfed8a885ca84c303ed9,0.012450176291167736
persona.low_e_high_n.v2.seed-2002.supportive,2002,supportive,persona.low_e_high_n.v2,low_e_high_n,v2,complete_five_failures,1,unsuccessful,valid_feedback,filler.supportive.1,1362916748984622560,10000,9582c82c0e979ad4740159fd2ec5d74526aeb48ac07bda14b2745a25206ae9f4,3048,c276bf3530cc8d3ce2b1ddb7f6cbf168184316c3a9894881b55d5b73f476cc0f,0.007281655445694923
persona.low_e_high_n.v2.seed-2002.supportive,2002,supportive,persona.low_e_high_n.v2,low_e_high_n,v2,complete_five_failures,2,unsuccessful,valid_feedback,filler.supportive.2,650953833576476763,3048,c276bf3530cc8d3ce2b1ddb7f6cbf168184316c3a9894881b55d5b73f476cc0f,886,0d3daa2ca8d34575596ff98fbf16fdc66fdcf7a2b2d6aaec69967d78b459ac5a,0.01741745136678219
persona.low_e_high_n.v2.seed-2002.supportive,2002,supportive,persona.low_e_high_n.v2,low_e_high_n,v2,complete_five_failures,3,unsuccessful,valid_feedback,filler.supportive.3,2885332770678600905,886,0d3daa2ca8d34575596ff98fbf16fdc66fdcf7a2b2d6aaec69967d78b459ac5a,286,ebde167f8efa817eecbe8345bd3812daa0bf149daf9d690fed1427f25824e8c4,0.025928722694516182
persona.low_e_high_n.v2.seed-2002.supportive,2002,supportive,persona.low_e_high_n.v2,low_e_high_n,v2,complete_five_failures,4,unsuccessful,valid_feedback,filler.supportive.4,3768721403253947093,286,ebde167f8efa817eecbe8345bd3812daa0bf149daf9d690fed1427f25824e8c4,74,4951a218177cc6702e13b2c0e04d1083d467c3e58f4bb9e1942f3c685d81ca55,0.018167531117796898
persona.low_e_high_n.v2.seed-2002.supportive,2002,supportive,persona.low_e_high_n.v2,low_e_high_n,v2,complete_five_failures,5,unsuccessful,valid_feedback,filler.supportive.5,7993377739206102388,74,4951a218177cc6702e13b2c0e04d1083d467c3e58f4bb9e1942f3c685d81ca55,34,51161e94aaea7a3a70a471c4667620bb64aa46bd2583653ede9f2d8bbb3ce7a3,0.01460009254515171
persona.low_e_high_n.v2.seed-2002.neutral,2002,neutral,persona.low_e_high_n.v2,low_e_high_n,v2,complete_five_failures,1,unsuccessful,valid_feedback,filler.neutral.1,1362916748984622560,10000,9582c82c0e979ad4740159fd2ec5d74526aeb48ac07bda14b2745a25206ae9f4,3048,c276bf3530cc8d3ce2b1ddb7f6cbf168184316c3a9894881b55d5b73f476cc0f,0.006775162648409605
persona.low_e_high_n.v2.seed-2002.neutral,2002,neutral,persona.low_e_high_n.v2,low_e_high_n,v2,complete_five_failures,2,unsuccessful,valid_feedback,filler.neutral.2,650953833576476763,3048,c276bf3530cc8d3ce2b1ddb7f6cbf168184316c3a9894881b55d5b73f476cc0f,886,0d3daa2ca8d34575596ff98fbf16fdc66fdcf7a2b2d6aaec69967d78b459ac5a,0.01709240861237049
persona.low_e_high_n.v2.seed-2002.neutral,2002,neutral,persona.low_e_high_n.v2,low_e_high_n,v2,complete_five_failures,3,invalid,invalid_guess,filler.neutral.3,2885332770678600905,886,0d3daa2ca8d34575596ff98fbf16fdc66fdcf7a2b2d6aaec69967d78b459ac5a,886,0d3daa2ca8d34575596ff98fbf16fdc66fdcf7a2b2d6aaec69967d78b459ac5a,0.010090945288538933
persona.low_e_high_n.v2.seed-2002.neutral,2002,neutral,persona.low_e_high_n.v2,low_e_high_n,v2,complete_five_failures,4,unsuccessful,valid_feedback,filler.neutral.4,3768721403253947093,886,0d3daa2ca8d34575596ff98fbf16fdc66fdcf7a2b2d6aaec69967d78b459ac5a,239,cff8a270d51840c08248b6ef13bde1397c422a567b01cfd641bfa8b2f7af521c,0.008543417789041996
persona.low_e_high_n.v2.seed-2002.neutral,2002,neutral,persona.low_e_high_n.v2,low_e_high_n,v2,complete_five_failures,5,unsuccessful,valid_feedback,filler.neutral.5,7993377739206102388,239,cff8a270d51840c08248b6ef13bde1397c422a567b01cfd641bfa8b2f7af521c,86,dcd48a937783d3bcce96dce35bf00f78d8bce6a4cbdc63193bb9a4bef974927b,0.01385759748518467
persona.low_e_high_n.v2.seed-2003.feedback_only,2003,feedback_only,persona.low_e_high_n.v2,low_e_high_n,v2,complete_five_failures,1,unsuccessful,valid_feedback,,8452511391424371538,10000,9582c82c0e979ad4740159fd2ec5d74526aeb48ac07bda14b2745a25206ae9f4,3048,8d8a406c2701498bf0a5134fc8d3d2dd3838c787cab23a0c65e571fa2681a630,0.006413874216377735
persona.low_e_high_n.v2.seed-2003.feedback_only,2003,feedback_only,persona.low_e_high_n.v2,low_e_high_n,v2,complete_five_failures,2,unsuccessful,valid_feedback,,2185802378076996070,3048,8d8a406c2701498bf0a5134fc8d3d2dd3838c787cab23a0c65e571fa2681a630,768,fc8d58a9e3d1f8e19ada2eb0935f356d1fd043e3c6223147b6eb63ab52c33d06,0.016607310622930527
persona.low_e_high_n.v2.seed-2003.feedback_only,2003,feedback_only,persona.low_e_high_n.v2,low_e_high_n,v2,complete_five_failures,3,unsuccessful,valid_feedback,,4546495009630349109,768,fc8d58a9e3d1f8e19ada2eb0935f356d1fd043e3c6223147b6eb63ab52c33d06,206,3701c51eacc8da4a43acc7def8b9efc78019c15d870b2f7a0f276ba681e765c0,0.015463076531887054
persona.low_e_high_n.v2.seed-2003.feedback_only,2003,feedback_only,persona.low_e_high_n.v2,low_e_high_n,v2,complete_five_failures,4,unsuccessful,valid_feedback,,5827469766280291389,206,3701c51eacc8da4a43acc7def8b9efc78019c15d870b2f7a0f276ba681e765c0,55,04a95813d7014d7950fe157a956d4387a292572957115ac209f07c7805a04adc,0.012051375582814217
persona.low_e_high_n.v2.seed-2003.feedback_only,2003,feedback_only,persona.low_e_high_n.v2,low_e_high_n,v2,complete_five_failures,5,unsuccessful,valid_feedback,,9189069359561447070,55,04a95813d7014d7950fe157a956d4387a292572957115ac209f07c7805a04adc,15,ce5d95544a095d12f3a94473e04ccab55002b524452e073c9d463fb6eb1f422c,0.015418554656207561
persona.low_e_high_n.v2.seed-2003.supportive,2003,supportive,persona.low_e_high_n.v2,low_e_high_n,v2,complete_five_failures,1,unsuccessful,valid_feedback,filler.supportive.1,8452511391424371538,10000,9582c82c0e979ad4740159fd2ec5d74526aeb48ac07bda14b2745a25206ae9f4,3048,8d8a406c2701498bf0a5134fc8d3d2dd3838c787cab23a0c65e571fa2681a630,0.004769381135702133
persona.low_e_high_n.v2.seed-2003.supportive,2003,supportive,persona.low_e_high_n.v2,low_e_high_n,v2,complete_five_failures,2,unsuccessful,valid_feedback,filler.supportive.2,2185802378076996070,3048,8d8a406c2701498bf0a5134fc8d3d2dd3838c787cab23a0c65e571fa2681a630,768,fc8d58a9e3d1f8e19ada2eb0935f356d1fd043e3c6223147b6eb63ab52c33d06,0.017201216891407967
persona.low_e_high_n.v2.seed-2003.supportive,2003,supportive,persona.low_e_high_n.v2,low_e_high_n,v2,complete_five_failures,3,unsuccessful,valid_feedback,filler.supportive.3,4546495009630349109,768,fc8d58a9e3d1f8e19ada2eb0935f356d1fd043e3c6223147b6eb63ab52c33d06,206,3701c51eacc8da4a43acc7def8b9efc78019c15d870b2f7a0f276ba681e765c0,0.01633201353251934
persona.low_e_high_n.v2.seed-2003.supportive,2003,supportive,persona.low_e_high_n.v2,low_e_high_n,v2,complete_five_failures,4,unsuccessful,valid_feedback,filler.supportive.4,5827469766280291389,206,3701c51eacc8da4a43acc7def8b9efc78019c15d870b2f7a0f276ba681e765c0,55,04a95813d7014d7950fe157a956d4387a292572957115ac209f07c7805a04adc,0.015156465582549572
persona.low_e_high_n.v2.seed-2003.supportive,2003,supportive,persona.low_e_high_n.v2,low_e_high_n,v2,complete_five_failures,5,unsuccessful,valid_feedback,filler.supportive.5,9189069359561447070,55,04a95813d7014d7950fe157a956d4387a292572957115ac209f07c7805a04adc,15,ce5d95544a095d12f3a94473e04ccab55002b524452e073c9d463fb6eb1f422c,0.016977638006210327
persona.low_e_high_n.v2.seed-2003.neutral,2003,neutral,persona.low_e_high_n.v2,low_e_high_n,v2,complete_five_failures,1,unsuccessful,valid_feedback,filler.neutral.1,8452511391424371538,10000,9582c82c0e979ad4740159fd2ec5d74526aeb48ac07bda14b2745a25206ae9f4,3048,8d8a406c2701498bf0a5134fc8d3d2dd3838c787cab23a0c65e571fa2681a630,0.0048037744127213955
persona.low_e_high_n.v2.seed-2003.neutral,2003,neutral,persona.low_e_high_n.v2,low_e_high_n,v2,complete_five_failures,2,unsuccessful,valid_feedback,filler.neutral.2,2185802378076996070,3048,8d8a406c2701498bf0a5134fc8d3d2dd3838c787cab23a0c65e571fa2681a630,768,fc8d58a9e3d1f8e19ada2eb0935f356d1fd043e3c6223147b6eb63ab52c33d06,0.0162656307220459
persona.low_e_high_n.v2.seed-2003.neutral,2003,neutral,persona.low_e_high_n.v2,low_e_high_n,v2,complete_five_failures,3,unsuccessful,valid_feedback,filler.neutral.3,4546495009630349109,768,fc8d58a9e3d1f8e19ada2eb0935f356d1fd043e3c6223147b6eb63ab52c33d06,206,3701c51eacc8da4a43acc7def8b9efc78019c15d870b2f7a0f276ba681e765c0,0.013518917374312878
persona.low_e_high_n.v2.seed-2003.neutral,2003,neutral,persona.low_e_high_n.v2,low_e_high_n,v2,complete_five_failures,4,unsuccessful,valid_feedback,filler.neutral.4,5827469766280291389,206,3701c51eacc8da4a43acc7def8b9efc78019c15d870b2f7a0f276ba681e765c0,55,04a95813d7014d7950fe157a956d4387a292572957115ac209f07c7805a04adc,0.01097269356250763
persona.low_e_high_n.v2.seed-2003.neutral,2003,neutral,persona.low_e_high_n.v2,low_e_high_n,v2,complete_five_failures,5,unsuccessful,valid_feedback,filler.neutral.5,9189069359561447070,55,04a95813d7014d7950fe157a956d4387a292572957115ac209f07c7805a04adc,15,ce5d95544a095d12f3a94473e04ccab55002b524452e073c9d463fb6eb1f422c,0.013574251905083656
persona.low_e_high_n.v2.seed-2004.feedback_only,2004,feedback_only,persona.low_e_high_n.v2,low_e_high_n,v2,complete_five_failures,1,unsuccessful,valid_feedback,,3012682462339476124,10000,9582c82c0e979ad4740159fd2ec5d74526aeb48ac07bda14b2745a25206ae9f4,6561,53a14051f308be8c745906018a762ceb477324e2fdfef98aa3ddc1cd72bc1dbf,0.007068082690238953
persona.low_e_high_n.v2.seed-2004.feedback_only,2004,feedback_only,persona.low_e_high_n.v2,low_e_high_n,v2,complete_five_failures,2,unsuccessful,valid_feedback,,5539227853087561902,6561,53a14051f308be8c745906018a762ceb477324e2fdfef98aa3ddc1cd72bc1dbf,4096,376496ebbc388d8377fe7808c992e94a578bc62ac25dfbf6252690822d1450d6,0.012155788950622082
persona.low_e_high_n.v2.seed-2004.feedback_only,2004,feedback_only,persona.low_e_high_n.v2,low_e_high_n,v2,complete_five_failures,3,unsuccessful,valid_feedback,,9087570836507131457,4096,376496ebbc388d8377fe7808c992e94a578bc62ac25dfbf6252690822d1450d6,2401,189f5cdadf24cab8dffbae24e408b2d176c74829ec85b4aaf529f1064f1bda1e,0.017869368195533752
persona.low_e_high_n.v2.seed-2004.feedback_only,2004,feedback_only,persona.low_e_high_n.v2,low_e_high_n,v2,complete_five_failures,4,unsuccessful,valid_feedback,,4770636941596934890,2401,189f5cdadf24cab8dffbae24e408b2d176c74829ec85b4aaf529f1064f1bda1e,1296,e89552d5dca552c05e3ffd1f6a4215ff15f21f0c2b733aaa2eeeffc5541698b2,0.019383171573281288
persona.low_e_high_n.v2.seed-2004.feedback_only,2004,feedback_only,persona.low_e_high_n.v2,low_e_high_n,v2,complete_five_failures,5,unsuccessful,valid_feedback,,879249873976900214,1296,e89552d5dca552c05e3ffd1f6a4215ff15f21f0c2b733aaa2eeeffc5541698b2,625,4d28f7984ad1e52f00b72ec545d23d24e5091aa76e3403c7e85db43033899fbe,0.01995905488729477
persona.low_e_high_n.v2.seed-2004.supportive,2004,supportive,persona.low_e_high_n.v2,low_e_high_n,v2,complete_five_failures,1,unsuccessful,valid_feedback,filler.supportive.1,3012682462339476124,10000,9582c82c0e979ad4740159fd2ec5d74526aeb48ac07bda14b2745a25206ae9f4,6561,53a14051f308be8c745906018a762ceb477324e2fdfef98aa3ddc1cd72bc1dbf,0.0028689701575785875
persona.low_e_high_n.v2.seed-2004.supportive,2004,supportive,persona.low_e_high_n.v2,low_e_high_n,v2,complete_five_failures,2,unsuccessful,valid_feedback,filler.supportive.2,5539227853087561902,6561,53a14051f308be8c745906018a762ceb477324e2fdfef98aa3ddc1cd72bc1dbf,1820,ab963e3ac5c47a412aa8e77e52f2aebf2c350c67899c4acae4511a5e0eb024e6,0.015107466839253902
persona.low_e_high_n.v2.seed-2004.supportive,2004,supportive,persona.low_e_high_n.v2,low_e_high_n,v2,complete_five_failures,3,unsuccessful,valid_feedback,filler.supportive.3,9087570836507131457,1820,ab963e3ac5c47a412aa8e77e52f2aebf2c350c67899c4acae4511a5e0eb024e6,588,8700a3bcaa3be0b6d6d88102648e2e896709b87e73bc3b226c676a53c735b7aa,0.01741630956530571
persona.low_e_high_n.v2.seed-2004.supportive,2004,supportive,persona.low_e_high_n.v2,low_e_high_n,v2,complete_five_failures,4,unsuccessful,valid_feedback,filler.supportive.4,4770636941596934890,588,8700a3bcaa3be0b6d6d88102648e2e896709b87e73bc3b226c676a53c735b7aa,184,cb198093726eef3fc3e7114005fe6d3fcfc94f89aa68ca88f644f07878fb6efb,0.01938100904226303
persona.low_e_high_n.v2.seed-2004.supportive,2004,supportive,persona.low_e_high_n.v2,low_e_high_n,v2,complete_five_failures,5,unsuccessful,valid_feedback,filler.supportive.5,879249873976900214,184,cb198093726eef3fc3e7114005fe6d3fcfc94f89aa68ca88f644f07878fb6efb,63,f5615a652174268c6d89bcdffbb8a46dc5825ddf29135ada17dc66ea2dbefec9,0.019709795713424683
persona.low_e_high_n.v2.seed-2004.neutral,2004,neutral,persona.low_e_high_n.v2,low_e_high_n,v2,complete_five_failures,1,unsuccessful,valid_feedback,filler.neutral.1,3012682462339476124,10000,9582c82c0e979ad4740159fd2ec5d74526aeb48ac07bda14b2745a25206ae9f4,6561,53a14051f308be8c745906018a762ceb477324e2fdfef98aa3ddc1cd72bc1dbf,0.0031262754928320646
persona.low_e_high_n.v2.seed-2004.neutral,2004,neutral,persona.low_e_high_n.v2,low_e_high_n,v2,complete_five_failures,2,unsuccessful,valid_feedback,filler.neutral.2,5539227853087561902,6561,53a14051f308be8c745906018a762ceb477324e2fdfef98aa3ddc1cd72bc1dbf,1820,ab963e3ac5c47a412aa8e77e52f2aebf2c350c67899c4acae4511a5e0eb024e6,0.013004664331674576
persona.low_e_high_n.v2.seed-2004.neutral,2004,neutral,persona.low_e_high_n.v2,low_e_high_n,v2,complete_five_failures,3,unsuccessful,valid_feedback,filler.neutral.3,9087570836507131457,1820,ab963e3ac5c47a412aa8e77e52f2aebf2c350c67899c4acae4511a5e0eb024e6,588,8700a3bcaa3be0b6d6d88102648e2e896709b87e73bc3b226c676a53c735b7aa,0.014696082100272179
persona.low_e_high_n.v2.seed-2004.neutral,2004,neutral,persona.low_e_high_n.v2,low_e_high_n,v2,complete_five_failures,4,unsuccessful,valid_feedback,filler.neutral.4,4770636941596934890,588,8700a3bcaa3be0b6d6d88102648e2e896709b87e73bc3b226c676a53c735b7aa,184,cb198093726eef3fc3e7114005fe6d3fcfc94f89aa68ca88f644f07878fb6efb,0.013791391626000404
persona.low_e_high_n.v2.seed-2004.neutral,2004,neutral,persona.low_e_high_n.v2,low_e_high_n,v2,complete_five_failures,5,unsuccessful,valid_feedback,filler.neutral.5,879249873976900214,184,cb198093726eef3fc3e7114005fe6d3fcfc94f89aa68ca88f644f07878fb6efb,63,f5615a652174268c6d89bcdffbb8a46dc5825ddf29135ada17dc66ea2dbefec9,0.015690654516220093
persona.low_e_high_n.v2.seed-2005.feedback_only,2005,feedback_only,persona.low_e_high_n.v2,low_e_high_n,v2,complete_five_failures,1,unsuccessful,valid_feedback,,8146282925072561755,10000,9582c82c0e979ad4740159fd2ec5d74526aeb48ac07bda14b2745a25206ae9f4,3048,8d8a406c2701498bf0a5134fc8d3d2dd3838c787cab23a0c65e571fa2681a630,0.007676204200834036
persona.low_e_high_n.v2.seed-2005.feedback_only,2005,feedback_only,persona.low_e_high_n.v2,low_e_high_n,v2,complete_five_failures,2,unsuccessful,valid_feedback,,7270573099286778731,3048,8d8a406c2701498bf0a5134fc8d3d2dd3838c787cab23a0c65e571fa2681a630,768,fc8d58a9e3d1f8e19ada2eb0935f356d1fd043e3c6223147b6eb63ab52c33d06,0.015622318722307682
persona.low_e_high_n.v2.seed-2005.feedback_only,2005,feedback_only,persona.low_e_high_n.v2,low_e_high_n,v2,complete_five_failures,3,unsuccessful,valid_feedback,,320833271567228942,768,fc8d58a9e3d1f8e19ada2eb0935f356d1fd043e3c6223147b6eb63ab52c33d06,184,bb21685db6fbb818e3af6f4c5457db0c37e606a39470f45697f58b6b63d9526f,0.015137769281864166
persona.low_e_high_n.v2.seed-2005.feedback_only,2005,feedback_only,persona.low_e_high_n.v2,low_e_high_n,v2,complete_five_failures,4,unsuccessful,valid_feedback,,1081455331307413947,184,bb21685db6fbb818e3af6f4c5457db0c37e606a39470f45697f58b6b63d9526f,52,8727d9ce5fc0fc52767e37f5a5888530542b8cfb1a8cd4921fbcebfe35c06ec9,0.010370120406150818
persona.low_e_high_n.v2.seed-2005.feedback_only,2005,feedback_only,persona.low_e_high_n.v2,low_e_high_n,v2,complete_five_failures,5,unsuccessful,valid_feedback,,5451539660838294209,52,8727d9ce5fc0fc52767e37f5a5888530542b8cfb1a8cd4921fbcebfe35c06ec9,14,b095fd74ddff9807c5b218bb54089369c9a8234da040fb89bc7b476d47ae2067,0.0009411866776645184
persona.low_e_high_n.v2.seed-2005.supportive,2005,supportive,persona.low_e_high_n.v2,low_e_high_n,v2,complete_five_failures,1,unsuccessful,valid_feedback,filler.supportive.1,8146282925072561755,10000,9582c82c0e979ad4740159fd2ec5d74526aeb48ac07bda14b2745a25206ae9f4,3048,8d8a406c2701498bf0a5134fc8d3d2dd3838c787cab23a0c65e571fa2681a630,0.005710544064640999
persona.low_e_high_n.v2.seed-2005.supportive,2005,supportive,persona.low_e_high_n.v2,low_e_high_n,v2,complete_five_failures,2,unsuccessful,valid_feedback,filler.supportive.2,7270573099286778731,3048,8d8a406c2701498bf0a5134fc8d3d2dd3838c787cab23a0c65e571fa2681a630,768,fc8d58a9e3d1f8e19ada2eb0935f356d1fd043e3c6223147b6eb63ab52c33d06,0.020550409331917763
persona.low_e_high_n.v2.seed-2005.supportive,2005,supportive,persona.low_e_high_n.v2,low_e_high_n,v2,complete_five_failures,3,unsuccessful,valid_feedback,filler.supportive.3,320833271567228942,768,fc8d58a9e3d1f8e19ada2eb0935f356d1fd043e3c6223147b6eb63ab52c33d06,190,35049178f6b4f7103224259f9c9baff8546af3ff8ac7de6c3814cb9b2c8a38ef,0.016431722790002823
persona.low_e_high_n.v2.seed-2005.supportive,2005,supportive,persona.low_e_high_n.v2,low_e_high_n,v2,complete_five_failures,4,unsuccessful,valid_feedback,filler.supportive.4,1081455331307413947,190,35049178f6b4f7103224259f9c9baff8546af3ff8ac7de6c3814cb9b2c8a38ef,51,7f6792ea80549f3fe04e97f7dcf6ec11eee7817a080ac7fed3b10acf9289c34c,0.009359130635857582
persona.low_e_high_n.v2.seed-2005.supportive,2005,supportive,persona.low_e_high_n.v2,low_e_high_n,v2,complete_five_failures,5,unsuccessful,valid_feedback,filler.supportive.5,5451539660838294209,51,7f6792ea80549f3fe04e97f7dcf6ec11eee7817a080ac7fed3b10acf9289c34c,25,ece30cf22d281aa2d29dbd5b632ea660c98aac1c9754a6467a2c6815b58b52cd,0.013290676288306713
persona.low_e_high_n.v2.seed-2005.neutral,2005,neutral,persona.low_e_high_n.v2,low_e_high_n,v2,complete_five_failures,1,unsuccessful,valid_feedback,filler.neutral.1,8146282925072561755,10000,9582c82c0e979ad4740159fd2ec5d74526aeb48ac07bda14b2745a25206ae9f4,3048,8d8a406c2701498bf0a5134fc8d3d2dd3838c787cab23a0c65e571fa2681a630,0.005397769156843424
persona.low_e_high_n.v2.seed-2005.neutral,2005,neutral,persona.low_e_high_n.v2,low_e_high_n,v2,complete_five_failures,2,unsuccessful,valid_feedback,filler.neutral.2,7270573099286778731,3048,8d8a406c2701498bf0a5134fc8d3d2dd3838c787cab23a0c65e571fa2681a630,768,fc8d58a9e3d1f8e19ada2eb0935f356d1fd043e3c6223147b6eb63ab52c33d06,0.016444813460111618
persona.low_e_high_n.v2.seed-2005.neutral,2005,neutral,persona.low_e_high_n.v2,low_e_high_n,v2,complete_five_failures,3,unsuccessful,valid_feedback,filler.neutral.3,320833271567228942,768,fc8d58a9e3d1f8e19ada2eb0935f356d1fd043e3c6223147b6eb63ab52c33d06,190,35049178f6b4f7103224259f9c9baff8546af3ff8ac7de6c3814cb9b2c8a38ef,0.013623379170894623
persona.low_e_high_n.v2.seed-2005.neutral,2005,neutral,persona.low_e_high_n.v2,low_e_high_n,v2,complete_five_failures,4,unsuccessful,valid_feedback,filler.neutral.4,1081455331307413947,190,35049178f6b4f7103224259f9c9baff8546af3ff8ac7de6c3814cb9b2c8a38ef,51,7f6792ea80549f3fe04e97f7dcf6ec11eee7817a080ac7fed3b10acf9289c34c,0.007199178449809551
persona.low_e_high_n.v2.seed-2005.neutral,2005,neutral,persona.low_e_high_n.v2,low_e_high_n,v2,complete_five_failures,5,unsuccessful,valid_feedback,filler.neutral.5,5451539660838294209,51,7f6792ea80549f3fe04e97f7dcf6ec11eee7817a080ac7fed3b10acf9289c34c,25,ece30cf22d281aa2d29dbd5b632ea660c98aac1c9754a6467a2c6815b58b52cd,0.01001903135329485
persona.low_e_high_n.v2.seed-2006.feedback_only,2006,feedback_only,persona.low_e_high_n.v2,low_e_high_n,v2,complete_five_failures,1,unsuccessful,valid_feedback,,20746705984210227,10000,9582c82c0e979ad4740159fd2ec5d74526aeb48ac07bda14b2745a25206ae9f4,3048,8d8a406c2701498bf0a5134fc8d3d2dd3838c787cab23a0c65e571fa2681a630,0.006413874216377735
persona.low_e_high_n.v2.seed-2006.feedback_only,2006,feedback_only,persona.low_e_high_n.v2,low_e_high_n,v2,complete_five_failures,2,unsuccessful,valid_feedback,,7186787635236517948,3048,8d8a406c2701498bf0a5134fc8d3d2dd3838c787cab23a0c65e571fa2681a630,768,fc8d58a9e3d1f8e19ada2eb0935f356d1fd043e3c6223147b6eb63ab52c33d06,0.016607310622930527
persona.low_e_high_n.v2.seed-2006.feedback_only,2006,feedback_only,persona.low_e_high_n.v2,low_e_high_n,v2,complete_five_failures,3,unsuccessful,valid_feedback,,2633872377281840482,768,fc8d58a9e3d1f8e19ada2eb0935f356d1fd043e3c6223147b6eb63ab52c33d06,206,3701c51eacc8da4a43acc7def8b9efc78019c15d870b2f7a0f276ba681e765c0,0.015463076531887054
persona.low_e_high_n.v2.seed-2006.feedback_only,2006,feedback_only,persona.low_e_high_n.v2,low_e_high_n,v2,complete_five_failures,4,unsuccessful,valid_feedback,,7338954399356967658,206,3701c51eacc8da4a43acc7def8b9efc78019c15d870b2f7a0f276ba681e765c0,55,04a95813d7014d7950fe157a956d4387a292572957115ac209f07c7805a04adc,0.012051375582814217
persona.low_e_high_n.v2.seed-2006.feedback_only,2006,feedback_only,persona.low_e_high_n.v2,low_e_high_n,v2,complete_five_failures,5,unsuccessful,valid_feedback,,9132968224681273883,55,04a95813d7014d7950fe157a956d4387a292572957115ac209f07c7805a04adc,15,ce5d95544a095d12f3a94473e04ccab55002b524452e073c9d463fb6eb1f422c,0.015418554656207561
persona.low_e_high_n.v2.seed-2006.supportive,2006,supportive,persona.low_e_high_n.v2,low_e_high_n,v2,complete_five_failures,1,unsuccessful,valid_feedback,filler.supportive.1,20746705984210227,10000,9582c82c0e979ad4740159fd2ec5d74526aeb48ac07bda14b2745a25206ae9f4,3048,8d8a406c2701498bf0a5134fc8d3d2dd3838c787cab23a0c65e571fa2681a630,0.004769381135702133
persona.low_e_high_n.v2.seed-2006.supportive,2006,supportive,persona.low_e_high_n.v2,low_e_high_n,v2,complete_five_failures,2,unsuccessful,valid_feedback,filler.supportive.2,7186787635236517948,3048,8d8a406c2701498bf0a5134fc8d3d2dd3838c787cab23a0c65e571fa2681a630,768,fc8d58a9e3d1f8e19ada2eb0935f356d1fd043e3c6223147b6eb63ab52c33d06,0.017201216891407967
persona.low_e_high_n.v2.seed-2006.supportive,2006,supportive,persona.low_e_high_n.v2,low_e_high_n,v2,complete_five_failures,3,unsuccessful,valid_feedback,filler.supportive.3,2633872377281840482,768,fc8d58a9e3d1f8e19ada2eb0935f356d1fd043e3c6223147b6eb63ab52c33d06,206,3701c51eacc8da4a43acc7def8b9efc78019c15d870b2f7a0f276ba681e765c0,0.01633201353251934
persona.low_e_high_n.v2.seed-2006.supportive,2006,supportive,persona.low_e_high_n.v2,low_e_high_n,v2,complete_five_failures,4,unsuccessful,valid_feedback,filler.supportive.4,7338954399356967658,206,3701c51eacc8da4a43acc7def8b9efc78019c15d870b2f7a0f276ba681e765c0,55,04a95813d7014d7950fe157a956d4387a292572957115ac209f07c7805a04adc,0.015156465582549572
persona.low_e_high_n.v2.seed-2006.supportive,2006,supportive,persona.low_e_high_n.v2,low_e_high_n,v2,complete_five_failures,5,unsuccessful,valid_feedback,filler.supportive.5,9132968224681273883,55,04a95813d7014d7950fe157a956d4387a292572957115ac209f07c7805a04adc,15,ce5d95544a095d12f3a94473e04ccab55002b524452e073c9d463fb6eb1f422c,0.016977638006210327
persona.low_e_high_n.v2.seed-2006.neutral,2006,neutral,persona.low_e_high_n.v2,low_e_high_n,v2,complete_five_failures,1,unsuccessful,valid_feedback,filler.neutral.1,20746705984210227,10000,9582c82c0e979ad4740159fd2ec5d74526aeb48ac07bda14b2745a25206ae9f4,3048,8d8a406c2701498bf0a5134fc8d3d2dd3838c787cab23a0c65e571fa2681a630,0.0048037744127213955
persona.low_e_high_n.v2.seed-2006.neutral,2006,neutral,persona.low_e_high_n.v2,low_e_high_n,v2,complete_five_failures,2,unsuccessful,valid_feedback,filler.neutral.2,7186787635236517948,3048,8d8a406c2701498bf0a5134fc8d3d2dd3838c787cab23a0c65e571fa2681a630,768,fc8d58a9e3d1f8e19ada2eb0935f356d1fd043e3c6223147b6eb63ab52c33d06,0.0162656307220459
persona.low_e_high_n.v2.seed-2006.neutral,2006,neutral,persona.low_e_high_n.v2,low_e_high_n,v2,complete_five_failures,3,unsuccessful,valid_feedback,filler.neutral.3,2633872377281840482,768,fc8d58a9e3d1f8e19ada2eb0935f356d1fd043e3c6223147b6eb63ab52c33d06,206,3701c51eacc8da4a43acc7def8b9efc78019c15d870b2f7a0f276ba681e765c0,0.013518917374312878
persona.low_e_high_n.v2.seed-2006.neutral,2006,neutral,persona.low_e_high_n.v2,low_e_high_n,v2,complete_five_failures,4,unsuccessful,valid_feedback,filler.neutral.4,7338954399356967658,206,3701c51eacc8da4a43acc7def8b9efc78019c15d870b2f7a0f276ba681e765c0,55,04a95813d7014d7950fe157a956d4387a292572957115ac209f07c7805a04adc,0.01097269356250763
persona.low_e_high_n.v2.seed-2006.neutral,2006,neutral,persona.low_e_high_n.v2,low_e_high_n,v2,complete_five_failures,5,unsuccessful,valid_feedback,filler.neutral.5,9132968224681273883,55,04a95813d7014d7950fe157a956d4387a292572957115ac209f07c7805a04adc,15,ce5d95544a095d12f3a94473e04ccab55002b524452e073c9d463fb6eb1f422c,0.013574251905083656
persona.low_e_high_n.v2.seed-2007.feedback_only,2007,feedback_only,persona.low_e_high_n.v2,low_e_high_n,v2,complete_five_failures,1,unsuccessful,valid_feedback,,5495818002014909466,10000,9582c82c0e979ad4740159fd2ec5d74526aeb48ac07bda14b2745a25206ae9f4,3048,8d8a406c2701498bf0a5134fc8d3d2dd3838c787cab23a0c65e571fa2681a630,0.006413874216377735
persona.low_e_high_n.v2.seed-2007.feedback_only,2007,feedback_only,persona.low_e_high_n.v2,low_e_high_n,v2,complete_five_failures,2,unsuccessful,valid_feedback,,7092970346930268185,3048,8d8a406c2701498bf0a5134fc8d3d2dd3838c787cab23a0c65e571fa2681a630,768,fc8d58a9e3d1f8e19ada2eb0935f356d1fd043e3c6223147b6eb63ab52c33d06,0.016607310622930527
persona.low_e_high_n.v2.seed-2007.feedback_only,2007,feedback_only,persona.low_e_high_n.v2,low_e_high_n,v2,complete_five_failures,3,unsuccessful,valid_feedback,,4413334138324627702,768,fc8d58a9e3d1f8e19ada2eb0935f356d1fd043e3c6223147b6eb63ab52c33d06,206,3701c51eacc8da4a43acc7def8b9efc78019c15d870b2f7a0f276ba681e765c0,0.015463076531887054
persona.low_e_high_n.v2.seed-2007.feedback_only,2007,feedback_only,persona.low_e_high_n.v2,low_e_high_n,v2,complete_five_failures,4,unsuccessful,valid_feedback,,7609396874926615527,206,3701c51eacc8da4a43acc7def8b9efc78019c15d870b2f7a0f276ba681e765c0,55,04a95813d7014d7950fe157a956d4387a292572957115ac209f07c7805a04adc,0.012051375582814217
persona.low_e_high_n.v2.seed-2007.feedback_only,2007,feedback_only,persona.low_e_high_n.v2,low_e_high_n,v2,complete_five_failures,5,unsuccessful,valid_feedback,,1032535146999642755,55,04a95813d7014d7950fe157a956d4387a292572957115ac209f07c7805a04adc,15,ce5d95544a095d12f3a94473e04ccab55002b524452e073c9d463fb6eb1f422c,0.015418554656207561
persona.low_e_high_n.v2.seed-2007.supportive,2007,supportive,persona.low_e_high_n.v2,low_e_high_n,v2,complete_five_failures,1,unsuccessful,valid_feedback,filler.supportive.1,5495818002014909466,10000,9582c82c0e979ad4740159fd2ec5d74526aeb48ac07bda14b2745a25206ae9f4,3048,8d8a406c2701498bf0a5134fc8d3d2dd3838c787cab23a0c65e571fa2681a630,0.004769381135702133
persona.low_e_high_n.v2.seed-2007.supportive,2007,supportive,persona.low_e_high_n.v2,low_e_high_n,v2,complete_five_failures,2,unsuccessful,valid_feedback,filler.supportive.2,7092970346930268185,3048,8d8a406c2701498bf0a5134fc8d3d2dd3838c787cab23a0c65e571fa2681a630,768,fc8d58a9e3d1f8e19ada2eb0935f356d1fd043e3c6223147b6eb63ab52c33d06,0.017201216891407967
persona.low_e_high_n.v2.seed-2007.supportive,2007,supportive,persona.low_e_high_n.v2,low_e_high_n,v2,complete_five_failures,3,unsuccessful,valid_feedback,filler.supportive.3,4413334138324627702,768,fc8d58a9e3d1f8e19ada2eb0935f356d1fd043e3c6223147b6eb63ab52c33d06,206,3701c51eacc8da4a43acc7def8b9efc78019c15d870b2f7a0f276ba681e765c0,0.01633201353251934
persona.low_e_high_n.v2.seed-2007.supportive,2007,supportive,persona.low_e_high_n.v2,low_e_high_n,v2,complete_five_failures,4,unsuccessful,valid_feedback,filler.supportive.4,7609396874926615527,206,3701c51eacc8da4a43acc7def8b9efc78019c15d870b2f7a0f276ba681e765c0,55,04a95813d7014d7950fe157a956d4387a292572957115ac209f07c7805a04adc,0.015156465582549572
persona.low_e_high_n.v2.seed-2007.supportive,2007,supportive,persona.low_e_high_n.v2,low_e_high_n,v2,complete_five_failures,5,unsuccessful,valid_feedback,filler.supportive.5,1032535146999642755,55,04a95813d7014d7950fe157a956d4387a292572957115ac209f07c7805a04adc,15,ce5d95544a095d12f3a94473e04ccab55002b524452e073c9d463fb6eb1f422c,0.016977638006210327
persona.low_e_high_n.v2.seed-2007.neutral,2007,neutral,persona.low_e_high_n.v2,low_e_high_n,v2,complete_five_failures,1,unsuccessful,valid_feedback,filler.neutral.1,5495818002014909466,10000,9582c82c0e979ad4740159fd2ec5d74526aeb48ac07bda14b2745a25206ae9f4,3048,8d8a406c2701498bf0a5134fc8d3d2dd3838c787cab23a0c65e571fa2681a630,0.0048037744127213955
persona.low_e_high_n.v2.seed-2007.neutral,2007,neutral,persona.low_e_high_n.v2,low_e_high_n,v2,complete_five_failures,2,unsuccessful,valid_feedback,filler.neutral.2,7092970346930268185,3048,8d8a406c2701498bf0a5134fc8d3d2dd3838c787cab23a0c65e571fa2681a630,768,fc8d58a9e3d1f8e19ada2eb0935f356d1fd043e3c6223147b6eb63ab52c33d06,0.0162656307220459
persona.low_e_high_n.v2.seed-2007.neutral,2007,neutral,persona.low_e_high_n.v2,low_e_high_n,v2,complete_five_failures,3,unsuccessful,valid_feedback,filler.neutral.3,4413334138324627702,768,fc8d58a9e3d1f8e19ada2eb0935f356d1fd043e3c6223147b6eb63ab52c33d06,206,3701c51eacc8da4a43acc7def8b9efc78019c15d870b2f7a0f276ba681e765c0,0.013518917374312878
persona.low_e_high_n.v2.seed-2007.neutral,2007,neutral,persona.low_e_high_n.v2,low_e_high_n,v2,complete_five_failures,4,unsuccessful,valid_feedback,filler.neutral.4,7609396874926615527,206,3701c51eacc8da4a43acc7def8b9efc78019c15d870b2f7a0f276ba681e765c0,55,04a95813d7014d7950fe157a956d4387a292572957115ac209f07c7805a04adc,0.01097269356250763
persona.low_e_high_n.v2.seed-2007.neutral,2007,neutral,persona.low_e_high_n.v2,low_e_high_n,v2,complete_five_failures,5,unsuccessful,valid_feedback,filler.neutral.5,1032535146999642755,55,04a95813d7014d7950fe157a956d4387a292572957115ac209f07c7805a04adc,15,ce5d95544a095d12f3a94473e04ccab55002b524452e073c9d463fb6eb1f422c,0.013574251905083656
persona.low_e_high_n.v2.seed-2008.feedback_only,2008,feedback_only,persona.low_e_high_n.v2,low_e_high_n,v2,complete_five_failures,1,unsuccessful,valid_feedback,,8344175065288078558,10000,9582c82c0e979ad4740159fd2ec5d74526aeb48ac07bda14b2745a25206ae9f4,3048,8d8a406c2701498bf0a5134fc8d3d2dd3838c787cab23a0c65e571fa2681a630,0.006413874216377735
persona.low_e_high_n.v2.seed-2008.feedback_only,2008,feedback_only,persona.low_e_high_n.v2,low_e_high_n,v2,complete_five_failures,2,unsuccessful,valid_feedback,,1764828235997338309,3048,8d8a406c2701498bf0a5134fc8d3d2dd3838c787cab23a0c65e571fa2681a630,768,fc8d58a9e3d1f8e19ada2eb0935f356d1fd043e3c6223147b6eb63ab52c33d06,0.016607310622930527
persona.low_e_high_n.v2.seed-2008.feedback_only,2008,feedback_only,persona.low_e_high_n.v2,low_e_high_n,v2,complete_five_failures,3,unsuccessful,valid_feedback,,1186103364016962603,768,fc8d58a9e3d1f8e19ada2eb0935f356d1fd043e3c6223147b6eb63ab52c33d06,206,3701c51eacc8da4a43acc7def8b9efc78019c15d870b2f7a0f276ba681e765c0,0.015463076531887054
persona.low_e_high_n.v2.seed-2008.feedback_only,2008,feedback_only,persona.low_e_high_n.v2,low_e_high_n,v2,complete_five_failures,4,unsuccessful,valid_feedback,,1157719167337881160,206,3701c51eacc8da4a43acc7def8b9efc78019c15d870b2f7a0f276ba681e765c0,55,04a95813d7014d7950fe157a956d4387a292572957115ac209f07c7805a04adc,0.012051375582814217
persona.low_e_high_n.v2.seed-2008.feedback_only,2008,feedback_only,persona.low_e_high_n.v2,low_e_high_n,v2,complete_five_failures,5,unsuccessful,valid_feedback,,6714476192934985326,55,04a95813d7014d7950fe157a956d4387a292572957115ac209f07c7805a04adc,15,ce5d95544a095d12f3a94473e04ccab55002b524452e073c9d463fb6eb1f422c,0.015418554656207561
persona.low_e_high_n.v2.seed-2008.supportive,2008,supportive,persona.low_e_high_n.v2,low_e_high_n,v2,complete_five_failures,1,unsuccessful,valid_feedback,filler.supportive.1,8344175065288078558,10000,9582c82c0e979ad4740159fd2ec5d74526aeb48ac07bda14b2745a25206ae9f4,3048,8d8a406c2701498bf0a5134fc8d3d2dd3838c787cab23a0c65e571fa2681a630,0.004769381135702133
persona.low_e_high_n.v2.seed-2008.supportive,2008,supportive,persona.low_e_high_n.v2,low_e_high_n,v2,complete_five_failures,2,unsuccessful,valid_feedback,filler.supportive.2,1764828235997338309,3048,8d8a406c2701498bf0a5134fc8d3d2dd3838c787cab23a0c65e571fa2681a630,768,fc8d58a9e3d1f8e19ada2eb0935f356d1fd043e3c6223147b6eb63ab52c33d06,0.017201216891407967
persona.low_e_high_n.v2.seed-2008.supportive,2008,supportive,persona.low_e_high_n.v2,low_e_high_n,v2,complete_five_failures,3,unsuccessful,valid_feedback,filler.supportive.3,1186103364016962603,768,fc8d58a9e3d1f8e19ada2eb0935f356d1fd043e3c6223147b6eb63ab52c33d06,206,3701c51eacc8da4a43acc7def8b9efc78019c15d870b2f7a0f276ba681e765c0,0.01633201353251934
persona.low_e_high_n.v2.seed-2008.supportive,2008,supportive,persona.low_e_high_n.v2,low_e_high_n,v2,complete_five_failures,4,unsuccessful,valid_feedback,filler.supportive.4,1157719167337881160,206,3701c51eacc8da4a43acc7def8b9efc78019c15d870b2f7a0f276ba681e765c0,55,04a95813d7014d7950fe157a956d4387a292572957115ac209f07c7805a04adc,0.015156465582549572
persona.low_e_high_n.v2.seed-2008.supportive,2008,supportive,persona.low_e_high_n.v2,low_e_high_n,v2,complete_five_failures,5,unsuccessful,valid_feedback,filler.supportive.5,6714476192934985326,55,04a95813d7014d7950fe157a956d4387a292572957115ac209f07c7805a04adc,15,ce5d95544a095d12f3a94473e04ccab55002b524452e073c9d463fb6eb1f422c,0.016977638006210327
persona.low_e_high_n.v2.seed-2008.neutral,2008,neutral,persona.low_e_high_n.v2,low_e_high_n,v2,complete_five_failures,1,unsuccessful,valid_feedback,filler.neutral.1,8344175065288078558,10000,9582c82c0e979ad4740159fd2ec5d74526aeb48ac07bda14b2745a25206ae9f4,3048,8d8a406c2701498bf0a5134fc8d3d2dd3838c787cab23a0c65e571fa2681a630,0.0048037744127213955
persona.low_e_high_n.v2.seed-2008.neutral,2008,neutral,persona.low_e_high_n.v2,low_e_high_n,v2,complete_five_failures,2,unsuccessful,valid_feedback,filler.neutral.2,1764828235997338309,3048,8d8a406c2701498bf0a5134fc8d3d2dd3838c787cab23a0c65e571fa2681a630,768,fc8d58a9e3d1f8e19ada2eb0935f356d1fd043e3c6223147b6eb63ab52c33d06,0.0162656307220459
persona.low_e_high_n.v2.seed-2008.neutral,2008,neutral,persona.low_e_high_n.v2,low_e_high_n,v2,complete_five_failures,3,unsuccessful,valid_feedback,filler.neutral.3,1186103364016962603,768,fc8d58a9e3d1f8e19ada2eb0935f356d1fd043e3c6223147b6eb63ab52c33d06,206,3701c51eacc8da4a43acc7def8b9efc78019c15d870b2f7a0f276ba681e765c0,0.013518917374312878
persona.low_e_high_n.v2.seed-2008.neutral,2008,neutral,persona.low_e_high_n.v2,low_e_high_n,v2,complete_five_failures,4,unsuccessful,valid_feedback,filler.neutral.4,1157719167337881160,206,3701c51eacc8da4a43acc7def8b9efc78019c15d870b2f7a0f276ba681e765c0,55,04a95813d7014d7950fe157a956d4387a292572957115ac209f07c7805a04adc,0.01097269356250763
persona.low_e_high_n.v2.seed-2008.neutral,2008,neutral,persona.low_e_high_n.v2,low_e_high_n,v2,complete_five_failures,5,unsuccessful,valid_feedback,filler.neutral.5,6714476192934985326,55,04a95813d7014d7950fe157a956d4387a292572957115ac209f07c7805a04adc,15,ce5d95544a095d12f3a94473e04ccab55002b524452e073c9d463fb6eb1f422c,0.013574251905083656
persona.low_e_high_n.v2.seed-2009.feedback_only,2009,feedback_only,persona.low_e_high_n.v2,low_e_high_n,v2,complete_five_failures,1,unsuccessful,valid_feedback,,1260204083383722554,10000,9582c82c0e979ad4740159fd2ec5d74526aeb48ac07bda14b2745a25206ae9f4,3048,8d8a406c2701498bf0a5134fc8d3d2dd3838c787cab23a0c65e571fa2681a630,0.006413874216377735
persona.low_e_high_n.v2.seed-2009.feedback_only,2009,feedback_only,persona.low_e_high_n.v2,low_e_high_n,v2,complete_five_failures,2,unsuccessful,valid_feedback,,8078703204154141548,3048,8d8a406c2701498bf0a5134fc8d3d2dd3838c787cab23a0c65e571fa2681a630,768,fc8d58a9e3d1f8e19ada2eb0935f356d1fd043e3c6223147b6eb63ab52c33d06,0.016607310622930527
persona.low_e_high_n.v2.seed-2009.feedback_only,2009,feedback_only,persona.low_e_high_n.v2,low_e_high_n,v2,complete_five_failures,3,unsuccessful,valid_feedback,,4408837213815512884,768,fc8d58a9e3d1f8e19ada2eb0935f356d1fd043e3c6223147b6eb63ab52c33d06,206,3701c51eacc8da4a43acc7def8b9efc78019c15d870b2f7a0f276ba681e765c0,0.015463076531887054
persona.low_e_high_n.v2.seed-2009.feedback_only,2009,feedback_only,persona.low_e_high_n.v2,low_e_high_n,v2,complete_five_failures,4,unsuccessful,valid_feedback,,5665391256835248990,206,3701c51eacc8da4a43acc7def8b9efc78019c15d870b2f7a0f276ba681e765c0,55,04a95813d7014d7950fe157a956d4387a292572957115ac209f07c7805a04adc,0.012051375582814217
persona.low_e_high_n.v2.seed-2009.feedback_only,2009,feedback_only,persona.low_e_high_n.v2,low_e_high_n,v2,complete_five_failures,5,unsuccessful,valid_feedback,,9128014439954229688,55,04a95813d7014d7950fe157a956d4387a292572957115ac209f07c7805a04adc,16,c4381b23c6bfad65ec6363bfce625f0aee93467eaa2c1d60c80ffbff1be04bda,0.011691376566886902
persona.low_e_high_n.v2.seed-2009.supportive,2009,supportive,persona.low_e_high_n.v2,low_e_high_n,v2,complete_five_failures,1,unsuccessful,valid_feedback,filler.supportive.1,1260204083383722554,10000,9582c82c0e979ad4740159fd2ec5d74526aeb48ac07bda14b2745a25206ae9f4,3048,8d8a406c2701498bf0a5134fc8d3d2dd3838c787cab23a0c65e571fa2681a630,0.004769381135702133
persona.low_e_high_n.v2.seed-2009.supportive,2009,supportive,persona.low_e_high_n.v2,low_e_high_n,v2,complete_five_failures,2,unsuccessful,valid_feedback,filler.supportive.2,8078703204154141548,3048,8d8a406c2701498bf0a5134fc8d3d2dd3838c787cab23a0c65e571fa2681a630,768,fc8d58a9e3d1f8e19ada2eb0935f356d1fd043e3c6223147b6eb63ab52c33d06,0.017201216891407967
persona.low_e_high_n.v2.seed-2009.supportive,2009,supportive,persona.low_e_high_n.v2,low_e_high_n,v2,complete_five_failures,3,unsuccessful,valid_feedback,filler.supportive.3,4408837213815512884,768,fc8d58a9e3d1f8e19ada2eb0935f356d1fd043e3c6223147b6eb63ab52c33d06,206,3701c51eacc8da4a43acc7def8b9efc78019c15d870b2f7a0f276ba681e765c0,0.01633201353251934
persona.low_e_high_n.v2.seed-2009.supportive,2009,supportive,persona.low_e_high_n.v2,low_e_high_n,v2,complete_five_failures,4,unsuccessful,valid_feedback,filler.supportive.4,5665391256835248990,206,3701c51eacc8da4a43acc7def8b9efc78019c15d870b2f7a0f276ba681e765c0,55,04a95813d7014d7950fe157a956d4387a292572957115ac209f07c7805a04adc,0.015156465582549572
persona.low_e_high_n.v2.seed-2009.supportive,2009,supportive,persona.low_e_high_n.v2,low_e_high_n,v2,complete_five_failures,5,unsuccessful,valid_feedback,filler.supportive.5,9128014439954229688,55,04a95813d7014d7950fe157a956d4387a292572957115ac209f07c7805a04adc,16,c4381b23c6bfad65ec6363bfce625f0aee93467eaa2c1d60c80ffbff1be04bda,0.014018917456269264
persona.low_e_high_n.v2.seed-2009.neutral,2009,neutral,persona.low_e_high_n.v2,low_e_high_n,v2,complete_five_failures,1,unsuccessful,valid_feedback,filler.neutral.1,1260204083383722554,10000,9582c82c0e979ad4740159fd2ec5d74526aeb48ac07bda14b2745a25206ae9f4,3048,8d8a406c2701498bf0a5134fc8d3d2dd3838c787cab23a0c65e571fa2681a630,0.0048037744127213955
persona.low_e_high_n.v2.seed-2009.neutral,2009,neutral,persona.low_e_high_n.v2,low_e_high_n,v2,complete_five_failures,2,unsuccessful,valid_feedback,filler.neutral.2,8078703204154141548,3048,8d8a406c2701498bf0a5134fc8d3d2dd3838c787cab23a0c65e571fa2681a630,768,fc8d58a9e3d1f8e19ada2eb0935f356d1fd043e3c6223147b6eb63ab52c33d06,0.0162656307220459
persona.low_e_high_n.v2.seed-2009.neutral,2009,neutral,persona.low_e_high_n.v2,low_e_high_n,v2,complete_five_failures,3,unsuccessful,valid_feedback,filler.neutral.3,4408837213815512884,768,fc8d58a9e3d1f8e19ada2eb0935f356d1fd043e3c6223147b6eb63ab52c33d06,206,3701c51eacc8da4a43acc7def8b9efc78019c15d870b2f7a0f276ba681e765c0,0.013518917374312878
persona.low_e_high_n.v2.seed-2009.neutral,2009,neutral,persona.low_e_high_n.v2,low_e_high_n,v2,complete_five_failures,4,unsuccessful,valid_feedback,filler.neutral.4,5665391256835248990,206,3701c51eacc8da4a43acc7def8b9efc78019c15d870b2f7a0f276ba681e765c0,55,04a95813d7014d7950fe157a956d4387a292572957115ac209f07c7805a04adc,0.01097269356250763
persona.low_e_high_n.v2.seed-2009.neutral,2009,neutral,persona.low_e_high_n.v2,low_e_high_n,v2,complete_five_failures,5,unsuccessful,valid_feedback,filler.neutral.5,9128014439954229688,55,04a95813d7014d7950fe157a956d4387a292572957115ac209f07c7805a04adc,16,c4381b23c6bfad65ec6363bfce625f0aee93467eaa2c1d60c80ffbff1be04bda,0.01031054463237524
persona.low_e_high_n.v2.seed-2010.feedback_only,2010,feedback_only,persona.low_e_high_n.v2,low_e_high_n,v2,complete_five_failures,1,unsuccessful,valid_feedback,,3469795497683125335,10000,9582c82c0e979ad4740159fd2ec5d74526aeb48ac07bda14b2745a25206ae9f4,3048,8d8a406c2701498bf0a5134fc8d3d2dd3838c787cab23a0c65e571fa2681a630,0.006413874216377735
persona.low_e_high_n.v2.seed-2010.feedback_only,2010,feedback_only,persona.low_e_high_n.v2,low_e_high_n,v2,complete_five_failures,2,unsuccessful,valid_feedback,,7502407488306205158,3048,8d8a406c2701498bf0a5134fc8d3d2dd3838c787cab23a0c65e571fa2681a630,768,fc8d58a9e3d1f8e19ada2eb0935f356d1fd043e3c6223147b6eb63ab52c33d06,0.016607310622930527
persona.low_e_high_n.v2.seed-2010.feedback_only,2010,feedback_only,persona.low_e_high_n.v2,low_e_high_n,v2,complete_five_failures,3,unsuccessful,valid_feedback,,7505458095384574504,768,fc8d58a9e3d1f8e19ada2eb0935f356d1fd043e3c6223147b6eb63ab52c33d06,206,3701c51eacc8da4a43acc7def8b9efc78019c15d870b2f7a0f276ba681e765c0,0.015463076531887054
persona.low_e_high_n.v2.seed-2010.feedback_only,2010,feedback_only,persona.low_e_high_n.v2,low_e_high_n,v2,complete_five_failures,4,unsuccessful,valid_feedback,,8890796447059342011,206,3701c51eacc8da4a43acc7def8b9efc78019c15d870b2f7a0f276ba681e765c0,55,04a95813d7014d7950fe157a956d4387a292572957115ac209f07c7805a04adc,0.012051375582814217
persona.low_e_high_n.v2.seed-2010.feedback_only,2010,feedback_only,persona.low_e_high_n.v2,low_e_high_n,v2,complete_five_failures,5,unsuccessful,valid_feedback,,2061649511049620242,55,04a95813d7014d7950fe157a956d4387a292572957115ac209f07c7805a04adc,15,ce5d95544a095d12f3a94473e04ccab55002b524452e073c9d463fb6eb1f422c,0.015418554656207561
persona.low_e_high_n.v2.seed-2010.supportive,2010,supportive,persona.low_e_high_n.v2,low_e_high_n,v2,complete_five_failures,1,unsuccessful,valid_feedback,filler.supportive.1,3469795497683125335,10000,9582c82c0e979ad4740159fd2ec5d74526aeb48ac07bda14b2745a25206ae9f4,3048,8d8a406c2701498bf0a5134fc8d3d2dd3838c787cab23a0c65e571fa2681a630,0.004769381135702133
persona.low_e_high_n.v2.seed-2010.supportive,2010,supportive,persona.low_e_high_n.v2,low_e_high_n,v2,complete_five_failures,2,unsuccessful,valid_feedback,filler.supportive.2,7502407488306205158,3048,8d8a406c2701498bf0a5134fc8d3d2dd3838c787cab23a0c65e571fa2681a630,768,fc8d58a9e3d1f8e19ada2eb0935f356d1fd043e3c6223147b6eb63ab52c33d06,0.017201216891407967
persona.low_e_high_n.v2.seed-2010.supportive,2010,supportive,persona.low_e_high_n.v2,low_e_high_n,v2,complete_five_failures,3,unsuccessful,valid_feedback,filler.supportive.3,7505458095384574504,768,fc8d58a9e3d1f8e19ada2eb0935f356d1fd043e3c6223147b6eb63ab52c33d06,206,3701c51eacc8da4a43acc7def8b9efc78019c15d870b2f7a0f276ba681e765c0,0.01633201353251934
persona.low_e_high_n.v2.seed-2010.supportive,2010,supportive,persona.low_e_high_n.v2,low_e_high_n,v2,complete_five_failures,4,unsuccessful,valid_feedback,filler.supportive.4,8890796447059342011,206,3701c51eacc8da4a43acc7def8b9efc78019c15d870b2f7a0f276ba681e765c0,55,04a95813d7014d7950fe157a956d4387a292572957115ac209f07c7805a04adc,0.015156465582549572
persona.low_e_high_n.v2.seed-2010.supportive,2010,supportive,persona.low_e_high_n.v2,low_e_high_n,v2,complete_five_failures,5,unsuccessful,valid_feedback,filler.supportive.5,2061649511049620242,55,04a95813d7014d7950fe157a956d4387a292572957115ac209f07c7805a04adc,15,ce5d95544a095d12f3a94473e04ccab55002b524452e073c9d463fb6eb1f422c,0.016977638006210327
persona.low_e_high_n.v2.seed-2010.neutral,2010,neutral,persona.low_e_high_n.v2,low_e_high_n,v2,complete_five_failures,1,unsuccessful,valid_feedback,filler.neutral.1,3469795497683125335,10000,9582c82c0e979ad4740159fd2ec5d74526aeb48ac07bda14b2745a25206ae9f4,3048,8d8a406c2701498bf0a5134fc8d3d2dd3838c787cab23a0c65e571fa2681a630,0.0048037744127213955
persona.low_e_high_n.v2.seed-2010.neutral,2010,neutral,persona.low_e_high_n.v2,low_e_high_n,v2,complete_five_failures,2,unsuccessful,valid_feedback,filler.neutral.2,7502407488306205158,3048,8d8a406c2701498bf0a5134fc8d3d2dd3838c787cab23a0c65e571fa2681a630,768,fc8d58a9e3d1f8e19ada2eb0935f356d1fd043e3c6223147b6eb63ab52c33d06,0.0162656307220459
persona.low_e_high_n.v2.seed-2010.neutral,2010,neutral,persona.low_e_high_n.v2,low_e_high_n,v2,complete_five_failures,3,unsuccessful,valid_feedback,filler.neutral.3,7505458095384574504,768,fc8d58a9e3d1f8e19ada2eb0935f356d1fd043e3c6223147b6eb63ab52c33d06,206,3701c51eacc8da4a43acc7def8b9efc78019c15d870b2f7a0f276ba681e765c0,0.013518917374312878
persona.low_e_high_n.v2.seed-2010.neutral,2010,neutral,persona.low_e_high_n.v2,low_e_high_n,v2,complete_five_failures,4,unsuccessful,valid_feedback,filler.neutral.4,8890796447059342011,206,3701c51eacc8da4a43acc7def8b9efc78019c15d870b2f7a0f276ba681e765c0,55,04a95813d7014d7950fe157a956d4387a292572957115ac209f07c7805a04adc,0.01097269356250763
persona.low_e_high_n.v2.seed-2010.neutral,2010,neutral,persona.low_e_high_n.v2,low_e_high_n,v2,complete_five_failures,5,unsuccessful,valid_feedback,filler.neutral.5,2061649511049620242,55,04a95813d7014d7950fe157a956d4387a292572957115ac209f07c7805a04adc,15,ce5d95544a095d12f3a94473e04ccab55002b524452e073c9d463fb6eb1f422c,0.013574251905083656
persona.low_e_high_n.v3.seed-2001.feedback_only,2001,feedback_only,persona.low_e_high_n.v3,low_e_high_n,v3,complete_five_failures,1,unsuccessful,valid_feedback,,4469567771656788920,10000,9582c82c0e979ad4740159fd2ec5d74526aeb48ac07bda14b2745a25206ae9f4,3048,8d8a406c2701498bf0a5134fc8d3d2dd3838c787cab23a0c65e571fa2681a630,0.007336744107306004
persona.low_e_high_n.v3.seed-2001.feedback_only,2001,feedback_only,persona.low_e_high_n.v3,low_e_high_n,v3,complete_five_failures,2,unsuccessful,valid_feedback,,462000147538888414,3048,8d8a406c2701498bf0a5134fc8d3d2dd3838c787cab23a0c65e571fa2681a630,768,fc8d58a9e3d1f8e19ada2eb0935f356d1fd043e3c6223147b6eb63ab52c33d06,0.017542464658617973
persona.low_e_high_n.v3.seed-2001.feedback_only,2001,feedback_only,persona.low_e_high_n.v3,low_e_high_n,v3,complete_five_failures,3,unsuccessful,valid_feedback,,7203904594921472573,768,fc8d58a9e3d1f8e19ada2eb0935f356d1fd043e3c6223147b6eb63ab52c33d06,206,3701c51eacc8da4a43acc7def8b9efc78019c15d870b2f7a0f276ba681e765c0,0.016225507482886314
persona.low_e_high_n.v3.seed-2001.feedback_only,2001,feedback_only,persona.low_e_high_n.v3,low_e_high_n,v3,complete_five_failures,4,unsuccessful,valid_feedback,,7493285141810551950,206,3701c51eacc8da4a43acc7def8b9efc78019c15d870b2f7a0f276ba681e765c0,55,04a95813d7014d7950fe157a956d4387a292572957115ac209f07c7805a04adc,0.013180593028664589
persona.low_e_high_n.v3.seed-2001.feedback_only,2001,feedback_only,persona.low_e_high_n.v3,low_e_high_n,v3,complete_five_failures,5,unsuccessful,valid_feedback,,1845676750874802399,55,04a95813d7014d7950fe157a956d4387a292572957115ac209f07c7805a04adc,15,ce5d95544a095d12f3a94473e04ccab55002b524452e073c9d463fb6eb1f422c,0.016807278618216515
persona.low_e_high_n.v3.seed-2001.supportive,2001,supportive,persona.low_e_high_n.v3,low_e_high_n,v3,complete_five_failures,1,unsuccessful,valid_feedback,filler.supportive.1,4469567771656788920,10000,9582c82c0e979ad4740159fd2ec5d74526aeb48ac07bda14b2745a25206ae9f4,3048,8d8a406c2701498bf0a5134fc8d3d2dd3838c787cab23a0c65e571fa2681a630,0.005683190189301968
persona.low_e_high_n.v3.seed-2001.supportive,2001,supportive,persona.low_e_high_n.v3,low_e_high_n,v3,complete_five_failures,2,unsuccessful,valid_feedback,filler.supportive.2,462000147538888414,3048,8d8a406c2701498bf0a5134fc8d3d2dd3838c787cab23a0c65e571fa2681a630,768,fc8d58a9e3d1f8e19ada2eb0935f356d1fd043e3c6223147b6eb63ab52c33d06,0.01803065650165081
persona.low_e_high_n.v3.seed-2001.supportive,2001,supportive,persona.low_e_high_n.v3,low_e_high_n,v3,complete_five_failures,3,unsuccessful,valid_feedback,filler.supportive.3,7203904594921472573,768,fc8d58a9e3d1f8e19ada2eb0935f356d1fd043e3c6223147b6eb63ab52c33d06,206,3701c51eacc8da4a43acc7def8b9efc78019c15d870b2f7a0f276ba681e765c0,0.01724560372531414
persona.low_e_high_n.v3.seed-2001.supportive,2001,supportive,persona.low_e_high_n.v3,low_e_high_n,v3,complete_five_failures,4,unsuccessful,valid_feedback,filler.supportive.4,7493285141810551950,206,3701c51eacc8da4a43acc7def8b9efc78019c15d870b2f7a0f276ba681e765c0,55,04a95813d7014d7950fe157a956d4387a292572957115ac209f07c7805a04adc,0.016238778829574585
persona.low_e_high_n.v3.seed-2001.supportive,2001,supportive,persona.low_e_high_n.v3,low_e_high_n,v3,complete_five_failures,5,unsuccessful,valid_feedback,filler.supportive.5,1845676750874802399,55,04a95813d7014d7950fe157a956d4387a292572957115ac209f07c7805a04adc,15,ce5d95544a095d12f3a94473e04ccab55002b524452e073c9d463fb6eb1f422c,0.018649442121386528
persona.low_e_high_n.v3.seed-2001.neutral,2001,neutral,persona.low_e_high_n.v3,low_e_high_n,v3,complete_five_failures,1,unsuccessful,valid_feedback,filler.neutral.1,4469567771656788920,10000,9582c82c0e979ad4740159fd2ec5d74526aeb48ac07bda14b2745a25206ae9f4,3048,8d8a406c2701498bf0a5134fc8d3d2dd3838c787cab23a0c65e571fa2681a630,0.005532132461667061
persona.low_e_high_n.v3.seed-2001.neutral,2001,neutral,persona.low_e_high_n.v3,low_e_high_n,v3,complete_five_failures,2,unsuccessful,valid_feedback,filler.neutral.2,462000147538888414,3048,8d8a406c2701498bf0a5134fc8d3d2dd3838c787cab23a0c65e571fa2681a630,768,fc8d58a9e3d1f8e19ada2eb0935f356d1fd043e3c6223147b6eb63ab52c33d06,0.017321500927209854
persona.low_e_high_n.v3.seed-2001.neutral,2001,neutral,persona.low_e_high_n.v3,low_e_high_n,v3,complete_five_failures,3,unsuccessful,valid_feedback,filler.neutral.3,7203904594921472573,768,fc8d58a9e3d1f8e19ada2eb0935f356d1fd043e3c6223147b6eb63ab52c33d06,206,3701c51eacc8da4a43acc7def8b9efc78019c15d870b2f7a0f276ba681e765c0,0.014590239152312279
persona.low_e_high_n.v3.seed-2001.neutral,2001,neutral,persona.low_e_high_n.v3,low_e_high_n,v3,complete_five_failures,4,unsuccessful,valid_feedback,filler.neutral.4,7493285141810551950,206,3701c51eacc8da4a43acc7def8b9efc78019c15d870b2f7a0f276ba681e765c0,55,04a95813d7014d7950fe157a956d4387a292572957115ac209f07c7805a04adc,0.011992529034614563
persona.low_e_high_n.v3.seed-2001.neutral,2001,neutral,persona.low_e_high_n.v3,low_e_high_n,v3,complete_five_failures,5,unsuccessful,valid_feedback,filler.neutral.5,1845676750874802399,55,04a95813d7014d7950fe157a956d4387a292572957115ac209f07c7805a04adc,15,ce5d95544a095d12f3a94473e04ccab55002b524452e073c9d463fb6eb1f422c,0.015260268934071064
persona.low_e_high_n.v3.seed-2002.feedback_only,2002,feedback_only,persona.low_e_high_n.v3,low_e_high_n,v3,complete_five_failures,1,unsuccessful,valid_feedback,,1362916748984622560,10000,9582c82c0e979ad4740159fd2ec5d74526aeb48ac07bda14b2745a25206ae9f4,3048,c276bf3530cc8d3ce2b1ddb7f6cbf168184316c3a9894881b55d5b73f476cc0f,0.009343074634671211
persona.low_e_high_n.v3.seed-2002.feedback_only,2002,feedback_only,persona.low_e_high_n.v3,low_e_high_n,v3,complete_five_failures,2,unsuccessful,valid_feedback,,650953833576476763,3048,c276bf3530cc8d3ce2b1ddb7f6cbf168184316c3a9894881b55d5b73f476cc0f,886,0d3daa2ca8d34575596ff98fbf16fdc66fdcf7a2b2d6aaec69967d78b459ac5a,0.018157172948122025
persona.low_e_high_n.v3.seed-2002.feedback_only,2002,feedback_only,persona.low_e_high_n.v3,low_e_high_n,v3,complete_five_failures,3,invalid,invalid_guess,,2885332770678600905,886,0d3daa2ca8d34575596ff98fbf16fdc66fdcf7a2b2d6aaec69967d78b459ac5a,886,0d3daa2ca8d34575596ff98fbf16fdc66fdcf7a2b2d6aaec69967d78b459ac5a,0.020030446350574493
persona.low_e_high_n.v3.seed-2002.feedback_only,2002,feedback_only,persona.low_e_high_n.v3,low_e_high_n,v3,complete_five_failures,4,unsuccessful,valid_feedback,,3768721403253947093,886,0d3daa2ca8d34575596ff98fbf16fdc66fdcf7a2b2d6aaec69967d78b459ac5a,220,b031badf1c7b454458384239ee7ddba0095ddd30af33aaf382c5c243f0c0deff,0.01072668842971325
persona.low_e_high_n.v3.seed-2002.feedback_only,2002,feedback_only,persona.low_e_high_n.v3,low_e_high_n,v3,complete_five_failures,5,unsuccessful,valid_feedback,,7993377739206102388,220,b031badf1c7b454458384239ee7ddba0095ddd30af33aaf382c5c243f0c0deff,62,b502b312ad24fbedb79ad5b6f04133d76144a7889717dfed8a885ca84c303ed9,0.01347507443279028
persona.low_e_high_n.v3.seed-2002.supportive,2002,supportive,persona.low_e_high_n.v3,low_e_high_n,v3,complete_five_failures,1,unsuccessful,valid_feedback,filler.supportive.1,1362916748984622560,10000,9582c82c0e979ad4740159fd2ec5d74526aeb48ac07bda14b2745a25206ae9f4,3048,c276bf3530cc8d3ce2b1ddb7f6cbf168184316c3a9894881b55d5b73f476cc0f,0.008066700771450996
persona.low_e_high_n.v3.seed-2002.supportive,2002,supportive,persona.low_e_high_n.v3,low_e_high_n,v3,complete_five_failures,2,unsuccessful,valid_feedback,filler.supportive.2,650953833576476763,3048,c276bf3530cc8d3ce2b1ddb7f6cbf168184316c3a9894881b55d5b73f476cc0f,886,0d3daa2ca8d34575596ff98fbf16fdc66fdcf7a2b2d6aaec69967d78b459ac5a,0.018159428611397743
persona.low_e_high_n.v3.seed-2002.supportive,2002,supportive,persona.low_e_high_n.v3,low_e_high_n,v3,complete_five_failures,3,invalid,invalid_guess,filler.supportive.3,2885332770678600905,886,0d3daa2ca8d34575596ff98fbf16fdc66fdcf7a2b2d6aaec69967d78b459ac5a,886,0d3daa2ca8d34575596ff98fbf16fdc66fdcf7a2b2d6aaec69967d78b459ac5a,0.01555387582629919
persona.low_e_high_n.v3.seed-2002.supportive,2002,supportive,persona.low_e_high_n.v3,low_e_high_n,v3,complete_five_failures,4,unsuccessful,valid_feedback,filler.supportive.4,3768721403253947093,886,0d3daa2ca8d34575596ff98fbf16fdc66fdcf7a2b2d6aaec69967d78b459ac5a,239,cff8a270d51840c08248b6ef13bde1397c422a567b01cfd641bfa8b2f7af521c,0.014033467508852482
persona.low_e_high_n.v3.seed-2002.supportive,2002,supportive,persona.low_e_high_n.v3,low_e_high_n,v3,complete_five_failures,5,unsuccessful,valid_feedback,filler.supportive.5,7993377739206102388,239,cff8a270d51840c08248b6ef13bde1397c422a567b01cfd641bfa8b2f7af521c,99,a51f1f20171535ce91cf6e07622fd22a398d26effb0f93daadff2c05af3f2ffe,0.01742478460073471
persona.low_e_high_n.v3.seed-2002.neutral,2002,neutral,persona.low_e_high_n.v3,low_e_high_n,v3,complete_five_failures,1,unsuccessful,valid_feedback,filler.neutral.1,1362916748984622560,10000,9582c82c0e979ad4740159fd2ec5d74526aeb48ac07bda14b2745a25206ae9f4,3048,c276bf3530cc8d3ce2b1ddb7f6cbf168184316c3a9894881b55d5b73f476cc0f,0.007210754323750734
persona.low_e_high_n.v3.seed-2002.neutral,2002,neutral,persona.low_e_high_n.v3,low_e_high_n,v3,complete_five_failures,2,unsuccessful,valid_feedback,filler.neutral.2,650953833576476763,3048,c276bf3530cc8d3ce2b1ddb7f6cbf168184316c3a9894881b55d5b73f476cc0f,886,0d3daa2ca8d34575596ff98fbf16fdc66fdcf7a2b2d6aaec69967d78b459ac5a,0.01776272989809513
persona.low_e_high_n.v3.seed-2002.neutral,2002,neutral,persona.low_e_high_n.v3,low_e_high_n,v3,complete_five_failures,3,invalid,invalid_guess,filler.neutral.3,2885332770678600905,886,0d3daa2ca8d34575596ff98fbf16fdc66fdcf7a2b2d6aaec69967d78b459ac5a,886,0d3daa2ca8d34575596ff98fbf16fdc66fdcf7a2b2d6aaec69967d78b459ac5a,0.009649263694882393
persona.low_e_high_n.v3.seed-2002.neutral,2002,neutral,persona.low_e_high_n.v3,low_e_high_n,v3,complete_five_failures,4,unsuccessful,valid_feedback,filler.neutral.4,3768721403253947093,886,0d3daa2ca8d34575596ff98fbf16fdc66fdcf7a2b2d6aaec69967d78b459ac5a,239,cff8a270d51840c08248b6ef13bde1397c422a567b01cfd641bfa8b2f7af521c,0.009930062107741833
persona.low_e_high_n.v3.seed-2002.neutral,2002,neutral,persona.low_e_high_n.v3,low_e_high_n,v3,complete_five_failures,5,unsuccessful,valid_feedback,filler.neutral.5,7993377739206102388,239,cff8a270d51840c08248b6ef13bde1397c422a567b01cfd641bfa8b2f7af521c,86,dcd48a937783d3bcce96dce35bf00f78d8bce6a4cbdc63193bb9a4bef974927b,0.014657746069133282
persona.low_e_high_n.v3.seed-2003.feedback_only,2003,feedback_only,persona.low_e_high_n.v3,low_e_high_n,v3,complete_five_failures,1,unsuccessful,valid_feedback,,8452511391424371538,10000,9582c82c0e979ad4740159fd2ec5d74526aeb48ac07bda14b2745a25206ae9f4,6561,53a14051f308be8c745906018a762ceb477324e2fdfef98aa3ddc1cd72bc1dbf,0.007961152121424675
persona.low_e_high_n.v3.seed-2003.feedback_only,2003,feedback_only,persona.low_e_high_n.v3,low_e_high_n,v3,complete_five_failures,2,unsuccessful,valid_feedback,,2185802378076996070,6561,53a14051f308be8c745906018a762ceb477324e2fdfef98aa3ddc1cd72bc1dbf,4096,376496ebbc388d8377fe7808c992e94a578bc62ac25dfbf6252690822d1450d6,0.014954781159758568
persona.low_e_high_n.v3.seed-2003.feedback_only,2003,feedback_only,persona.low_e_high_n.v3,low_e_high_n,v3,complete_five_failures,3,unsuccessful,valid_feedback,,4546495009630349109,4096,376496ebbc388d8377fe7808c992e94a578bc62ac25dfbf6252690822d1450d6,4096,376496ebbc388d8377fe7808c992e94a578bc62ac25dfbf6252690822d1450d6,0.015634702518582344
persona.low_e_high_n.v3.seed-2003.feedback_only,2003,feedback_only,persona.low_e_high_n.v3,low_e_high_n,v3,complete_five_failures,4,unsuccessful,valid_feedback,,5827469766280291389,4096,376496ebbc388d8377fe7808c992e94a578bc62ac25dfbf6252690822d1450d6,4096,376496ebbc388d8377fe7808c992e94a578bc62ac25dfbf6252690822d1450d6,0.017537938430905342
persona.low_e_high_n.v3.seed-2003.feedback_only,2003,feedback_only,persona.low_e_high_n.v3,low_e_high_n,v3,complete_five_failures,5,unsuccessful,valid_feedback,,9189069359561447070,4096,376496ebbc388d8377fe7808c992e94a578bc62ac25dfbf6252690822d1450d6,4096,376496ebbc388d8377fe7808c992e94a578bc62ac25dfbf6252690822d1450d6,0.020693529397249222
persona.low_e_high_n.v3.seed-2003.supportive,2003,supportive,persona.low_e_high_n.v3,low_e_high_n,v3,complete_five_failures,1,unsuccessful,valid_feedback,filler.supportive.1,8452511391424371538,10000,9582c82c0e979ad4740159fd2ec5d74526aeb48ac07bda14b2745a25206ae9f4,6561,53a14051f308be8c745906018a762ceb477324e2fdfef98aa3ddc1cd72bc1dbf,0.004065833054482937
persona.low_e_high_n.v3.seed-2003.supportive,2003,supportive,persona.low_e_high_n.v3,low_e_high_n,v3,complete_five_failures,2,unsuccessful,valid_feedback,filler.supportive.2,2185802378076996070,6561,53a14051f308be8c745906018a762ceb477324e2fdfef98aa3ddc1cd72bc1dbf,4096,376496ebbc388d8377fe7808c992e94a578bc62ac25dfbf6252690822d1450d6,0.01710555888712406
persona.low_e_high_n.v3.seed-2003.supportive,2003,supportive,persona.low_e_high_n.v3,low_e_high_n,v3,complete_five_failures,3,unsuccessful,valid_feedback,filler.supportive.3,4546495009630349109,4096,376496ebbc388d8377fe7808c992e94a578bc62ac25dfbf6252690822d1450d6,4096,376496ebbc388d8377fe7808c992e94a578bc62ac25dfbf6252690822d1450d6,0.016541235148906708
persona.low_e_high_n.v3.seed-2003.supportive,2003,supportive,persona.low_e_high_n.v3,low_e_high_n,v3,complete_five_failures,4,unsuccessful,valid_feedback,filler.supportive.4,5827469766280291389,4096,376496ebbc388d8377fe7808c992e94a578bc62ac25dfbf6252690822d1450d6,4096,376496ebbc388d8377fe7808c992e94a578bc62ac25dfbf6252690822d1450d6,0.02093384601175785
persona.low_e_high_n.v3.seed-2003.supportive,2003,supportive,persona.low_e_high_n.v3,low_e_high_n,v3,complete_five_failures,5,unsuccessful,valid_feedback,filler.supportive.5,9189069359561447070,4096,376496ebbc388d8377fe7808c992e94a578bc62ac25dfbf6252690822d1450d6,4096,376496ebbc388d8377fe7808c992e94a578bc62ac25dfbf6252690822d1450d6,0.019196510314941406
persona.low_e_high_n.v3.seed-2003.neutral,2003,neutral,persona.low_e_high_n.v3,low_e_high_n,v3,complete_five_failures,1,unsuccessful,valid_feedback,filler.neutral.1,8452511391424371538,10000,9582c82c0e979ad4740159fd2ec5d74526aeb48ac07bda14b2745a25206ae9f4,6561,53a14051f308be8c745906018a762ceb477324e2fdfef98aa3ddc1cd72bc1dbf,0.003914256580173969
persona.low_e_high_n.v3.seed-2003.neutral,2003,neutral,persona.low_e_high_n.v3,low_e_high_n,v3,complete_five_failures,2,unsuccessful,valid_feedback,filler.neutral.2,2185802378076996070,6561,53a14051f308be8c745906018a762ceb477324e2fdfef98aa3ddc1cd72bc1dbf,4096,376496ebbc388d8377fe7808c992e94a578bc62ac25dfbf6252690822d1450d6,0.015661077573895454
persona.low_e_high_n.v3.seed-2003.neutral,2003,neutral,persona.low_e_high_n.v3,low_e_high_n,v3,complete_five_failures,3,unsuccessful,valid_feedback,filler.neutral.3,4546495009630349109,4096,376496ebbc388d8377fe7808c992e94a578bc62ac25dfbf6252690822d1450d6,4096,376496ebbc388d8377fe7808c992e94a578bc62ac25dfbf6252690822d1450d6,0.014032660983502865
persona.low_e_high_n.v3.seed-2003.neutral,2003,neutral,persona.low_e_high_n.v3,low_e_high_n,v3,complete_five_failures,4,unsuccessful,valid_feedback,filler.neutral.4,5827469766280291389,4096,376496ebbc388d8377fe7808c992e94a578bc62ac25dfbf6252690822d1450d6,4096,376496ebbc388d8377fe7808c992e94a578bc62ac25dfbf6252690822d1450d6,0.014135346747934818
persona.low_e_high_n.v3.seed-2003.neutral,2003,neutral,persona.low_e_high_n.v3,low_e_high_n,v3,complete_five_failures,5,unsuccessful,valid_feedback,filler.neutral.5,9189069359561447070,4096,376496ebbc388d8377fe7808c992e94a578bc62ac25dfbf6252690822d1450d6,4096,376496ebbc388d8377fe7808c992e94a578bc62ac25dfbf6252690822d1450d6,0.014982705935835838
persona.low_e_high_n.v3.seed-2004.feedback_only,2004,feedback_only,persona.low_e_high_n.v3,low_e_high_n,v3,complete_five_failures,1,unsuccessful,valid_feedback,,3012682462339476124,10000,9582c82c0e979ad4740159fd2ec5d74526aeb48ac07bda14b2745a25206ae9f4,6561,53a14051f308be8c745906018a762ceb477324e2fdfef98aa3ddc1cd72bc1dbf,0.007961152121424675
persona.low_e_high_n.v3.seed-2004.feedback_only,2004,feedback_only,persona.low_e_high_n.v3,low_e_high_n,v3,complete_five_failures,2,unsuccessful,valid_feedback,,5539227853087561902,6561,53a14051f308be8c745906018a762ceb477324e2fdfef98aa3ddc1cd72bc1dbf,4096,376496ebbc388d8377fe7808c992e94a578bc62ac25dfbf6252690822d1450d6,0.012822735123336315
persona.low_e_high_n.v3.seed-2004.feedback_only,2004,feedback_only,persona.low_e_high_n.v3,low_e_high_n,v3,complete_five_failures,3,unsuccessful,valid_feedback,,9087570836507131457,4096,376496ebbc388d8377fe7808c992e94a578bc62ac25dfbf6252690822d1450d6,2401,189f5cdadf24cab8dffbae24e408b2d176c74829ec85b4aaf529f1064f1bda1e,0.018921392038464546
persona.low_e_high_n.v3.seed-2004.feedback_only,2004,feedback_only,persona.low_e_high_n.v3,low_e_high_n,v3,complete_five_failures,4,unsuccessful,valid_feedback,,4770636941596934890,2401,189f5cdadf24cab8dffbae24e408b2d176c74829ec85b4aaf529f1064f1bda1e,1296,e89552d5dca552c05e3ffd1f6a4215ff15f21f0c2b733aaa2eeeffc5541698b2,0.020692933350801468
persona.low_e_high_n.v3.seed-2004.feedback_only,2004,feedback_only,persona.low_e_high_n.v3,low_e_high_n,v3,complete_five_failures,5,unsuccessful,valid_feedback,,879249873976900214,1296,e89552d5dca552c05e3ffd1f6a4215ff15f21f0c2b733aaa2eeeffc5541698b2,625,4d28f7984ad1e52f00b72ec545d23d24e5091aa76e3403c7e85db43033899fbe,0.021492404863238335
persona.low_e_high_n.v3.seed-2004.supportive,2004,supportive,persona.low_e_high_n.v3,low_e_high_n,v3,complete_five_failures,1,unsuccessful,valid_feedback,filler.supportive.1,3012682462339476124,10000,9582c82c0e979ad4740159fd2ec5d74526aeb48ac07bda14b2745a25206ae9f4,6561,53a14051f308be8c745906018a762ceb477324e2fdfef98aa3ddc1cd72bc1dbf,0.004065833054482937
persona.low_e_high_n.v3.seed-2004.supportive,2004,supportive,persona.low_e_high_n.v3,low_e_high_n,v3,complete_five_failures,2,unsuccessful,valid_feedback,filler.supportive.2,5539227853087561902,6561,53a14051f308be8c745906018a762ceb477324e2fdfef98aa3ddc1cd72bc1dbf,1820,ab963e3ac5c47a412aa8e77e52f2aebf2c350c67899c4acae4511a5e0eb024e6,0.015497764572501183
persona.low_e_high_n.v3.seed-2004.supportive,2004,supportive,persona.low_e_high_n.v3,low_e_high_n,v3,complete_five_failures,3,unsuccessful,valid_feedback,filler.supportive.3,9087570836507131457,1820,ab963e3ac5c47a412aa8e77e52f2aebf2c350c67899c4acae4511a5e0eb024e6,588,8700a3bcaa3be0b6d6d88102648e2e896709b87e73bc3b226c676a53c735b7aa,0.01840539090335369
persona.low_e_high_n.v3.seed-2004.supportive,2004,supportive,persona.low_e_high_n.v3,low_e_high_n,v3,complete_five_failures,4,unsuccessful,valid_feedback,filler.supportive.4,4770636941596934890,588,8700a3bcaa3be0b6d6d88102648e2e896709b87e73bc3b226c676a53c735b7aa,184,cb198093726eef3fc3e7114005fe6d3fcfc94f89aa68ca88f644f07878fb6efb,0.020683474838733673
persona.low_e_high_n.v3.seed-2004.supportive,2004,supportive,persona.low_e_high_n.v3,low_e_high_n,v3,complete_five_failures,5,unsuccessful,valid_feedback,filler.supportive.5,879249873976900214,184,cb198093726eef3fc3e7114005fe6d3fcfc94f89aa68ca88f644f07878fb6efb,63,f5615a652174268c6d89bcdffbb8a46dc5825ddf29135ada17dc66ea2dbefec9,0.02130565419793129
persona.low_e_high_n.v3.seed-2004.neutral,2004,neutral,persona.low_e_high_n.v3,low_e_high_n,v3,complete_five_failures,1,unsuccessful,valid_feedback,filler.neutral.1,3012682462339476124,10000,9582c82c0e979ad4740159fd2ec5d74526aeb48ac07bda14b2745a25206ae9f4,6561,53a14051f308be8c745906018a762ceb477324e2fdfef98aa3ddc1cd72bc1dbf,0.003914256580173969
persona.low_e_high_n.v3.seed-2004.neutral,2004,neutral,persona.low_e_high_n.v3,low_e_high_n,v3,complete_five_failures,2,unsuccessful,valid_feedback,filler.neutral.2,5539227853087561902,6561,53a14051f308be8c745906018a762ceb477324e2fdfef98aa3ddc1cd72bc1dbf,1820,ab963e3ac5c47a412aa8e77e52f2aebf2c350c67899c4acae4511a5e0eb024e6,0.013143973425030708
persona.low_e_high_n.v3.seed-2004.neutral,2004,neutral,persona.low_e_high_n.v3,low_e_high_n,v3,complete_five_failures,3,unsuccessful,valid_feedback,filler.neutral.3,9087570836507131457,1820,ab963e3ac5c47a412aa8e77e52f2aebf2c350c67899c4acae4511a5e0eb024e6,588,8700a3bcaa3be0b6d6d88102648e2e896709b87e73bc3b226c676a53c735b7aa,0.015346275642514229
persona.low_e_high_n.v3.seed-2004.neutral,2004,neutral,persona.low_e_high_n.v3,low_e_high_n,v3,complete_five_failures,4,unsuccessful,valid_feedback,filler.neutral.4,4770636941596934890,588,8700a3bcaa3be0b6d6d88102648e2e896709b87e73bc3b226c676a53c735b7aa,184,cb198093726eef3fc3e7114005fe6d3fcfc94f89aa68ca88f644f07878fb6efb,0.014812725596129894
persona.low_e_high_n.v3.seed-2004.neutral,2004,neutral,persona.low_e_high_n.v3,low_e_high_n,v3,complete_five_failures,5,unsuccessful,valid_feedback,filler.neutral.5,879249873976900214,184,cb198093726eef3fc3e7114005fe6d3fcfc94f89aa68ca88f644f07878fb6efb,63,f5615a652174268c6d89bcdffbb8a46dc5825ddf29135ada17dc66ea2dbefec9,0.016942184418439865
persona.low_e_high_n.v3.seed-2005.feedback_only,2005,feedback_only,persona.low_e_high_n.v3,low_e_high_n,v3,complete_five_failures,1,unsuccessful,valid_feedback,,8146282925072561755,10000,9582c82c0e979ad4740159fd2ec5d74526aeb48ac07bda14b2745a25206ae9f4,3048,8d8a406c2701498bf0a5134fc8d3d2dd3838c787cab23a0c65e571fa2681a630,0.004548883531242609
persona.low_e_high_n.v3.seed-2005.feedback_only,2005,feedback_only,persona.low_e_high_n.v3,low_e_high_n,v3,complete_five_failures,2,unsuccessful,valid_feedback,,7270573099286778731,3048,8d8a406c2701498bf0a5134fc8d3d2dd3838c787cab23a0c65e571fa2681a630,768,fc8d58a9e3d1f8e19ada2eb0935f356d1fd043e3c6223147b6eb63ab52c33d06,0.014202754944562912
persona.low_e_high_n.v3.seed-2005.feedback_only,2005,feedback_only,persona.low_e_high_n.v3,low_e_high_n,v3,complete_five_failures,3,unsuccessful,valid_feedback,,320833271567228942,768,fc8d58a9e3d1f8e19ada2eb0935f356d1fd043e3c6223147b6eb63ab52c33d06,184,bb21685db6fbb818e3af6f4c5457db0c37e606a39470f45697f58b6b63d9526f,0.014186214655637741
persona.low_e_high_n.v3.seed-2005.feedback_only,2005,feedback_only,persona.low_e_high_n.v3,low_e_high_n,v3,complete_five_failures,4,unsuccessful,valid_feedback,,1081455331307413947,184,bb21685db6fbb818e3af6f4c5457db0c37e606a39470f45697f58b6b63d9526f,52,8727d9ce5fc0fc52767e37f5a5888530542b8cfb1a8cd4921fbcebfe35c06ec9,0.011748033575713634
persona.low_e_high_n.v3.seed-2005.feedback_only,2005,feedback_only,persona.low_e_high_n.v3,low_e_high_n,v3,complete_five_failures,5,unsuccessful,valid_feedback,,5451539660838294209,52,8727d9ce5fc0fc52767e37f5a5888530542b8cfb1a8cd4921fbcebfe35c06ec9,14,b095fd74ddff9807c5b218bb54089369c9a8234da040fb89bc7b476d47ae2067,0.002131359651684761
persona.low_e_high_n.v3.seed-2005.supportive,2005,supportive,persona.low_e_high_n.v3,low_e_high_n,v3,complete_five_failures,1,unsuccessful,valid_feedback,filler.supportive.1,8146282925072561755,10000,9582c82c0e979ad4740159fd2ec5d74526aeb48ac07bda14b2745a25206ae9f4,3048,8d8a406c2701498bf0a5134fc8d3d2dd3838c787cab23a0c65e571fa2681a630,0.0014520154800266027
persona.low_e_high_n.v3.seed-2005.supportive,2005,supportive,persona.low_e_high_n.v3,low_e_high_n,v3,complete_five_failures,2,unsuccessful,valid_feedback,filler.supportive.2,7270573099286778731,3048,8d8a406c2701498bf0a5134fc8d3d2dd3838c787cab23a0c65e571fa2681a630,768,fc8d58a9e3d1f8e19ada2eb0935f356d1fd043e3c6223147b6eb63ab52c33d06,0.016896842047572136
persona.low_e_high_n.v3.seed-2005.supportive,2005,supportive,persona.low_e_high_n.v3,low_e_high_n,v3,complete_five_failures,3,unsuccessful,valid_feedback,filler.supportive.3,320833271567228942,768,fc8d58a9e3d1f8e19ada2eb0935f356d1fd043e3c6223147b6eb63ab52c33d06,190,35049178f6b4f7103224259f9c9baff8546af3ff8ac7de6c3814cb9b2c8a38ef,0.014114598743617535
persona.low_e_high_n.v3.seed-2005.supportive,2005,supportive,persona.low_e_high_n.v3,low_e_high_n,v3,complete_five_failures,4,unsuccessful,valid_feedback,filler.supportive.4,1081455331307413947,190,35049178f6b4f7103224259f9c9baff8546af3ff8ac7de6c3814cb9b2c8a38ef,51,7f6792ea80549f3fe04e97f7dcf6ec11eee7817a080ac7fed3b10acf9289c34c,0.008898944593966007
persona.low_e_high_n.v3.seed-2005.supportive,2005,supportive,persona.low_e_high_n.v3,low_e_high_n,v3,complete_five_failures,5,unsuccessful,valid_feedback,filler.supportive.5,5451539660838294209,51,7f6792ea80549f3fe04e97f7dcf6ec11eee7817a080ac7fed3b10acf9289c34c,25,ece30cf22d281aa2d29dbd5b632ea660c98aac1c9754a6467a2c6815b58b52cd,0.0140030262991786
persona.low_e_high_n.v3.seed-2005.neutral,2005,neutral,persona.low_e_high_n.v3,low_e_high_n,v3,complete_five_failures,1,unsuccessful,valid_feedback,filler.neutral.1,8146282925072561755,10000,9582c82c0e979ad4740159fd2ec5d74526aeb48ac07bda14b2745a25206ae9f4,3048,8d8a406c2701498bf0a5134fc8d3d2dd3838c787cab23a0c65e571fa2681a630,0.0008934023790061474
persona.low_e_high_n.v3.seed-2005.neutral,2005,neutral,persona.low_e_high_n.v3,low_e_high_n,v3,complete_five_failures,2,unsuccessful,valid_feedback,filler.neutral.2,7270573099286778731,3048,8d8a406c2701498bf0a5134fc8d3d2dd3838c787cab23a0c65e571fa2681a630,768,fc8d58a9e3d1f8e19ada2eb0935f356d1fd043e3c6223147b6eb63ab52c33d06,0.013207162730395794
persona.low_e_high_n.v3.seed-2005.neutral,2005,neutral,persona.low_e_high_n.v3,low_e_high_n,v3,complete_five_failures,3,unsuccessful,valid_feedback,filler.neutral.3,320833271567228942,768,fc8d58a9e3d1f8e19ada2eb0935f356d1fd043e3c6223147b6eb63ab52c33d06,184,bb21685db6fbb818e3af6f4c5457db0c37e606a39470f45697f58b6b63d9526f,0.01299537904560566
persona.low_e_high_n.v3.seed-2005.neutral,2005,neutral,persona.low_e_high_n.v3,low_e_high_n,v3,complete_five_failures,4,unsuccessful,valid_feedback,filler.neutral.4,1081455331307413947,184,bb21685db6fbb818e3af6f4c5457db0c37e606a39470f45697f58b6b63d9526f,46,e3f05775af2f3fb2465dd21b0bc5a6dac6415b64618aaa49d98df1e0774df3ca,0.011300771497189999
persona.low_e_high_n.v3.seed-2005.neutral,2005,neutral,persona.low_e_high_n.v3,low_e_high_n,v3,complete_five_failures,5,unsuccessful,valid_feedback,filler.neutral.5,5451539660838294209,46,e3f05775af2f3fb2465dd21b0bc5a6dac6415b64618aaa49d98df1e0774df3ca,20,5473296ada55e06d05e3fbf1d02ee3422f49af3eb73f4747257f653189e475b1,0.005957165267318487
persona.low_e_high_n.v3.seed-2006.feedback_only,2006,feedback_only,persona.low_e_high_n.v3,low_e_high_n,v3,complete_five_failures,1,unsuccessful,valid_feedback,,20746705984210227,10000,9582c82c0e979ad4740159fd2ec5d74526aeb48ac07bda14b2745a25206ae9f4,3048,8d8a406c2701498bf0a5134fc8d3d2dd3838c787cab23a0c65e571fa2681a630,0.007336744107306004
persona.low_e_high_n.v3.seed-2006.feedback_only,2006,feedback_only,persona.low_e_high_n.v3,low_e_high_n,v3,complete_five_failures,2,unsuccessful,valid_feedback,,7186787635236517948,3048,8d8a406c2701498bf0a5134fc8d3d2dd3838c787cab23a0c65e571fa2681a630,768,fc8d58a9e3d1f8e19ada2eb0935f356d1fd043e3c6223147b6eb63ab52c33d06,0.017542464658617973
persona.low_e_high_n.v3.seed-2006.feedback_only,2006,feedback_only,persona.low_e_high_n.v3,low_e_high_n,v3,complete_five_failures,3,unsuccessful,valid_feedback,,2633872377281840482,768,fc8d58a9e3d1f8e19ada2eb0935f356d1fd043e3c6223147b6eb63ab52c33d06,206,3701c51eacc8da4a43acc7def8b9efc78019c15d870b2f7a0f276ba681e765c0,0.016225507482886314
persona.low_e_high_n.v3.seed-2006.feedback_only,2006,feedback_only,persona.low_e_high_n.v3,low_e_high_n,v3,complete_five_failures,4,unsuccessful,valid_feedback,,7338954399356967658,206,3701c51eacc8da4a43acc7def8b9efc78019c15d870b2f7a0f276ba681e765c0,55,04a95813d7014d7950fe157a956d4387a292572957115ac209f07c7805a04adc,0.013180593028664589
persona.low_e_high_n.v3.seed-2006.feedback_only,2006,feedback_only,persona.low_e_high_n.v3,low_e_high_n,v3,complete_five_failures,5,unsuccessful,valid_feedback,,9132968224681273883,55,04a95813d7014d7950fe157a956d4387a292572957115ac209f07c7805a04adc,15,ce5d95544a095d12f3a94473e04ccab55002b524452e073c9d463fb6eb1f422c,0.016807278618216515
persona.low_e_high_n.v3.seed-2006.supportive,2006,supportive,persona.low_e_high_n.v3,low_e_high_n,v3,complete_five_failures,1,unsuccessful,valid_feedback,filler.supportive.1,20746705984210227,10000,9582c82c0e979ad4740159fd2ec5d74526aeb48ac07bda14b2745a25206ae9f4,3048,8d8a406c2701498bf0a5134fc8d3d2dd3838c787cab23a0c65e571fa2681a630,0.005683190189301968
persona.low_e_high_n.v3.seed-2006.supportive,2006,supportive,persona.low_e_high_n.v3,low_e_high_n,v3,complete_five_failures,2,unsuccessful,valid_feedback,filler.supportive.2,7186787635236517948,3048,8d8a406c2701498bf0a5134fc8d3d2dd3838c787cab23a0c65e571fa2681a630,768,fc8d58a9e3d1f8e19ada2eb0935f356d1fd043e3c6223147b6eb63ab52c33d06,0.01803065650165081
persona.low_e_high_n.v3.seed-2006.supportive,2006,supportive,persona.low_e_high_n.v3,low_e_high_n,v3,complete_five_failures,3,unsuccessful,valid_feedback,filler.supportive.3,2633872377281840482,768,fc8d58a9e3d1f8e19ada2eb0935f356d1fd043e3c6223147b6eb63ab52c33d06,206,3701c51eacc8da4a43acc7def8b9efc78019c15d870b2f7a0f276ba681e765c0,0.01724560372531414
persona.low_e_high_n.v3.seed-2006.supportive,2006,supportive,persona.low_e_high_n.v3,low_e_high_n,v3,complete_five_failures,4,unsuccessful,valid_feedback,filler.supportive.4,7338954399356967658,206,3701c51eacc8da4a43acc7def8b9efc78019c15d870b2f7a0f276ba681e765c0,55,04a95813d7014d7950fe157a956d4387a292572957115ac209f07c7805a04adc,0.016238778829574585
persona.low_e_high_n.v3.seed-2006.supportive,2006,supportive,persona.low_e_high_n.v3,low_e_high_n,v3,complete_five_failures,5,unsuccessful,valid_feedback,filler.supportive.5,9132968224681273883,55,04a95813d7014d7950fe157a956d4387a292572957115ac209f07c7805a04adc,15,ce5d95544a095d12f3a94473e04ccab55002b524452e073c9d463fb6eb1f422c,0.018649442121386528
persona.low_e_high_n.v3.seed-2006.neutral,2006,neutral,persona.low_e_high_n.v3,low_e_high_n,v3,complete_five_failures,1,unsuccessful,valid_feedback,filler.neutral.1,20746705984210227,10000,9582c82c0e979ad4740159fd2ec5d74526aeb48ac07bda14b2745a25206ae9f4,3048,8d8a406c2701498bf0a5134fc8d3d2dd3838c787cab23a0c65e571fa2681a630,0.005532132461667061
persona.low_e_high_n.v3.seed-2006.neutral,2006,neutral,persona.low_e_high_n.v3,low_e_high_n,v3,complete_five_failures,2,unsuccessful,valid_feedback,filler.neutral.2,7186787635236517948,3048,8d8a406c2701498bf0a5134fc8d3d2dd3838c787cab23a0c65e571fa2681a630,768,fc8d58a9e3d1f8e19ada2eb0935f356d1fd043e3c6223147b6eb63ab52c33d06,0.017321500927209854
persona.low_e_high_n.v3.seed-2006.neutral,2006,neutral,persona.low_e_high_n.v3,low_e_high_n,v3,complete_five_failures,3,unsuccessful,valid_feedback,filler.neutral.3,2633872377281840482,768,fc8d58a9e3d1f8e19ada2eb0935f356d1fd043e3c6223147b6eb63ab52c33d06,206,3701c51eacc8da4a43acc7def8b9efc78019c15d870b2f7a0f276ba681e765c0,0.014590239152312279
persona.low_e_high_n.v3.seed-2006.neutral,2006,neutral,persona.low_e_high_n.v3,low_e_high_n,v3,complete_five_failures,4,unsuccessful,valid_feedback,filler.neutral.4,7338954399356967658,206,3701c51eacc8da4a43acc7def8b9efc78019c15d870b2f7a0f276ba681e765c0,55,04a95813d7014d7950fe157a956d4387a292572957115ac209f07c7805a04adc,0.011992529034614563
persona.low_e_high_n.v3.seed-2006.neutral,2006,neutral,persona.low_e_high_n.v3,low_e_high_n,v3,complete_five_failures,5,unsuccessful,valid_feedback,filler.neutral.5,9132968224681273883,55,04a95813d7014d7950fe157a956d4387a292572957115ac209f07c7805a04adc,15,ce5d95544a095d12f3a94473e04ccab55002b524452e073c9d463fb6eb1f422c,0.015260268934071064
persona.low_e_high_n.v3.seed-2007.feedback_only,2007,feedback_only,persona.low_e_high_n.v3,low_e_high_n,v3,complete_five_failures,1,unsuccessful,valid_feedback,,5495818002014909466,10000,9582c82c0e979ad4740159fd2ec5d74526aeb48ac07bda14b2745a25206ae9f4,3048,8d8a406c2701498bf0a5134fc8d3d2dd3838c787cab23a0c65e571fa2681a630,0.007336744107306004
persona.low_e_high_n.v3.seed-2007.feedback_only,2007,feedback_only,persona.low_e_high_n.v3,low_e_high_n,v3,complete_five_failures,2,unsuccessful,valid_feedback,,7092970346930268185,3048,8d8a406c2701498bf0a5134fc8d3d2dd3838c787cab23a0c65e571fa2681a630,768,fc8d58a9e3d1f8e19ada2eb0935f356d1fd043e3c6223147b6eb63ab52c33d06,0.017542464658617973
persona.low_e_high_n.v3.seed-2007.feedback_only,2007,feedback_only,persona.low_e_high_n.v3,low_e_high_n,v3,complete_five_failures,3,unsuccessful,valid_feedback,,4413334138324627702,768,fc8d58a9e3d1f8e19ada2eb0935f356d1fd043e3c6223147b6eb63ab52c33d06,206,3701c51eacc8da4a43acc7def8b9efc78019c15d870b2f7a0f276ba681e765c0,0.016225507482886314
persona.low_e_high_n.v3.seed-2007.feedback_only,2007,feedback_only,persona.low_e_high_n.v3,low_e_high_n,v3,complete_five_failures,4,unsuccessful,valid_feedback,,7609396874926615527,206,3701c51eacc8da4a43acc7def8b9efc78019c15d870b2f7a0f276ba681e765c0,55,04a95813d7014d7950fe157a956d4387a292572957115ac209f07c7805a04adc,0.013180593028664589
persona.low_e_high_n.v3.seed-2007.feedback_only,2007,feedback_only,persona.low_e_high_n.v3,low_e_high_n,v3,complete_five_failures,5,unsuccessful,valid_feedback,,1032535146999642755,55,04a95813d7014d7950fe157a956d4387a292572957115ac209f07c7805a04adc,15,ce5d95544a095d12f3a94473e04ccab55002b524452e073c9d463fb6eb1f422c,0.016807278618216515
persona.low_e_high_n.v3.seed-2007.supportive,2007,supportive,persona.low_e_high_n.v3,low_e_high_n,v3,complete_five_failures,1,unsuccessful,valid_feedback,filler.supportive.1,5495818002014909466,10000,9582c82c0e979ad4740159fd2ec5d74526aeb48ac07bda14b2745a25206ae9f4,3048,8d8a406c2701498bf0a5134fc8d3d2dd3838c787cab23a0c65e571fa2681a630,0.005683190189301968
persona.low_e_high_n.v3.seed-2007.supportive,2007,supportive,persona.low_e_high_n.v3,low_e_high_n,v3,complete_five_failures,2,unsuccessful,valid_feedback,filler.supportive.2,7092970346930268185,3048,8d8a406c2701498bf0a5134fc8d3d2dd3838c787cab23a0c65e571fa2681a630,768,fc8d58a9e3d1f8e19ada2eb0935f356d1fd043e3c6223147b6eb63ab52c33d06,0.01803065650165081
persona.low_e_high_n.v3.seed-2007.supportive,2007,supportive,persona.low_e_high_n.v3,low_e_high_n,v3,complete_five_failures,3,unsuccessful,valid_feedback,filler.supportive.3,4413334138324627702,768,fc8d58a9e3d1f8e19ada2eb0935f356d1fd043e3c6223147b6eb63ab52c33d06,206,3701c51eacc8da4a43acc7def8b9efc78019c15d870b2f7a0f276ba681e765c0,0.01724560372531414
persona.low_e_high_n.v3.seed-2007.supportive,2007,supportive,persona.low_e_high_n.v3,low_e_high_n,v3,complete_five_failures,4,unsuccessful,valid_feedback,filler.supportive.4,7609396874926615527,206,3701c51eacc8da4a43acc7def8b9efc78019c15d870b2f7a0f276ba681e765c0,55,04a95813d7014d7950fe157a956d4387a292572957115ac209f07c7805a04adc,0.016238778829574585
persona.low_e_high_n.v3.seed-2007.supportive,2007,supportive,persona.low_e_high_n.v3,low_e_high_n,v3,complete_five_failures,5,unsuccessful,valid_feedback,filler.supportive.5,1032535146999642755,55,04a95813d7014d7950fe157a956d4387a292572957115ac209f07c7805a04adc,15,ce5d95544a095d12f3a94473e04ccab55002b524452e073c9d463fb6eb1f422c,0.018649442121386528
persona.low_e_high_n.v3.seed-2007.neutral,2007,neutral,persona.low_e_high_n.v3,low_e_high_n,v3,complete_five_failures,1,unsuccessful,valid_feedback,filler.neutral.1,5495818002014909466,10000,9582c82c0e979ad4740159fd2ec5d74526aeb48ac07bda14b2745a25206ae9f4,3048,8d8a406c2701498bf0a5134fc8d3d2dd3838c787cab23a0c65e571fa2681a630,0.005532132461667061
persona.low_e_high_n.v3.seed-2007.neutral,2007,neutral,persona.low_e_high_n.v3,low_e_high_n,v3,complete_five_failures,2,unsuccessful,valid_feedback,filler.neutral.2,7092970346930268185,3048,8d8a406c2701498bf0a5134fc8d3d2dd3838c787cab23a0c65e571fa2681a630,768,fc8d58a9e3d1f8e19ada2eb0935f356d1fd043e3c6223147b6eb63ab52c33d06,0.017321500927209854
persona.low_e_high_n.v3.seed-2007.neutral,2007,neutral,persona.low_e_high_n.v3,low_e_high_n,v3,complete_five_failures,3,unsuccessful,valid_feedback,filler.neutral.3,4413334138324627702,768,fc8d58a9e3d1f8e19ada2eb0935f356d1fd043e3c6223147b6eb63ab52c33d06,206,3701c51eacc8da4a43acc7def8b9efc78019c15d870b2f7a0f276ba681e765c0,0.014590239152312279
persona.low_e_high_n.v3.seed-2007.neutral,2007,neutral,persona.low_e_high_n.v3,low_e_high_n,v3,complete_five_failures,4,unsuccessful,valid_feedback,filler.neutral.4,7609396874926615527,206,3701c51eacc8da4a43acc7def8b9efc78019c15d870b2f7a0f276ba681e765c0,55,04a95813d7014d7950fe157a956d4387a292572957115ac209f07c7805a04adc,0.011992529034614563
persona.low_e_high_n.v3.seed-2007.neutral,2007,neutral,persona.low_e_high_n.v3,low_e_high_n,v3,complete_five_failures,5,unsuccessful,valid_feedback,filler.neutral.5,1032535146999642755,55,04a95813d7014d7950fe157a956d4387a292572957115ac209f07c7805a04adc,15,ce5d95544a095d12f3a94473e04ccab55002b524452e073c9d463fb6eb1f422c,0.015260268934071064
persona.low_e_high_n.v3.seed-2008.feedback_only,2008,feedback_only,persona.low_e_high_n.v3,low_e_high_n,v3,complete_five_failures,1,unsuccessful,valid_feedback,,8344175065288078558,10000,9582c82c0e979ad4740159fd2ec5d74526aeb48ac07bda14b2745a25206ae9f4,3048,db3e09caf8d9fe544e3300a8fb9e065e8f096165d4da0ef01c77d1914c1a939a,0.009286702610552311
persona.low_e_high_n.v3.seed-2008.feedback_only,2008,feedback_only,persona.low_e_high_n.v3,low_e_high_n,v3,complete_five_failures,2,unsuccessful,valid_feedback,,1764828235997338309,3048,db3e09caf8d9fe544e3300a8fb9e065e8f096165d4da0ef01c77d1914c1a939a,876,0e4a5a419d523846d06d70c9c597d56f9dc1dd983fe1091c8e76b9fded100893,0.015620558522641659
persona.low_e_high_n.v3.seed-2008.feedback_only,2008,feedback_only,persona.low_e_high_n.v3,low_e_high_n,v3,complete_five_failures,3,unsuccessful,valid_feedback,,1186103364016962603,876,0e4a5a419d523846d06d70c9c597d56f9dc1dd983fe1091c8e76b9fded100893,294,88cd0ca065824f206851f4da71f5d5659c93a8ab95301e19143c1e4ee91b2305,0.015153026208281517
persona.low_e_high_n.v3.seed-2008.feedback_only,2008,feedback_only,persona.low_e_high_n.v3,low_e_high_n,v3,complete_five_failures,4,unsuccessful,valid_feedback,,1157719167337881160,294,88cd0ca065824f206851f4da71f5d5659c93a8ab95301e19143c1e4ee91b2305,94,540acc29610a7e049f1edbd91a1b5841eb0b055c678aeea92f824cbe22b69432,0.01761375367641449
persona.low_e_high_n.v3.seed-2008.feedback_only,2008,feedback_only,persona.low_e_high_n.v3,low_e_high_n,v3,complete_five_failures,5,unsuccessful,valid_feedback,,6714476192934985326,94,540acc29610a7e049f1edbd91a1b5841eb0b055c678aeea92f824cbe22b69432,42,3f0517c027dfb89135220198f817803696ce7cb3b66b02dc800342dbdfde2a4d,0.01589966006577015
persona.low_e_high_n.v3.seed-2008.supportive,2008,supportive,persona.low_e_high_n.v3,low_e_high_n,v3,complete_five_failures,1,unsuccessful,valid_feedback,filler.supportive.1,8344175065288078558,10000,9582c82c0e979ad4740159fd2ec5d74526aeb48ac07bda14b2745a25206ae9f4,3048,db3e09caf8d9fe544e3300a8fb9e065e8f096165d4da0ef01c77d1914c1a939a,0.007841306738555431
persona.low_e_high_n.v3.seed-2008.supportive,2008,supportive,persona.low_e_high_n.v3,low_e_high_n,v3,complete_five_failures,2,unsuccessful,valid_feedback,filler.supportive.2,1764828235997338309,3048,db3e09caf8d9fe544e3300a8fb9e065e8f096165d4da0ef01c77d1914c1a939a,768,d480a83984f7d7a5f0948aedfe353e5507b5c410d01a3fd8ee84dfd54675586f,0.01816890947520733
persona.low_e_high_n.v3.seed-2008.supportive,2008,supportive,persona.low_e_high_n.v3,low_e_high_n,v3,complete_five_failures,3,unsuccessful,valid_feedback,filler.supportive.3,1186103364016962603,768,d480a83984f7d7a5f0948aedfe353e5507b5c410d01a3fd8ee84dfd54675586f,194,00f91b14f036a5de859e9bfb7342479d060d7442592d814feaa3311b7aed3e23,0.01987682282924652
persona.low_e_high_n.v3.seed-2008.supportive,2008,supportive,persona.low_e_high_n.v3,low_e_high_n,v3,complete_five_failures,4,unsuccessful,valid_feedback,filler.supportive.4,1157719167337881160,194,00f91b14f036a5de859e9bfb7342479d060d7442592d814feaa3311b7aed3e23,50,99b4550ff7b20390981f36fe83715e008dbd08292e361bfe3a7d5edca988d041,0.01668858900666237
persona.low_e_high_n.v3.seed-2008.supportive,2008,supportive,persona.low_e_high_n.v3,low_e_high_n,v3,complete_five_failures,5,unsuccessful,valid_feedback,filler.supportive.5,6714476192934985326,50,99b4550ff7b20390981f36fe83715e008dbd08292e361bfe3a7d5edca988d041,27,1b253dbc5dbe43c4bc7205f4a8e872cfb8b93fcced49f5d0cc93433023644eba,0.016357984393835068
persona.low_e_high_n.v3.seed-2008.neutral,2008,neutral,persona.low_e_high_n.v3,low_e_high_n,v3,complete_five_failures,1,unsuccessful,valid_feedback,filler.neutral.1,8344175065288078558,10000,9582c82c0e979ad4740159fd2ec5d74526aeb48ac07bda14b2745a25206ae9f4,3048,db3e09caf8d9fe544e3300a8fb9e065e8f096165d4da0ef01c77d1914c1a939a,0.005973006132990122
persona.low_e_high_n.v3.seed-2008.neutral,2008,neutral,persona.low_e_high_n.v3,low_e_high_n,v3,complete_five_failures,2,unsuccessful,valid_feedback,filler.neutral.2,1764828235997338309,3048,db3e09caf8d9fe544e3300a8fb9e065e8f096165d4da0ef01c77d1914c1a939a,768,5cd676d20b73535e66fa4484e4849ec299e5aa93baf26611f4a135b1c7c0d7fd,0.01723656617105007
persona.low_e_high_n.v3.seed-2008.neutral,2008,neutral,persona.low_e_high_n.v3,low_e_high_n,v3,complete_five_failures,3,unsuccessful,valid_feedback,filler.neutral.3,1186103364016962603,768,5cd676d20b73535e66fa4484e4849ec299e5aa93baf26611f4a135b1c7c0d7fd,200,da0592db3f94b6e25501e3a03a8dcf83bf0b1602871666a4c23c2df41f308fb3,0.01651393622159958
persona.low_e_high_n.v3.seed-2008.neutral,2008,neutral,persona.low_e_high_n.v3,low_e_high_n,v3,complete_five_failures,4,unsuccessful,valid_feedback,filler.neutral.4,1157719167337881160,200,da0592db3f94b6e25501e3a03a8dcf83bf0b1602871666a4c23c2df41f308fb3,52,fee77fcc685c20e5db1c3ad97c5c6b7588d06090bcccc85134f1d15dc3c41cb7,0.015256009064614773
persona.low_e_high_n.v3.seed-2008.neutral,2008,neutral,persona.low_e_high_n.v3,low_e_high_n,v3,complete_five_failures,5,unsuccessful,valid_feedback,filler.neutral.5,6714476192934985326,52,fee77fcc685c20e5db1c3ad97c5c6b7588d06090bcccc85134f1d15dc3c41cb7,10,341e35e545be038124ff3688f877b2fff59e2c2839cf44f0cc5b196813f2a71c,0.01680597849190235
persona.low_e_high_n.v3.seed-2009.feedback_only,2009,feedback_only,persona.low_e_high_n.v3,low_e_high_n,v3,complete_five_failures,1,unsuccessful,valid_feedback,,1260204083383722554,10000,9582c82c0e979ad4740159fd2ec5d74526aeb48ac07bda14b2745a25206ae9f4,3048,8d8a406c2701498bf0a5134fc8d3d2dd3838c787cab23a0c65e571fa2681a630,0.007336744107306004
persona.low_e_high_n.v3.seed-2009.feedback_only,2009,feedback_only,persona.low_e_high_n.v3,low_e_high_n,v3,complete_five_failures,2,unsuccessful,valid_feedback,,8078703204154141548,3048,8d8a406c2701498bf0a5134fc8d3d2dd3838c787cab23a0c65e571fa2681a630,768,fc8d58a9e3d1f8e19ada2eb0935f356d1fd043e3c6223147b6eb63ab52c33d06,0.017542464658617973
persona.low_e_high_n.v3.seed-2009.feedback_only,2009,feedback_only,persona.low_e_high_n.v3,low_e_high_n,v3,complete_five_failures,3,unsuccessful,valid_feedback,,4408837213815512884,768,fc8d58a9e3d1f8e19ada2eb0935f356d1fd043e3c6223147b6eb63ab52c33d06,206,3701c51eacc8da4a43acc7def8b9efc78019c15d870b2f7a0f276ba681e765c0,0.016225507482886314
persona.low_e_high_n.v3.seed-2009.feedback_only,2009,feedback_only,persona.low_e_high_n.v3,low_e_high_n,v3,complete_five_failures,4,unsuccessful,valid_feedback,,5665391256835248990,206,3701c51eacc8da4a43acc7def8b9efc78019c15d870b2f7a0f276ba681e765c0,55,04a95813d7014d7950fe157a956d4387a292572957115ac209f07c7805a04adc,0.013180593028664589
persona.low_e_high_n.v3.seed-2009.feedback_only,2009,feedback_only,persona.low_e_high_n.v3,low_e_high_n,v3,complete_five_failures,5,unsuccessful,valid_feedback,,9128014439954229688,55,04a95813d7014d7950fe157a956d4387a292572957115ac209f07c7805a04adc,16,c4381b23c6bfad65ec6363bfce625f0aee93467eaa2c1d60c80ffbff1be04bda,0.012958565726876259
persona.low_e_high_n.v3.seed-2009.supportive,2009,supportive,persona.low_e_high_n.v3,low_e_high_n,v3,complete_five_failures,1,unsuccessful,valid_feedback,filler.supportive.1,1260204083383722554,10000,9582c82c0e979ad4740159fd2ec5d74526aeb48ac07bda14b2745a25206ae9f4,3048,8d8a406c2701498bf0a5134fc8d3d2dd3838c787cab23a0c65e571fa2681a630,0.005683190189301968
persona.low_e_high_n.v3.seed-2009.supportive,2009,supportive,persona.low_e_high_n.v3,low_e_high_n,v3,complete_five_failures,2,unsuccessful,valid_feedback,filler.supportive.2,8078703204154141548,3048,8d8a406c2701498bf0a5134fc8d3d2dd3838c787cab23a0c65e571fa2681a630,768,fc8d58a9e3d1f8e19ada2eb0935f356d1fd043e3c6223147b6eb63ab52c33d06,0.01803065650165081
persona.low_e_high_n.v3.seed-2009.supportive,2009,supportive,persona.low_e_high_n.v3,low_e_high_n,v3,complete_five_failures,3,unsuccessful,valid_feedback,filler.supportive.3,4408837213815512884,768,fc8d58a9e3d1f8e19ada2eb0935f356d1fd043e3c6223147b6eb63ab52c33d06,206,3701c51eacc8da4a43acc7def8b9efc78019c15d870b2f7a0f276ba681e765c0,0.01724560372531414
persona.low_e_high_n.v3.seed-2009.supportive,2009,supportive,persona.low_e_high_n.v3,low_e_high_n,v3,complete_five_failures,4,unsuccessful,valid_feedback,filler.supportive.4,5665391256835248990,206,3701c51eacc8da4a43acc7def8b9efc78019c15d870b2f7a0f276ba681e765c0,55,04a95813d7014d7950fe157a956d4387a292572957115ac209f07c7805a04adc,0.016238778829574585
persona.low_e_high_n.v3.seed-2009.supportive,2009,supportive,persona.low_e_high_n.v3,low_e_high_n,v3,complete_five_failures,5,unsuccessful,valid_feedback,filler.supportive.5,9128014439954229688,55,04a95813d7014d7950fe157a956d4387a292572957115ac209f07c7805a04adc,16,c4381b23c6bfad65ec6363bfce625f0aee93467eaa2c1d60c80ffbff1be04bda,0.015508151613175869
persona.low_e_high_n.v3.seed-2009.neutral,2009,neutral,persona.low_e_high_n.v3,low_e_high_n,v3,complete_five_failures,1,unsuccessful,valid_feedback,filler.neutral.1,1260204083383722554,10000,9582c82c0e979ad4740159fd2ec5d74526aeb48ac07bda14b2745a25206ae9f4,3048,8d8a406c2701498bf0a5134fc8d3d2dd3838c787cab23a0c65e571fa2681a630,0.005532132461667061
persona.low_e_high_n.v3.seed-2009.neutral,2009,neutral,persona.low_e_high_n.v3,low_e_high_n,v3,complete_five_failures,2,unsuccessful,valid_feedback,filler.neutral.2,8078703204154141548,3048,8d8a406c2701498bf0a5134fc8d3d2dd3838c787cab23a0c65e571fa2681a630,768,fc8d58a9e3d1f8e19ada2eb0935f356d1fd043e3c6223147b6eb63ab52c33d06,0.017321500927209854
persona.low_e_high_n.v3.seed-2009.neutral,2009,neutral,persona.low_e_high_n.v3,low_e_high_n,v3,complete_five_failures,3,unsuccessful,valid_feedback,filler.neutral.3,4408837213815512884,768,fc8d58a9e3d1f8e19ada2eb0935f356d1fd043e3c6223147b6eb63ab52c33d06,206,3701c51eacc8da4a43acc7def8b9efc78019c15d870b2f7a0f276ba681e765c0,0.014590239152312279
persona.low_e_high_n.v3.seed-2009.neutral,2009,neutral,persona.low_e_high_n.v3,low_e_high_n,v3,complete_five_failures,4,unsuccessful,valid_feedback,filler.neutral.4,5665391256835248990,206,3701c51eacc8da4a43acc7def8b9efc78019c15d870b2f7a0f276ba681e765c0,55,04a95813d7014d7950fe157a956d4387a292572957115ac209f07c7805a04adc,0.011992529034614563
persona.low_e_high_n.v3.seed-2009.neutral,2009,neutral,persona.low_e_high_n.v3,low_e_high_n,v3,complete_five_failures,5,unsuccessful,valid_feedback,filler.neutral.5,9128014439954229688,55,04a95813d7014d7950fe157a956d4387a292572957115ac209f07c7805a04adc,16,c4381b23c6bfad65ec6363bfce625f0aee93467eaa2c1d60c80ffbff1be04bda,0.011907924897968769
persona.low_e_high_n.v3.seed-2010.feedback_only,2010,feedback_only,persona.low_e_high_n.v3,low_e_high_n,v3,complete_five_failures,1,unsuccessful,valid_feedback,,3469795497683125335,10000,9582c82c0e979ad4740159fd2ec5d74526aeb48ac07bda14b2745a25206ae9f4,3048,8d8a406c2701498bf0a5134fc8d3d2dd3838c787cab23a0c65e571fa2681a630,0.007336744107306004
persona.low_e_high_n.v3.seed-2010.feedback_only,2010,feedback_only,persona.low_e_high_n.v3,low_e_high_n,v3,complete_five_failures,2,unsuccessful,valid_feedback,,7502407488306205158,3048,8d8a406c2701498bf0a5134fc8d3d2dd3838c787cab23a0c65e571fa2681a630,768,fc8d58a9e3d1f8e19ada2eb0935f356d1fd043e3c6223147b6eb63ab52c33d06,0.017542464658617973
persona.low_e_high_n.v3.seed-2010.feedback_only,2010,feedback_only,persona.low_e_high_n.v3,low_e_high_n,v3,complete_five_failures,3,unsuccessful,valid_feedback,,7505458095384574504,768,fc8d58a9e3d1f8e19ada2eb0935f356d1fd043e3c6223147b6eb63ab52c33d06,206,3701c51eacc8da4a43acc7def8b9efc78019c15d870b2f7a0f276ba681e765c0,0.016225507482886314
persona.low_e_high_n.v3.seed-2010.feedback_only,2010,feedback_only,persona.low_e_high_n.v3,low_e_high_n,v3,complete_five_failures,4,unsuccessful,valid_feedback,,8890796447059342011,206,3701c51eacc8da4a43acc7def8b9efc78019c15d870b2f7a0f276ba681e765c0,55,04a95813d7014d7950fe157a956d4387a292572957115ac209f07c7805a04adc,0.013180593028664589
persona.low_e_high_n.v3.seed-2010.feedback_only,2010,feedback_only,persona.low_e_high_n.v3,low_e_high_n,v3,complete_five_failures,5,unsuccessful,valid_feedback,,2061649511049620242,55,04a95813d7014d7950fe157a956d4387a292572957115ac209f07c7805a04adc,15,ce5d95544a095d12f3a94473e04ccab55002b524452e073c9d463fb6eb1f422c,0.016807278618216515
persona.low_e_high_n.v3.seed-2010.supportive,2010,supportive,persona.low_e_high_n.v3,low_e_high_n,v3,complete_five_failures,1,unsuccessful,valid_feedback,filler.supportive.1,3469795497683125335,10000,9582c82c0e979ad4740159fd2ec5d74526aeb48ac07bda14b2745a25206ae9f4,3048,8d8a406c2701498bf0a5134fc8d3d2dd3838c787cab23a0c65e571fa2681a630,0.005683190189301968
persona.low_e_high_n.v3.seed-2010.supportive,2010,supportive,persona.low_e_high_n.v3,low_e_high_n,v3,complete_five_failures,2,unsuccessful,valid_feedback,filler.supportive.2,7502407488306205158,3048,8d8a406c2701498bf0a5134fc8d3d2dd3838c787cab23a0c65e571fa2681a630,768,fc8d58a9e3d1f8e19ada2eb0935f356d1fd043e3c6223147b6eb63ab52c33d06,0.01803065650165081
persona.low_e_high_n.v3.seed-2010.supportive,2010,supportive,persona.low_e_high_n.v3,low_e_high_n,v3,complete_five_failures,3,unsuccessful,valid_feedback,filler.supportive.3,7505458095384574504,768,fc8d58a9e3d1f8e19ada2eb0935f356d1fd043e3c6223147b6eb63ab52c33d06,206,3701c51eacc8da4a43acc7def8b9efc78019c15d870b2f7a0f276ba681e765c0,0.01724560372531414
persona.low_e_high_n.v3.seed-2010.supportive,2010,supportive,persona.low_e_high_n.v3,low_e_high_n,v3,complete_five_failures,4,unsuccessful,valid_feedback,filler.supportive.4,8890796447059342011,206,3701c51eacc8da4a43acc7def8b9efc78019c15d870b2f7a0f276ba681e765c0,55,04a95813d7014d7950fe157a956d4387a292572957115ac209f07c7805a04adc,0.016238778829574585
persona.low_e_high_n.v3.seed-2010.supportive,2010,supportive,persona.low_e_high_n.v3,low_e_high_n,v3,complete_five_failures,5,unsuccessful,valid_feedback,filler.supportive.5,2061649511049620242,55,04a95813d7014d7950fe157a956d4387a292572957115ac209f07c7805a04adc,15,ce5d95544a095d12f3a94473e04ccab55002b524452e073c9d463fb6eb1f422c,0.018649442121386528
persona.low_e_high_n.v3.seed-2010.neutral,2010,neutral,persona.low_e_high_n.v3,low_e_high_n,v3,complete_five_failures,1,unsuccessful,valid_feedback,filler.neutral.1,3469795497683125335,10000,9582c82c0e979ad4740159fd2ec5d74526aeb48ac07bda14b2745a25206ae9f4,3048,8d8a406c2701498bf0a5134fc8d3d2dd3838c787cab23a0c65e571fa2681a630,0.005532132461667061
persona.low_e_high_n.v3.seed-2010.neutral,2010,neutral,persona.low_e_high_n.v3,low_e_high_n,v3,complete_five_failures,2,unsuccessful,valid_feedback,filler.neutral.2,7502407488306205158,3048,8d8a406c2701498bf0a5134fc8d3d2dd3838c787cab23a0c65e571fa2681a630,768,fc8d58a9e3d1f8e19ada2eb0935f356d1fd043e3c6223147b6eb63ab52c33d06,0.017321500927209854
persona.low_e_high_n.v3.seed-2010.neutral,2010,neutral,persona.low_e_high_n.v3,low_e_high_n,v3,complete_five_failures,3,unsuccessful,valid_feedback,filler.neutral.3,7505458095384574504,768,fc8d58a9e3d1f8e19ada2eb0935f356d1fd043e3c6223147b6eb63ab52c33d06,206,3701c51eacc8da4a43acc7def8b9efc78019c15d870b2f7a0f276ba681e765c0,0.014590239152312279
persona.low_e_high_n.v3.seed-2010.neutral,2010,neutral,persona.low_e_high_n.v3,low_e_high_n,v3,complete_five_failures,4,unsuccessful,valid_feedback,filler.neutral.4,8890796447059342011,206,3701c51eacc8da4a43acc7def8b9efc78019c15d870b2f7a0f276ba681e765c0,55,04a95813d7014d7950fe157a956d4387a292572957115ac209f07c7805a04adc,0.011992529034614563
persona.low_e_high_n.v3.seed-2010.neutral,2010,neutral,persona.low_e_high_n.v3,low_e_high_n,v3,complete_five_failures,5,unsuccessful,valid_feedback,filler.neutral.5,2061649511049620242,55,04a95813d7014d7950fe157a956d4387a292572957115ac209f07c7805a04adc,15,ce5d95544a095d12f3a94473e04ccab55002b524452e073c9d463fb6eb1f422c,0.015260268934071064
persona.low_e_low_n.seed-2001.feedback_only,2001,feedback_only,persona.low_e_low_n,low_e_low_n,v1,complete_five_failures,1,unsuccessful,valid_feedback,,4469567771656788920,10000,9582c82c0e979ad4740159fd2ec5d74526aeb48ac07bda14b2745a25206ae9f4,3048,8d8a406c2701498bf0a5134fc8d3d2dd3838c787cab23a0c65e571fa2681a630,0.005910632666200399
persona.low_e_low_n.seed-2001.feedback_only,2001,feedback_only,persona.low_e_low_n,low_e_low_n,v1,complete_five_failures,2,unsuccessful,valid_feedback,,462000147538888414,3048,8d8a406c2701498bf0a5134fc8d3d2dd3838c787cab23a0c65e571fa2681a630,768,fc8d58a9e3d1f8e19ada2eb0935f356d1fd043e3c6223147b6eb63ab52c33d06,0.01699318177998066
persona.low_e_low_n.seed-2001.feedback_only,2001,feedback_only,persona.low_e_low_n,low_e_low_n,v1,complete_five_failures,3,unsuccessful,valid_feedback,,7203904594921472573,768,fc8d58a9e3d1f8e19ada2eb0935f356d1fd043e3c6223147b6eb63ab52c33d06,206,3701c51eacc8da4a43acc7def8b9efc78019c15d870b2f7a0f276ba681e765c0,0.016034642234444618
persona.low_e_low_n.seed-2001.feedback_only,2001,feedback_only,persona.low_e_low_n,low_e_low_n,v1,complete_five_failures,4,unsuccessful,valid_feedback,,7493285141810551950,206,3701c51eacc8da4a43acc7def8b9efc78019c15d870b2f7a0f276ba681e765c0,55,04a95813d7014d7950fe157a956d4387a292572957115ac209f07c7805a04adc,0.012881208211183548
persona.low_e_low_n.seed-2001.feedback_only,2001,feedback_only,persona.low_e_low_n,low_e_low_n,v1,complete_five_failures,5,unsuccessful,valid_feedback,,1845676750874802399,55,04a95813d7014d7950fe157a956d4387a292572957115ac209f07c7805a04adc,15,ce5d95544a095d12f3a94473e04ccab55002b524452e073c9d463fb6eb1f422c,0.016903553158044815
persona.low_e_low_n.seed-2001.supportive,2001,supportive,persona.low_e_low_n,low_e_low_n,v1,complete_five_failures,1,unsuccessful,valid_feedback,filler.supportive.1,4469567771656788920,10000,9582c82c0e979ad4740159fd2ec5d74526aeb48ac07bda14b2745a25206ae9f4,3048,8d8a406c2701498bf0a5134fc8d3d2dd3838c787cab23a0c65e571fa2681a630,0.003989245742559433
persona.low_e_low_n.seed-2001.supportive,2001,supportive,persona.low_e_low_n,low_e_low_n,v1,complete_five_failures,2,unsuccessful,valid_feedback,filler.supportive.2,462000147538888414,3048,8d8a406c2701498bf0a5134fc8d3d2dd3838c787cab23a0c65e571fa2681a630,768,fc8d58a9e3d1f8e19ada2eb0935f356d1fd043e3c6223147b6eb63ab52c33d06,0.01700926199555397
persona.low_e_low_n.seed-2001.supportive,2001,supportive,persona.low_e_low_n,low_e_low_n,v1,complete_five_failures,3,unsuccessful,valid_feedback,filler.supportive.3,7203904594921472573,768,fc8d58a9e3d1f8e19ada2eb0935f356d1fd043e3c6223147b6eb63ab52c33d06,206,3701c51eacc8da4a43acc7def8b9efc78019c15d870b2f7a0f276ba681e765c0,0.01662481762468815
persona.low_e_low_n.seed-2001.supportive,2001,supportive,persona.low_e_low_n,low_e_low_n,v1,complete_five_failures,4,unsuccessful,valid_feedback,filler.supportive.4,7493285141810551950,206,3701c51eacc8da4a43acc7def8b9efc78019c15d870b2f7a0f276ba681e765c0,55,04a95813d7014d7950fe157a956d4387a292572957115ac209f07c7805a04adc,0.015485137701034546
persona.low_e_low_n.seed-2001.supportive,2001,supportive,persona.low_e_low_n,low_e_low_n,v1,complete_five_failures,5,unsuccessful,valid_feedback,filler.supportive.5,1845676750874802399,55,04a95813d7014d7950fe157a956d4387a292572957115ac209f07c7805a04adc,15,ce5d95544a095d12f3a94473e04ccab55002b524452e073c9d463fb6eb1f422c,0.017862237989902496
persona.low_e_low_n.seed-2001.neutral,2001,neutral,persona.low_e_low_n,low_e_low_n,v1,complete_five_failures,1,unsuccessful,valid_feedback,filler.neutral.1,4469567771656788920,10000,9582c82c0e979ad4740159fd2ec5d74526aeb48ac07bda14b2745a25206ae9f4,3048,8d8a406c2701498bf0a5134fc8d3d2dd3838c787cab23a0c65e571fa2681a630,0.0038127514999359846
persona.low_e_low_n.seed-2001.neutral,2001,neutral,persona.low_e_low_n,low_e_low_n,v1,complete_five_failures,2,unsuccessful,valid_feedback,filler.neutral.2,462000147538888414,3048,8d8a406c2701498bf0a5134fc8d3d2dd3838c787cab23a0c65e571fa2681a630,768,fc8d58a9e3d1f8e19ada2eb0935f356d1fd043e3c6223147b6eb63ab52c33d06,0.01651708409190178
persona.low_e_low_n.seed-2001.neutral,2001,neutral,persona.low_e_low_n,low_e_low_n,v1,complete_five_failures,3,unsuccessful,valid_feedback,filler.neutral.3,7203904594921472573,768,fc8d58a9e3d1f8e19ada2eb0935f356d1fd043e3c6223147b6eb63ab52c33d06,206,3701c51eacc8da4a43acc7def8b9efc78019c15d870b2f7a0f276ba681e765c0,0.014284544624388218
persona.low_e_low_n.seed-2001.neutral,2001,neutral,persona.low_e_low_n,low_e_low_n,v1,complete_five_failures,4,unsuccessful,valid_feedback,filler.neutral.4,7493285141810551950,206,3701c51eacc8da4a43acc7def8b9efc78019c15d870b2f7a0f276ba681e765c0,55,04a95813d7014d7950fe157a956d4387a292572957115ac209f07c7805a04adc,0.0115866893902421
persona.low_e_low_n.seed-2001.neutral,2001,neutral,persona.low_e_low_n,low_e_low_n,v1,complete_five_failures,5,unsuccessful,valid_feedback,filler.neutral.5,1845676750874802399,55,04a95813d7014d7950fe157a956d4387a292572957115ac209f07c7805a04adc,15,ce5d95544a095d12f3a94473e04ccab55002b524452e073c9d463fb6eb1f422c,0.014676659367978573
persona.low_e_low_n.seed-2002.feedback_only,2002,feedback_only,persona.low_e_low_n,low_e_low_n,v1,complete_five_failures,1,unsuccessful,valid_feedback,,1362916748984622560,10000,9582c82c0e979ad4740159fd2ec5d74526aeb48ac07bda14b2745a25206ae9f4,3048,c276bf3530cc8d3ce2b1ddb7f6cbf168184316c3a9894881b55d5b73f476cc0f,0.00799683015793562
persona.low_e_low_n.seed-2002.feedback_only,2002,feedback_only,persona.low_e_low_n,low_e_low_n,v1,complete_five_failures,2,unsuccessful,valid_feedback,,650953833576476763,3048,c276bf3530cc8d3ce2b1ddb7f6cbf168184316c3a9894881b55d5b73f476cc0f,886,0d3daa2ca8d34575596ff98fbf16fdc66fdcf7a2b2d6aaec69967d78b459ac5a,0.017739620059728622
persona.low_e_low_n.seed-2002.feedback_only,2002,feedback_only,persona.low_e_low_n,low_e_low_n,v1,complete_five_failures,3,invalid,invalid_guess,,2885332770678600905,886,0d3daa2ca8d34575596ff98fbf16fdc66fdcf7a2b2d6aaec69967d78b459ac5a,886,0d3daa2ca8d34575596ff98fbf16fdc66fdcf7a2b2d6aaec69967d78b459ac5a,0.019588103517889977
persona.low_e_low_n.seed-2002.feedback_only,2002,feedback_only,persona.low_e_low_n,low_e_low_n,v1,complete_five_failures,4,unsuccessful,valid_feedback,,3768721403253947093,886,0d3daa2ca8d34575596ff98fbf16fdc66fdcf7a2b2d6aaec69967d78b459ac5a,220,b031badf1c7b454458384239ee7ddba0095ddd30af33aaf382c5c243f0c0deff,0.009612937457859516
persona.low_e_low_n.seed-2002.feedback_only,2002,feedback_only,persona.low_e_low_n,low_e_low_n,v1,complete_five_failures,5,unsuccessful,valid_feedback,,7993377739206102388,220,b031badf1c7b454458384239ee7ddba0095ddd30af33aaf382c5c243f0c0deff,62,b502b312ad24fbedb79ad5b6f04133d76144a7889717dfed8a885ca84c303ed9,0.013439249247312546
persona.low_e_low_n.seed-2002.supportive,2002,supportive,persona.low_e_low_n,low_e_low_n,v1,complete_five_failures,1,unsuccessful,valid_feedback,filler.supportive.1,1362916748984622560,10000,9582c82c0e979ad4740159fd2ec5d74526aeb48ac07bda14b2745a25206ae9f4,3048,c276bf3530cc8d3ce2b1ddb7f6cbf168184316c3a9894881b55d5b73f476cc0f,0.006498494651168585
persona.low_e_low_n.seed-2002.supportive,2002,supportive,persona.low_e_low_n,low_e_low_n,v1,complete_five_failures,2,unsuccessful,valid_feedback,filler.supportive.2,650953833576476763,3048,c276bf3530cc8d3ce2b1ddb7f6cbf168184316c3a9894881b55d5b73f476cc0f,886,0d3daa2ca8d34575596ff98fbf16fdc66fdcf7a2b2d6aaec69967d78b459ac5a,0.017452223226428032
persona.low_e_low_n.seed-2002.supportive,2002,supportive,persona.low_e_low_n,low_e_low_n,v1,complete_five_failures,3,unsuccessful,valid_feedback,filler.supportive.3,2885332770678600905,886,0d3daa2ca8d34575596ff98fbf16fdc66fdcf7a2b2d6aaec69967d78b459ac5a,286,ebde167f8efa817eecbe8345bd3812daa0bf149daf9d690fed1427f25824e8c4,0.02601197175681591
persona.low_e_low_n.seed-2002.supportive,2002,supportive,persona.low_e_low_n,low_e_low_n,v1,complete_five_failures,4,unsuccessful,valid_feedback,filler.supportive.4,3768721403253947093,286,ebde167f8efa817eecbe8345bd3812daa0bf149daf9d690fed1427f25824e8c4,74,4951a218177cc6702e13b2c0e04d1083d467c3e58f4bb9e1942f3c685d81ca55,0.017604557797312737
persona.low_e_low_n.seed-2002.supportive,2002,supportive,persona.low_e_low_n,low_e_low_n,v1,complete_five_failures,5,unsuccessful,valid_feedback,filler.supportive.5,7993377739206102388,74,4951a218177cc6702e13b2c0e04d1083d467c3e58f4bb9e1942f3c685d81ca55,34,51161e94aaea7a3a70a471c4667620bb64aa46bd2583653ede9f2d8bbb3ce7a3,0.014755218289792538
persona.low_e_low_n.seed-2002.neutral,2002,neutral,persona.low_e_low_n,low_e_low_n,v1,complete_five_failures,1,unsuccessful,valid_feedback,filler.neutral.1,1362916748984622560,10000,9582c82c0e979ad4740159fd2ec5d74526aeb48ac07bda14b2745a25206ae9f4,3048,c276bf3530cc8d3ce2b1ddb7f6cbf168184316c3a9894881b55d5b73f476cc0f,0.005533610936254263
persona.low_e_low_n.seed-2002.neutral,2002,neutral,persona.low_e_low_n,low_e_low_n,v1,complete_five_failures,2,unsuccessful,valid_feedback,filler.neutral.2,650953833576476763,3048,c276bf3530cc8d3ce2b1ddb7f6cbf168184316c3a9894881b55d5b73f476cc0f,886,0d3daa2ca8d34575596ff98fbf16fdc66fdcf7a2b2d6aaec69967d78b459ac5a,0.017130063846707344
persona.low_e_low_n.seed-2002.neutral,2002,neutral,persona.low_e_low_n,low_e_low_n,v1,complete_five_failures,3,invalid,invalid_guess,filler.neutral.3,2885332770678600905,886,0d3daa2ca8d34575596ff98fbf16fdc66fdcf7a2b2d6aaec69967d78b459ac5a,886,0d3daa2ca8d34575596ff98fbf16fdc66fdcf7a2b2d6aaec69967d78b459ac5a,0.012561304494738579
persona.low_e_low_n.seed-2002.neutral,2002,neutral,persona.low_e_low_n,low_e_low_n,v1,complete_five_failures,4,unsuccessful,valid_feedback,filler.neutral.4,3768721403253947093,886,0d3daa2ca8d34575596ff98fbf16fdc66fdcf7a2b2d6aaec69967d78b459ac5a,239,cff8a270d51840c08248b6ef13bde1397c422a567b01cfd641bfa8b2f7af521c,0.009732900187373161
persona.low_e_low_n.seed-2002.neutral,2002,neutral,persona.low_e_low_n,low_e_low_n,v1,complete_five_failures,5,unsuccessful,valid_feedback,filler.neutral.5,7993377739206102388,239,cff8a270d51840c08248b6ef13bde1397c422a567b01cfd641bfa8b2f7af521c,86,dcd48a937783d3bcce96dce35bf00f78d8bce6a4cbdc63193bb9a4bef974927b,0.014565553516149521
persona.low_e_low_n.seed-2003.feedback_only,2003,feedback_only,persona.low_e_low_n,low_e_low_n,v1,complete_five_failures,1,unsuccessful,valid_feedback,,8452511391424371538,10000,9582c82c0e979ad4740159fd2ec5d74526aeb48ac07bda14b2745a25206ae9f4,3048,8d8a406c2701498bf0a5134fc8d3d2dd3838c787cab23a0c65e571fa2681a630,0.005910632666200399
persona.low_e_low_n.seed-2003.feedback_only,2003,feedback_only,persona.low_e_low_n,low_e_low_n,v1,complete_five_failures,2,unsuccessful,valid_feedback,,2185802378076996070,3048,8d8a406c2701498bf0a5134fc8d3d2dd3838c787cab23a0c65e571fa2681a630,768,fc8d58a9e3d1f8e19ada2eb0935f356d1fd043e3c6223147b6eb63ab52c33d06,0.01699318177998066
persona.low_e_low_n.seed-2003.feedback_only,2003,feedback_only,persona.low_e_low_n,low_e_low_n,v1,complete_five_failures,3,unsuccessful,valid_feedback,,4546495009630349109,768,fc8d58a9e3d1f8e19ada2eb0935f356d1fd043e3c6223147b6eb63ab52c33d06,206,3701c51eacc8da4a43acc7def8b9efc78019c15d870b2f7a0f276ba681e765c0,0.016034642234444618
persona.low_e_low_n.seed-2003.feedback_only,2003,feedback_only,persona.low_e_low_n,low_e_low_n,v1,complete_five_failures,4,unsuccessful,valid_feedback,,5827469766280291389,206,3701c51eacc8da4a43acc7def8b9efc78019c15d870b2f7a0f276ba681e765c0,55,04a95813d7014d7950fe157a956d4387a292572957115ac209f07c7805a04adc,0.012881208211183548
persona.low_e_low_n.seed-2003.feedback_only,2003,feedback_only,persona.low_e_low_n,low_e_low_n,v1,complete_five_failures,5,unsuccessful,valid_feedback,,9189069359561447070,55,04a95813d7014d7950fe157a956d4387a292572957115ac209f07c7805a04adc,15,ce5d95544a095d12f3a94473e04ccab55002b524452e073c9d463fb6eb1f422c,0.016903553158044815
persona.low_e_low_n.seed-2003.supportive,2003,supportive,persona.low_e_low_n,low_e_low_n,v1,complete_five_failures,1,unsuccessful,valid_feedback,filler.supportive.1,8452511391424371538,10000,9582c82c0e979ad4740159fd2ec5d74526aeb48ac07bda14b2745a25206ae9f4,3048,8d8a406c2701498bf0a5134fc8d3d2dd3838c787cab23a0c65e571fa2681a630,0.003989245742559433
persona.low_e_low_n.seed-2003.supportive,2003,supportive,persona.low_e_low_n,low_e_low_n,v1,complete_five_failures,2,unsuccessful,valid_feedback,filler.supportive.2,2185802378076996070,3048,8d8a406c2701498bf0a5134fc8d3d2dd3838c787cab23a0c65e571fa2681a630,768,fc8d58a9e3d1f8e19ada2eb0935f356d1fd043e3c6223147b6eb63ab52c33d06,0.01700926199555397
persona.low_e_low_n.seed-2003.supportive,2003,supportive,persona.low_e_low_n,low_e_low_n,v1,complete_five_failures,3,unsuccessful,valid_feedback,filler.supportive.3,4546495009630349109,768,fc8d58a9e3d1f8e19ada2eb0935f356d1fd043e3c6223147b6eb63ab52c33d06,206,3701c51eacc8da4a43acc7def8b9efc78019c15d870b2f7a0f276ba681e765c0,0.01662481762468815
persona.low_e_low_n.seed-2003.supportive,2003,supportive,persona.low_e_low_n,low_e_low_n,v1,complete_five_failures,4,unsuccessful,valid_feedback,filler.supportive.4,5827469766280291389,206,3701c51eacc8da4a43acc7def8b9efc78019c15d870b2f7a0f276ba681e765c0,55,04a95813d7014d7950fe157a956d4387a292572957115ac209f07c7805a04adc,0.015485137701034546
persona.low_e_low_n.seed-2003.supportive,2003,supportive,persona.low_e_low_n,low_e_low_n,v1,complete_five_failures,5,unsuccessful,valid_feedback,filler.supportive.5,9189069359561447070,55,04a95813d7014d7950fe157a956d4387a292572957115ac209f07c7805a04adc,15,ce5d95544a095d12f3a94473e04ccab55002b524452e073c9d463fb6eb1f422c,0.017862237989902496
persona.low_e_low_n.seed-2003.neutral,2003,neutral,persona.low_e_low_n,low_e_low_n,v1,complete_five_failures,1,unsuccessful,valid_feedback,filler.neutral.1,8452511391424371538,10000,9582c82c0e979ad4740159fd2ec5d74526aeb48ac07bda14b2745a25206ae9f4,3048,8d8a406c2701498bf0a5134fc8d3d2dd3838c787cab23a0c65e571fa2681a630,0.0038127514999359846
persona.low_e_low_n.seed-2003.neutral,2003,neutral,persona.low_e_low_n,low_e_low_n,v1,complete_five_failures,2,unsuccessful,valid_feedback,filler.neutral.2,2185802378076996070,3048,8d8a406c2701498bf0a5134fc8d3d2dd3838c787cab23a0c65e571fa2681a630,768,fc8d58a9e3d1f8e19ada2eb0935f356d1fd043e3c6223147b6eb63ab52c33d06,0.01651708409190178
persona.low_e_low_n.seed-2003.neutral,2003,neutral,persona.low_e_low_n,low_e_low_n,v1,complete_five_failures,3,unsuccessful,valid_feedback,filler.neutral.3,4546495009630349109,768,fc8d58a9e3d1f8e19ada2eb0935f356d1fd043e3c6223147b6eb63ab52c33d06,206,3701c51eacc8da4a43acc7def8b9efc78019c15d870b2f7a0f276ba681e765c0,0.014284544624388218
persona.low_e_low_n.seed-2003.neutral,2003,neutral,persona.low_e_low_n,low_e_low_n,v1,complete_five_failures,4,unsuccessful,valid_feedback,filler.neutral.4,5827469766280291389,206,3701c51eacc8da4a43acc7def8b9efc78019c15d870b2f7a0f276ba681e765c0,55,04a95813d7014d7950fe157a956d4387a292572957115ac209f07c7805a04adc,0.0115866893902421
persona.low_e_low_n.seed-2003.neutral,2003,neutral,persona.low_e_low_n,low_e_low_n,v1,complete_five_failures,5,unsuccessful,valid_feedback,filler.neutral.5,9189069359561447070,55,04a95813d7014d7950fe157a956d4387a292572957115ac209f07c7805a04adc,15,ce5d95544a095d12f3a94473e04ccab55002b524452e073c9d463fb6eb1f422c,0.014676659367978573
persona.low_e_low_n.seed-2004.feedback_only,2004,feedback_only,persona.low_e_low_n,low_e_low_n,v1,complete_five_failures,1,unsuccessful,valid_feedback,,3012682462339476124,10000,9582c82c0e979ad4740159fd2ec5d74526aeb48ac07bda14b2745a25206ae9f4,6561,53a14051f308be8c745906018a762ceb477324e2fdfef98aa3ddc1cd72bc1dbf,0.006537731736898422
persona.low_e_low_n.seed-2004.feedback_only,2004,feedback_only,persona.low_e_low_n,low_e_low_n,v1,complete_five_failures,2,unsuccessful,valid_feedback,,5539227853087561902,6561,53a14051f308be8c745906018a762ceb477324e2fdfef98aa3ddc1cd72bc1dbf,4096,376496ebbc388d8377fe7808c992e94a578bc62ac25dfbf6252690822d1450d6,0.012201420031487942
persona.low_e_low_n.seed-2004.feedback_only,2004,feedback_only,persona.low_e_low_n,low_e_low_n,v1,complete_five_failures,3,unsuccessful,valid_feedback,,9087570836507131457,4096,376496ebbc388d8377fe7808c992e94a578bc62ac25dfbf6252690822d1450d6,2401,189f5cdadf24cab8dffbae24e408b2d176c74829ec85b4aaf529f1064f1bda1e,0.018210111185908318
persona.low_e_low_n.seed-2004.feedback_only,2004,feedback_only,persona.low_e_low_n,low_e_low_n,v1,complete_five_failures,4,unsuccessful,valid_feedback,,4770636941596934890,2401,189f5cdadf24cab8dffbae24e408b2d176c74829ec85b4aaf529f1064f1bda1e,1296,e89552d5dca552c05e3ffd1f6a4215ff15f21f0c2b733aaa2eeeffc5541698b2,0.020389815792441368
persona.low_e_low_n.seed-2004.feedback_only,2004,feedback_only,persona.low_e_low_n,low_e_low_n,v1,complete_five_failures,5,unsuccessful,valid_feedback,,879249873976900214,1296,e89552d5dca552c05e3ffd1f6a4215ff15f21f0c2b733aaa2eeeffc5541698b2,625,4d28f7984ad1e52f00b72ec545d23d24e5091aa76e3403c7e85db43033899fbe,0.020933324471116066
persona.low_e_low_n.seed-2004.supportive,2004,supportive,persona.low_e_low_n,low_e_low_n,v1,complete_five_failures,1,unsuccessful,valid_feedback,filler.supportive.1,3012682462339476124,10000,9582c82c0e979ad4740159fd2ec5d74526aeb48ac07bda14b2745a25206ae9f4,6561,53a14051f308be8c745906018a762ceb477324e2fdfef98aa3ddc1cd72bc1dbf,0.0025410654488950968
persona.low_e_low_n.seed-2004.supportive,2004,supportive,persona.low_e_low_n,low_e_low_n,v1,complete_five_failures,2,unsuccessful,valid_feedback,filler.supportive.2,5539227853087561902,6561,53a14051f308be8c745906018a762ceb477324e2fdfef98aa3ddc1cd72bc1dbf,1820,ab963e3ac5c47a412aa8e77e52f2aebf2c350c67899c4acae4511a5e0eb024e6,0.014843790791928768
persona.low_e_low_n.seed-2004.supportive,2004,supportive,persona.low_e_low_n,low_e_low_n,v1,complete_five_failures,3,unsuccessful,valid_feedback,filler.supportive.3,9087570836507131457,1820,ab963e3ac5c47a412aa8e77e52f2aebf2c350c67899c4acae4511a5e0eb024e6,588,8700a3bcaa3be0b6d6d88102648e2e896709b87e73bc3b226c676a53c735b7aa,0.017914937809109688
persona.low_e_low_n.seed-2004.supportive,2004,supportive,persona.low_e_low_n,low_e_low_n,v1,complete_five_failures,4,unsuccessful,valid_feedback,filler.supportive.4,4770636941596934890,588,8700a3bcaa3be0b6d6d88102648e2e896709b87e73bc3b226c676a53c735b7aa,184,cb198093726eef3fc3e7114005fe6d3fcfc94f89aa68ca88f644f07878fb6efb,0.019995518028736115
persona.low_e_low_n.seed-2004.supportive,2004,supportive,persona.low_e_low_n,low_e_low_n,v1,complete_five_failures,5,unsuccessful,valid_feedback,filler.supportive.5,879249873976900214,184,cb198093726eef3fc3e7114005fe6d3fcfc94f89aa68ca88f644f07878fb6efb,63,f5615a652174268c6d89bcdffbb8a46dc5825ddf29135ada17dc66ea2dbefec9,0.020608752965927124
persona.low_e_low_n.seed-2004.neutral,2004,neutral,persona.low_e_low_n,low_e_low_n,v1,complete_five_failures,1,unsuccessful,valid_feedback,filler.neutral.1,3012682462339476124,10000,9582c82c0e979ad4740159fd2ec5d74526aeb48ac07bda14b2745a25206ae9f4,6561,53a14051f308be8c745906018a762ceb477324e2fdfef98aa3ddc1cd72bc1dbf,0.0023220295552164316
persona.low_e_low_n.seed-2004.neutral,2004,neutral,persona.low_e_low_n,low_e_low_n,v1,complete_five_failures,2,unsuccessful,valid_feedback,filler.neutral.2,5539227853087561902,6561,53a14051f308be8c745906018a762ceb477324e2fdfef98aa3ddc1cd72bc1dbf,1820,ab963e3ac5c47a412aa8e77e52f2aebf2c350c67899c4acae4511a5e0eb024e6,0.012758959084749222
persona.low_e_low_n.seed-2004.neutral,2004,neutral,persona.low_e_low_n,low_e_low_n,v1,complete_five_failures,3,unsuccessful,valid_feedback,filler.neutral.3,9087570836507131457,1820,ab963e3ac5c47a412aa8e77e52f2aebf2c350c67899c4acae4511a5e0eb024e6,588,8700a3bcaa3be0b6d6d88102648e2e896709b87e73bc3b226c676a53c735b7aa,0.015219534747302532
persona.low_e_low_n.seed-2004.neutral,2004,neutral,persona.low_e_low_n,low_e_low_n,v1,complete_five_failures,4,unsuccessful,valid_feedback,filler.neutral.4,4770636941596934890,588,8700a3bcaa3be0b6d6d88102648e2e896709b87e73bc3b226c676a53c735b7aa,184,cb198093726eef3fc3e7114005fe6d3fcfc94f89aa68ca88f644f07878fb6efb,0.014429586939513683
persona.low_e_low_n.seed-2004.neutral,2004,neutral,persona.low_e_low_n,low_e_low_n,v1,complete_five_failures,5,unsuccessful,valid_feedback,filler.neutral.5,879249873976900214,184,cb198093726eef3fc3e7114005fe6d3fcfc94f89aa68ca88f644f07878fb6efb,63,f5615a652174268c6d89bcdffbb8a46dc5825ddf29135ada17dc66ea2dbefec9,0.01663999632000923
persona.low_e_low_n.seed-2005.feedback_only,2005,feedback_only,persona.low_e_low_n,low_e_low_n,v1,complete_five_failures,1,unsuccessful,valid_feedback,,8146282925072561755,10000,9582c82c0e979ad4740159fd2ec5d74526aeb48ac07bda14b2745a25206ae9f4,3048,8d8a406c2701498bf0a5134fc8d3d2dd3838c787cab23a0c65e571fa2681a630,0.006440537050366402
persona.low_e_low_n.seed-2005.feedback_only,2005,feedback_only,persona.low_e_low_n,low_e_low_n,v1,complete_five_failures,2,unsuccessful,valid_feedback,,7270573099286778731,3048,8d8a406c2701498bf0a5134fc8d3d2dd3838c787cab23a0c65e571fa2681a630,768,fc8d58a9e3d1f8e19ada2eb0935f356d1fd043e3c6223147b6eb63ab52c33d06,0.015215964987874031
persona.low_e_low_n.seed-2005.feedback_only,2005,feedback_only,persona.low_e_low_n,low_e_low_n,v1,complete_five_failures,3,unsuccessful,valid_feedback,,320833271567228942,768,fc8d58a9e3d1f8e19ada2eb0935f356d1fd043e3c6223147b6eb63ab52c33d06,184,bb21685db6fbb818e3af6f4c5457db0c37e606a39470f45697f58b6b63d9526f,0.0155145563185215
persona.low_e_low_n.seed-2005.feedback_only,2005,feedback_only,persona.low_e_low_n,low_e_low_n,v1,complete_five_failures,4,unsuccessful,valid_feedback,,1081455331307413947,184,bb21685db6fbb818e3af6f4c5457db0c37e606a39470f45697f58b6b63d9526f,52,8727d9ce5fc0fc52767e37f5a5888530542b8cfb1a8cd4921fbcebfe35c06ec9,0.010483577847480774
persona.low_e_low_n.seed-2005.feedback_only,2005,feedback_only,persona.low_e_low_n,low_e_low_n,v1,complete_five_failures,5,unsuccessful,valid_feedback,,5451539660838294209,52,8727d9ce5fc0fc52767e37f5a5888530542b8cfb1a8cd4921fbcebfe35c06ec9,14,b095fd74ddff9807c5b218bb54089369c9a8234da040fb89bc7b476d47ae2067,0.0013583325780928135
persona.low_e_low_n.seed-2005.supportive,2005,supportive,persona.low_e_low_n,low_e_low_n,v1,complete_five_failures,1,unsuccessful,valid_feedback,filler.supportive.1,8146282925072561755,10000,9582c82c0e979ad4740159fd2ec5d74526aeb48ac07bda14b2745a25206ae9f4,3048,8d8a406c2701498bf0a5134fc8d3d2dd3838c787cab23a0c65e571fa2681a630,0.004550771322101355
persona.low_e_low_n.seed-2005.supportive,2005,supportive,persona.low_e_low_n,low_e_low_n,v1,complete_five_failures,2,unsuccessful,valid_feedback,filler.supportive.2,7270573099286778731,3048,8d8a406c2701498bf0a5134fc8d3d2dd3838c787cab23a0c65e571fa2681a630,768,fc8d58a9e3d1f8e19ada2eb0935f356d1fd043e3c6223147b6eb63ab52c33d06,0.019186466932296753
persona.low_e_low_n.seed-2005.supportive,2005,supportive,persona.low_e_low_n,low_e_low_n,v1,complete_five_failures,3,unsuccessful,valid_feedback,filler.supportive.3,320833271567228942,768,fc8d58a9e3d1f8e19ada2eb0935f356d1fd043e3c6223147b6eb63ab52c33d06,190,35049178f6b4f7103224259f9c9baff8546af3ff8ac7de6c3814cb9b2c8a38ef,0.01588570885360241
persona.low_e_low_n.seed-2005.supportive,2005,supportive,persona.low_e_low_n,low_e_low_n,v1,complete_five_failures,4,unsuccessful,valid_feedback,filler.supportive.4,1081455331307413947,190,35049178f6b4f7103224259f9c9baff8546af3ff8ac7de6c3814cb9b2c8a38ef,51,7f6792ea80549f3fe04e97f7dcf6ec11eee7817a080ac7fed3b10acf9289c34c,0.009049784392118454
persona.low_e_low_n.seed-2005.supportive,2005,supportive,persona.low_e_low_n,low_e_low_n,v1,complete_five_failures,5,unsuccessful,valid_feedback,filler.supportive.5,5451539660838294209,51,7f6792ea80549f3fe04e97f7dcf6ec11eee7817a080ac7fed3b10acf9289c34c,25,ece30cf22d281aa2d29dbd5b632ea660c98aac1c9754a6467a2c6815b58b52cd,0.013806835748255253
persona.low_e_low_n.seed-2005.neutral,2005,neutral,persona.low_e_low_n,low_e_low_n,v1,complete_five_failures,1,unsuccessful,valid_feedback,filler.neutral.1,8146282925072561755,10000,9582c82c0e979ad4740159fd2ec5d74526aeb48ac07bda14b2745a25206ae9f4,3048,8d8a406c2701498bf0a5134fc8d3d2dd3838c787cab23a0c65e571fa2681a630,0.004361059982329607
persona.low_e_low_n.seed-2005.neutral,2005,neutral,persona.low_e_low_n,low_e_low_n,v1,complete_five_failures,2,unsuccessful,valid_feedback,filler.neutral.2,7270573099286778731,3048,8d8a406c2701498bf0a5134fc8d3d2dd3838c787cab23a0c65e571fa2681a630,768,fc8d58a9e3d1f8e19ada2eb0935f356d1fd043e3c6223147b6eb63ab52c33d06,0.015075752511620522
persona.low_e_low_n.seed-2005.neutral,2005,neutral,persona.low_e_low_n,low_e_low_n,v1,complete_five_failures,3,unsuccessful,valid_feedback,filler.neutral.3,320833271567228942,768,fc8d58a9e3d1f8e19ada2eb0935f356d1fd043e3c6223147b6eb63ab52c33d06,184,bb21685db6fbb818e3af6f4c5457db0c37e606a39470f45697f58b6b63d9526f,0.014162363484501839
persona.low_e_low_n.seed-2005.neutral,2005,neutral,persona.low_e_low_n,low_e_low_n,v1,complete_five_failures,4,unsuccessful,valid_feedback,filler.neutral.4,1081455331307413947,184,bb21685db6fbb818e3af6f4c5457db0c37e606a39470f45697f58b6b63d9526f,52,8727d9ce5fc0fc52767e37f5a5888530542b8cfb1a8cd4921fbcebfe35c06ec9,0.011790083721280098
persona.low_e_low_n.seed-2005.neutral,2005,neutral,persona.low_e_low_n,low_e_low_n,v1,complete_five_failures,5,unsuccessful,valid_feedback,filler.neutral.5,5451539660838294209,52,8727d9ce5fc0fc52767e37f5a5888530542b8cfb1a8cd4921fbcebfe35c06ec9,14,b095fd74ddff9807c5b218bb54089369c9a8234da040fb89bc7b476d47ae2067,0.004825910087674856
persona.low_e_low_n.seed-2006.feedback_only,2006,feedback_only,persona.low_e_low_n,low_e_low_n,v1,complete_five_failures,1,unsuccessful,valid_feedback,,20746705984210227,10000,9582c82c0e979ad4740159fd2ec5d74526aeb48ac07bda14b2745a25206ae9f4,3048,8d8a406c2701498bf0a5134fc8d3d2dd3838c787cab23a0c65e571fa2681a630,0.005910632666200399
persona.low_e_low_n.seed-2006.feedback_only,2006,feedback_only,persona.low_e_low_n,low_e_low_n,v1,complete_five_failures,2,unsuccessful,valid_feedback,,7186787635236517948,3048,8d8a406c2701498bf0a5134fc8d3d2dd3838c787cab23a0c65e571fa2681a630,768,fc8d58a9e3d1f8e19ada2eb0935f356d1fd043e3c6223147b6eb63ab52c33d06,0.01699318177998066
persona.low_e_low_n.seed-2006.feedback_only,2006,feedback_only,persona.low_e_low_n,low_e_low_n,v1,complete_five_failures,3,unsuccessful,valid_feedback,,2633872377281840482,768,fc8d58a9e3d1f8e19ada2eb0935f356d1fd043e3c6223147b6eb63ab52c33d06,206,3701c51eacc8da4a43acc7def8b9efc78019c15d870b2f7a0f276ba681e765c0,0.016034642234444618
persona.low_e_low_n.seed-2006.feedback_only,2006,feedback_only,persona.low_e_low_n,low_e_low_n,v1,complete_five_failures,4,unsuccessful,valid_feedback,,7338954399356967658,206,3701c51eacc8da4a43acc7def8b9efc78019c15d870b2f7a0f276ba681e765c0,55,04a95813d7014d7950fe157a956d4387a292572957115ac209f07c7805a04adc,0.012881208211183548
persona.low_e_low_n.seed-2006.feedback_only,2006,feedback_only,persona.low_e_low_n,low_e_low_n,v1,complete_five_failures,5,unsuccessful,valid_feedback,,9132968224681273883,55,04a95813d7014d7950fe157a956d4387a292572957115ac209f07c7805a04adc,15,ce5d95544a095d12f3a94473e04ccab55002b524452e073c9d463fb6eb1f422c,0.016903553158044815
persona.low_e_low_n.seed-2006.supportive,2006,supportive,persona.low_e_low_n,low_e_low_n,v1,complete_five_failures,1,unsuccessful,valid_feedback,filler.supportive.1,20746705984210227,10000,9582c82c0e979ad4740159fd2ec5d74526aeb48ac07bda14b2745a25206ae9f4,3048,8d8a406c2701498bf0a5134fc8d3d2dd3838c787cab23a0c65e571fa2681a630,0.003989245742559433
persona.low_e_low_n.seed-2006.supportive,2006,supportive,persona.low_e_low_n,low_e_low_n,v1,complete_five_failures,2,unsuccessful,valid_feedback,filler.supportive.2,7186787635236517948,3048,8d8a406c2701498bf0a5134fc8d3d2dd3838c787cab23a0c65e571fa2681a630,768,fc8d58a9e3d1f8e19ada2eb0935f356d1fd043e3c6223147b6eb63ab52c33d06,0.01700926199555397
persona.low_e_low_n.seed-2006.supportive,2006,supportive,persona.low_e_low_n,low_e_low_n,v1,complete_five_failures,3,unsuccessful,valid_feedback,filler.supportive.3,2633872377281840482,768,fc8d58a9e3d1f8e19ada2eb0935f356d1fd043e3c6223147b6eb63ab52c33d06,206,3701c51eacc8da4a43acc7def8b9efc78019c15d870b2f7a0f276ba681e765c0,0.01662481762468815
persona.low_e_low_n.seed-2006.supportive,2006,supportive,persona.low_e_low_n,low_e_low_n,v1,complete_five_failures,4,unsuccessful,valid_feedback,filler.supportive.4,7338954399356967658,206,3701c51eacc8da4a43acc7def8b9efc78019c15d870b2f7a0f276ba681e765c0,55,04a95813d7014d7950fe157a956d4387a292572957115ac209f07c7805a04adc,0.015485137701034546
persona.low_e_low_n.seed-2006.supportive,2006,supportive,persona.low_e_low_n,low_e_low_n,v1,complete_five_failures,5,unsuccessful,valid_feedback,filler.supportive.5,9132968224681273883,55,04a95813d7014d7950fe157a956d4387a292572957115ac209f07c7805a04adc,15,ce5d95544a095d12f3a94473e04ccab55002b524452e073c9d463fb6eb1f422c,0.017862237989902496
persona.low_e_low_n.seed-2006.neutral,2006,neutral,persona.low_e_low_n,low_e_low_n,v1,complete_five_failures,1,unsuccessful,valid_feedback,filler.neutral.1,20746705984210227,10000,9582c82c0e979ad4740159fd2ec5d74526aeb48ac07bda14b2745a25206ae9f4,3048,8d8a406c2701498bf0a5134fc8d3d2dd3838c787cab23a0c65e571fa2681a630,0.0038127514999359846
persona.low_e_low_n.seed-2006.neutral,2006,neutral,persona.low_e_low_n,low_e_low_n,v1,complete_five_failures,2,unsuccessful,valid_feedback,filler.neutral.2,7186787635236517948,3048,8d8a406c2701498bf0a5134fc8d3d2dd3838c787cab23a0c65e571fa2681a630,768,fc8d58a9e3d1f8e19ada2eb0935f356d1fd043e3c6223147b6eb63ab52c33d06,0.01651708409190178
persona.low_e_low_n.seed-2006.neutral,2006,neutral,persona.low_e_low_n,low_e_low_n,v1,complete_five_failures,3,unsuccessful,valid_feedback,filler.neutral.3,2633872377281840482,768,fc8d58a9e3d1f8e19ada2eb0935f356d1fd043e3c6223147b6eb63ab52c33d06,206,3701c51eacc8da4a43acc7def8b9efc78019c15d870b2f7a0f276ba681e765c0,0.014284544624388218
persona.low_e_low_n.seed-2006.neutral,2006,neutral,persona.low_e_low_n,low_e_low_n,v1,complete_five_failures,4,unsuccessful,valid_feedback,filler.neutral.4,7338954399356967658,206,3701c51eacc8da4a43acc7def8b9efc78019c15d870b2f7a0f276ba681e765c0,55,04a95813d7014d7950fe157a956d4387a292572957115ac209f07c7805a04adc,0.0115866893902421
persona.low_e_low_n.seed-2006.neutral,2006,neutral,persona.low_e_low_n,low_e_low_n,v1,complete_five_failures,5,unsuccessful,valid_feedback,filler.neutral.5,9132968224681273883,55,04a95813d7014d7950fe157a956d4387a292572957115ac209f07c7805a04adc,15,ce5d95544a095d12f3a94473e04ccab55002b524452e073c9d463fb6eb1f422c,0.014676659367978573
persona.low_e_low_n.seed-2007.feedback_only,2007,feedback_only,persona.low_e_low_n,low_e_low_n,v1,complete_five_failures,1,unsuccessful,valid_feedback,,5495818002014909466,10000,9582c82c0e979ad4740159fd2ec5d74526aeb48ac07bda14b2745a25206ae9f4,3048,8d8a406c2701498bf0a5134fc8d3d2dd3838c787cab23a0c65e571fa2681a630,0.005910632666200399
persona.low_e_low_n.seed-2007.feedback_only,2007,feedback_only,persona.low_e_low_n,low_e_low_n,v1,complete_five_failures,2,unsuccessful,valid_feedback,,7092970346930268185,3048,8d8a406c2701498bf0a5134fc8d3d2dd3838c787cab23a0c65e571fa2681a630,768,fc8d58a9e3d1f8e19ada2eb0935f356d1fd043e3c6223147b6eb63ab52c33d06,0.01699318177998066
persona.low_e_low_n.seed-2007.feedback_only,2007,feedback_only,persona.low_e_low_n,low_e_low_n,v1,complete_five_failures,3,unsuccessful,valid_feedback,,4413334138324627702,768,fc8d58a9e3d1f8e19ada2eb0935f356d1fd043e3c6223147b6eb63ab52c33d06,206,3701c51eacc8da4a43acc7def8b9efc78019c15d870b2f7a0f276ba681e765c0,0.016034642234444618
persona.low_e_low_n.seed-2007.feedback_only,2007,feedback_only,persona.low_e_low_n,low_e_low_n,v1,complete_five_failures,4,unsuccessful,valid_feedback,,7609396874926615527,206,3701c51eacc8da4a43acc7def8b9efc78019c15d870b2f7a0f276ba681e765c0,55,04a95813d7014d7950fe157a956d4387a292572957115ac209f07c7805a04adc,0.012881208211183548
persona.low_e_low_n.seed-2007.feedback_only,2007,feedback_only,persona.low_e_low_n,low_e_low_n,v1,complete_five_failures,5,unsuccessful,valid_feedback,,1032535146999642755,55,04a95813d7014d7950fe157a956d4387a292572957115ac209f07c7805a04adc,15,ce5d95544a095d12f3a94473e04ccab55002b524452e073c9d463fb6eb1f422c,0.016903553158044815
persona.low_e_low_n.seed-2007.supportive,2007,supportive,persona.low_e_low_n,low_e_low_n,v1,complete_five_failures,1,unsuccessful,valid_feedback,filler.supportive.1,5495818002014909466,10000,9582c82c0e979ad4740159fd2ec5d74526aeb48ac07bda14b2745a25206ae9f4,3048,8d8a406c2701498bf0a5134fc8d3d2dd3838c787cab23a0c65e571fa2681a630,0.003989245742559433
persona.low_e_low_n.seed-2007.supportive,2007,supportive,persona.low_e_low_n,low_e_low_n,v1,complete_five_failures,2,unsuccessful,valid_feedback,filler.supportive.2,7092970346930268185,3048,8d8a406c2701498bf0a5134fc8d3d2dd3838c787cab23a0c65e571fa2681a630,768,fc8d58a9e3d1f8e19ada2eb0935f356d1fd043e3c6223147b6eb63ab52c33d06,0.01700926199555397
persona.low_e_low_n.seed-2007.supportive,2007,supportive,persona.low_e_low_n,low_e_low_n,v1,complete_five_failures,3,unsuccessful,valid_feedback,filler.supportive.3,4413334138324627702,768,fc8d58a9e3d1f8e19ada2eb0935f356d1fd043e3c6223147b6eb63ab52c33d06,206,3701c51eacc8da4a43acc7def8b9efc78019c15d870b2f7a0f276ba681e765c0,0.01662481762468815
persona.low_e_low_n.seed-2007.supportive,2007,supportive,persona.low_e_low_n,low_e_low_n,v1,complete_five_failures,4,unsuccessful,valid_feedback,filler.supportive.4,7609396874926615527,206,3701c51eacc8da4a43acc7def8b9efc78019c15d870b2f7a0f276ba681e765c0,55,04a95813d7014d7950fe157a956d4387a292572957115ac209f07c7805a04adc,0.015485137701034546
persona.low_e_low_n.seed-2007.supportive,2007,supportive,persona.low_e_low_n,low_e_low_n,v1,complete_five_failures,5,unsuccessful,valid_feedback,filler.supportive.5,1032535146999642755,55,04a95813d7014d7950fe157a956d4387a292572957115ac209f07c7805a04adc,15,ce5d95544a095d12f3a94473e04ccab55002b524452e073c9d463fb6eb1f422c,0.017862237989902496
persona.low_e_low_n.seed-2007.neutral,2007,neutral,persona.low_e_low_n,low_e_low_n,v1,complete_five_failures,1,unsuccessful,valid_feedback,filler.neutral.1,5495818002014909466,10000,9582c82c0e979ad4740159fd2ec5d74526aeb48ac07bda14b2745a25206ae9f4,3048,8d8a406c2701498bf0a5134fc8d3d2dd3838c787cab23a0c65e571fa2681a630,0.0038127514999359846
persona.low_e_low_n.seed-2007.neutral,2007,neutral,persona.low_e_low_n,low_e_low_n,v1,complete_five_failures,2,unsuccessful,valid_feedback,filler.neutral.2,7092970346930268185,3048,8d8a406c2701498bf0a5134fc8d3d2dd3838c787cab23a0c65e571fa2681a630,768,fc8d58a9e3d1f8e19ada2eb0935f356d1fd043e3c6223147b6eb63ab52c33d06,0.01651708409190178
persona.low_e_low_n.seed-2007.neutral,2007,neutral,persona.low_e_low_n,low_e_low_n,v1,complete_five_failures,3,unsuccessful,valid_feedback,filler.neutral.3,4413334138324627702,768,fc8d58a9e3d1f8e19ada2eb0935f356d1fd043e3c6223147b6eb63ab52c33d06,206,3701c51eacc8da4a43acc7def8b9efc78019c15d870b2f7a0f276ba681e765c0,0.014284544624388218
persona.low_e_low_n.seed-2007.neutral,2007,neutral,persona.low_e_low_n,low_e_low_n,v1,complete_five_failures,4,unsuccessful,valid_feedback,filler.neutral.4,7609396874926615527,206,3701c51eacc8da4a43acc7def8b9efc78019c15d870b2f7a0f276ba681e765c0,55,04a95813d7014d7950fe157a956d4387a292572957115ac209f07c7805a04adc,0.0115866893902421
persona.low_e_low_n.seed-2007.neutral,2007,neutral,persona.low_e_low_n,low_e_low_n,v1,complete_five_failures,5,unsuccessful,valid_feedback,filler.neutral.5,1032535146999642755,55,04a95813d7014d7950fe157a956d4387a292572957115ac209f07c7805a04adc,15,ce5d95544a095d12f3a94473e04ccab55002b524452e073c9d463fb6eb1f422c,0.014676659367978573
persona.low_e_low_n.seed-2008.feedback_only,2008,feedback_only,persona.low_e_low_n,low_e_low_n,v1,complete_five_failures,1,unsuccessful,valid_feedback,,8344175065288078558,10000,9582c82c0e979ad4740159fd2ec5d74526aeb48ac07bda14b2745a25206ae9f4,3048,db3e09caf8d9fe544e3300a8fb9e065e8f096165d4da0ef01c77d1914c1a939a,0.0077878935262560844
persona.low_e_low_n.seed-2008.feedback_only,2008,feedback_only,persona.low_e_low_n,low_e_low_n,v1,complete_five_failures,2,unsuccessful,valid_feedback,,1764828235997338309,3048,db3e09caf8d9fe544e3300a8fb9e065e8f096165d4da0ef01c77d1914c1a939a,876,0e4a5a419d523846d06d70c9c597d56f9dc1dd983fe1091c8e76b9fded100893,0.015273205935955048
persona.low_e_low_n.seed-2008.feedback_only,2008,feedback_only,persona.low_e_low_n,low_e_low_n,v1,complete_five_failures,3,unsuccessful,valid_feedback,,1186103364016962603,876,0e4a5a419d523846d06d70c9c597d56f9dc1dd983fe1091c8e76b9fded100893,294,88cd0ca065824f206851f4da71f5d5659c93a8ab95301e19143c1e4ee91b2305,0.014736589044332504
persona.low_e_low_n.seed-2008.feedback_only,2008,feedback_only,persona.low_e_low_n,low_e_low_n,v1,complete_five_failures,4,unsuccessful,valid_feedback,,1157719167337881160,294,88cd0ca065824f206851f4da71f5d5659c93a8ab95301e19143c1e4ee91b2305,94,540acc29610a7e049f1edbd91a1b5841eb0b055c678aeea92f824cbe22b69432,0.01723923534154892
persona.low_e_low_n.seed-2008.feedback_only,2008,feedback_only,persona.low_e_low_n,low_e_low_n,v1,complete_five_failures,5,unsuccessful,valid_feedback,,6714476192934985326,94,540acc29610a7e049f1edbd91a1b5841eb0b055c678aeea92f824cbe22b69432,42,3f0517c027dfb89135220198f817803696ce7cb3b66b02dc800342dbdfde2a4d,0.015208383090794086
persona.low_e_low_n.seed-2008.supportive,2008,supportive,persona.low_e_low_n,low_e_low_n,v1,complete_five_failures,1,unsuccessful,valid_feedback,filler.supportive.1,8344175065288078558,10000,9582c82c0e979ad4740159fd2ec5d74526aeb48ac07bda14b2745a25206ae9f4,3048,db3e09caf8d9fe544e3300a8fb9e065e8f096165d4da0ef01c77d1914c1a939a,0.006052873563021421
persona.low_e_low_n.seed-2008.supportive,2008,supportive,persona.low_e_low_n,low_e_low_n,v1,complete_five_failures,2,unsuccessful,valid_feedback,filler.supportive.2,1764828235997338309,3048,db3e09caf8d9fe544e3300a8fb9e065e8f096165d4da0ef01c77d1914c1a939a,768,d480a83984f7d7a5f0948aedfe353e5507b5c410d01a3fd8ee84dfd54675586f,0.01755635440349579
persona.low_e_low_n.seed-2008.supportive,2008,supportive,persona.low_e_low_n,low_e_low_n,v1,complete_five_failures,3,unsuccessful,valid_feedback,filler.supportive.3,1186103364016962603,768,d480a83984f7d7a5f0948aedfe353e5507b5c410d01a3fd8ee84dfd54675586f,194,00f91b14f036a5de859e9bfb7342479d060d7442592d814feaa3311b7aed3e23,0.01916455291211605
persona.low_e_low_n.seed-2008.supportive,2008,supportive,persona.low_e_low_n,low_e_low_n,v1,complete_five_failures,4,unsuccessful,valid_feedback,filler.supportive.4,1157719167337881160,194,00f91b14f036a5de859e9bfb7342479d060d7442592d814feaa3311b7aed3e23,50,99b4550ff7b20390981f36fe83715e008dbd08292e361bfe3a7d5edca988d041,0.01553801167756319
persona.low_e_low_n.seed-2008.supportive,2008,supportive,persona.low_e_low_n,low_e_low_n,v1,complete_five_failures,5,unsuccessful,valid_feedback,filler.supportive.5,6714476192934985326,50,99b4550ff7b20390981f36fe83715e008dbd08292e361bfe3a7d5edca988d041,23,62c0dd9e0ee3e488f7ab067010f40d19c80e4a6c0942fec4132eca60a7e343c8,0.015804748982191086
persona.low_e_low_n.seed-2008.neutral,2008,neutral,persona.low_e_low_n,low_e_low_n,v1,complete_five_failures,1,unsuccessful,valid_feedback,filler.neutral.1,8344175065288078558,10000,9582c82c0e979ad4740159fd2ec5d74526aeb48ac07bda14b2745a25206ae9f4,3048,db3e09caf8d9fe544e3300a8fb9e065e8f096165d4da0ef01c77d1914c1a939a,0.004383270628750324
persona.low_e_low_n.seed-2008.neutral,2008,neutral,persona.low_e_low_n,low_e_low_n,v1,complete_five_failures,2,unsuccessful,valid_feedback,filler.neutral.2,1764828235997338309,3048,db3e09caf8d9fe544e3300a8fb9e065e8f096165d4da0ef01c77d1914c1a939a,768,5cd676d20b73535e66fa4484e4849ec299e5aa93baf26611f4a135b1c7c0d7fd,0.01701110228896141
persona.low_e_low_n.seed-2008.neutral,2008,neutral,persona.low_e_low_n,low_e_low_n,v1,complete_five_failures,3,unsuccessful,valid_feedback,filler.neutral.3,1186103364016962603,768,5cd676d20b73535e66fa4484e4849ec299e5aa93baf26611f4a135b1c7c0d7fd,200,da0592db3f94b6e25501e3a03a8dcf83bf0b1602871666a4c23c2df41f308fb3,0.015982666984200478
persona.low_e_low_n.seed-2008.neutral,2008,neutral,persona.low_e_low_n,low_e_low_n,v1,complete_five_failures,4,unsuccessful,valid_feedback,filler.neutral.4,1157719167337881160,200,da0592db3f94b6e25501e3a03a8dcf83bf0b1602871666a4c23c2df41f308fb3,52,fee77fcc685c20e5db1c3ad97c5c6b7588d06090bcccc85134f1d15dc3c41cb7,0.014798501506447792
persona.low_e_low_n.seed-2008.neutral,2008,neutral,persona.low_e_low_n,low_e_low_n,v1,complete_five_failures,5,unsuccessful,valid_feedback,filler.neutral.5,6714476192934985326,52,fee77fcc685c20e5db1c3ad97c5c6b7588d06090bcccc85134f1d15dc3c41cb7,10,341e35e545be038124ff3688f877b2fff59e2c2839cf44f0cc5b196813f2a71c,0.016074206680059433
persona.low_e_low_n.seed-2009.feedback_only,2009,feedback_only,persona.low_e_low_n,low_e_low_n,v1,complete_five_failures,1,unsuccessful,valid_feedback,,1260204083383722554,10000,9582c82c0e979ad4740159fd2ec5d74526aeb48ac07bda14b2745a25206ae9f4,3048,8d8a406c2701498bf0a5134fc8d3d2dd3838c787cab23a0c65e571fa2681a630,0.005910632666200399
persona.low_e_low_n.seed-2009.feedback_only,2009,feedback_only,persona.low_e_low_n,low_e_low_n,v1,complete_five_failures,2,unsuccessful,valid_feedback,,8078703204154141548,3048,8d8a406c2701498bf0a5134fc8d3d2dd3838c787cab23a0c65e571fa2681a630,768,fc8d58a9e3d1f8e19ada2eb0935f356d1fd043e3c6223147b6eb63ab52c33d06,0.01699318177998066
persona.low_e_low_n.seed-2009.feedback_only,2009,feedback_only,persona.low_e_low_n,low_e_low_n,v1,complete_five_failures,3,unsuccessful,valid_feedback,,4408837213815512884,768,fc8d58a9e3d1f8e19ada2eb0935f356d1fd043e3c6223147b6eb63ab52c33d06,206,3701c51eacc8da4a43acc7def8b9efc78019c15d870b2f7a0f276ba681e765c0,0.016034642234444618
persona.low_e_low_n.seed-2009.feedback_only,2009,feedback_only,persona.low_e_low_n,low_e_low_n,v1,complete_five_failures,4,unsuccessful,valid_feedback,,5665391256835248990,206,3701c51eacc8da4a43acc7def8b9efc78019c15d870b2f7a0f276ba681e765c0,55,04a95813d7014d7950fe157a956d4387a292572957115ac209f07c7805a04adc,0.012881208211183548
persona.low_e_low_n.seed-2009.feedback_only,2009,feedback_only,persona.low_e_low_n,low_e_low_n,v1,complete_five_failures,5,unsuccessful,valid_feedback,,9128014439954229688,55,04a95813d7014d7950fe157a956d4387a292572957115ac209f07c7805a04adc,16,c4381b23c6bfad65ec6363bfce625f0aee93467eaa2c1d60c80ffbff1be04bda,0.01232567336410284
persona.low_e_low_n.seed-2009.supportive,2009,supportive,persona.low_e_low_n,low_e_low_n,v1,complete_five_failures,1,unsuccessful,valid_feedback,filler.supportive.1,1260204083383722554,10000,9582c82c0e979ad4740159fd2ec5d74526aeb48ac07bda14b2745a25206ae9f4,3048,8d8a406c2701498bf0a5134fc8d3d2dd3838c787cab23a0c65e571fa2681a630,0.003989245742559433
persona.low_e_low_n.seed-2009.supportive,2009,supportive,persona.low_e_low_n,low_e_low_n,v1,complete_five_failures,2,unsuccessful,valid_feedback,filler.supportive.2,8078703204154141548,3048,8d8a406c2701498bf0a5134fc8d3d2dd3838c787cab23a0c65e571fa2681a630,768,fc8d58a9e3d1f8e19ada2eb0935f356d1fd043e3c6223147b6eb63ab52c33d06,0.01700926199555397
persona.low_e_low_n.seed-2009.supportive,2009,supportive,persona.low_e_low_n,low_e_low_n,v1,complete_five_failures,3,unsuccessful,valid_feedback,filler.supportive.3,4408837213815512884,768,fc8d58a9e3d1f8e19ada2eb0935f356d1fd043e3c6223147b6eb63ab52c33d06,206,3701c51eacc8da4a43acc7def8b9efc78019c15d870b2f7a0f276ba681e765c0,0.01662481762468815
persona.low_e_low_n.seed-2009.supportive,2009,supportive,persona.low_e_low_n,low_e_low_n,v1,complete_five_failures,4,unsuccessful,valid_feedback,filler.supportive.4,5665391256835248990,206,3701c51eacc8da4a43acc7def8b9efc78019c15d870b2f7a0f276ba681e765c0,55,04a95813d7014d7950fe157a956d4387a292572957115ac209f07c7805a04adc,0.015485137701034546
persona.low_e_low_n.seed-2009.supportive,2009,supportive,persona.low_e_low_n,low_e_low_n,v1,complete_five_failures,5,unsuccessful,valid_feedback,filler.supportive.5,9128014439954229688,55,04a95813d7014d7950fe157a956d4387a292572957115ac209f07c7805a04adc,16,c4381b23c6bfad65ec6363bfce625f0aee93467eaa2c1d60c80ffbff1be04bda,0.01450252067297697
persona.low_e_low_n.seed-2009.neutral,2009,neutral,persona.low_e_low_n,low_e_low_n,v1,complete_five_failures,1,unsuccessful,valid_feedback,filler.neutral.1,1260204083383722554,10000,9582c82c0e979ad4740159fd2ec5d74526aeb48ac07bda14b2745a25206ae9f4,3048,8d8a406c2701498bf0a5134fc8d3d2dd3838c787cab23a0c65e571fa2681a630,0.0038127514999359846
persona.low_e_low_n.seed-2009.neutral,2009,neutral,persona.low_e_low_n,low_e_low_n,v1,complete_five_failures,2,unsuccessful,valid_feedback,filler.neutral.2,8078703204154141548,3048,8d8a406c2701498bf0a5134fc8d3d2dd3838c787cab23a0c65e571fa2681a630,768,fc8d58a9e3d1f8e19ada2eb0935f356d1fd043e3c6223147b6eb63ab52c33d06,0.01651708409190178
persona.low_e_low_n.seed-2009.neutral,2009,neutral,persona.low_e_low_n,low_e_low_n,v1,complete_five_failures,3,unsuccessful,valid_feedback,filler.neutral.3,4408837213815512884,768,fc8d58a9e3d1f8e19ada2eb0935f356d1fd043e3c6223147b6eb63ab52c33d06,206,3701c51eacc8da4a43acc7def8b9efc78019c15d870b2f7a0f276ba681e765c0,0.014284544624388218
persona.low_e_low_n.seed-2009.neutral,2009,neutral,persona.low_e_low_n,low_e_low_n,v1,complete_five_failures,4,unsuccessful,valid_feedback,filler.neutral.4,5665391256835248990,206,3701c51eacc8da4a43acc7def8b9efc78019c15d870b2f7a0f276ba681e765c0,55,04a95813d7014d7950fe157a956d4387a292572957115ac209f07c7805a04adc,0.0115866893902421
persona.low_e_low_n.seed-2009.neutral,2009,neutral,persona.low_e_low_n,low_e_low_n,v1,complete_five_failures,5,unsuccessful,valid_feedback,filler.neutral.5,9128014439954229688,55,04a95813d7014d7950fe157a956d4387a292572957115ac209f07c7805a04adc,16,c4381b23c6bfad65ec6363bfce625f0aee93467eaa2c1d60c80ffbff1be04bda,0.010961701162159443
persona.low_e_low_n.seed-2010.feedback_only,2010,feedback_only,persona.low_e_low_n,low_e_low_n,v1,complete_five_failures,1,unsuccessful,valid_feedback,,3469795497683125335,10000,9582c82c0e979ad4740159fd2ec5d74526aeb48ac07bda14b2745a25206ae9f4,3048,8d8a406c2701498bf0a5134fc8d3d2dd3838c787cab23a0c65e571fa2681a630,0.005910632666200399
persona.low_e_low_n.seed-2010.feedback_only,2010,feedback_only,persona.low_e_low_n,low_e_low_n,v1,complete_five_failures,2,unsuccessful,valid_feedback,,7502407488306205158,3048,8d8a406c2701498bf0a5134fc8d3d2dd3838c787cab23a0c65e571fa2681a630,768,fc8d58a9e3d1f8e19ada2eb0935f356d1fd043e3c6223147b6eb63ab52c33d06,0.01699318177998066
persona.low_e_low_n.seed-2010.feedback_only,2010,feedback_only,persona.low_e_low_n,low_e_low_n,v1,complete_five_failures,3,unsuccessful,valid_feedback,,7505458095384574504,768,fc8d58a9e3d1f8e19ada2eb0935f356d1fd043e3c6223147b6eb63ab52c33d06,206,3701c51eacc8da4a43acc7def8b9efc78019c15d870b2f7a0f276ba681e765c0,0.016034642234444618
persona.low_e_low_n.seed-2010.feedback_only,2010,feedback_only,persona.low_e_low_n,low_e_low_n,v1,complete_five_failures,4,unsuccessful,valid_feedback,,8890796447059342011,206,3701c51eacc8da4a43acc7def8b9efc78019c15d870b2f7a0f276ba681e765c0,55,04a95813d7014d7950fe157a956d4387a292572957115ac209f07c7805a04adc,0.012881208211183548
persona.low_e_low_n.seed-2010.feedback_only,2010,feedback_only,persona.low_e_low_n,low_e_low_n,v1,complete_five_failures,5,unsuccessful,valid_feedback,,2061649511049620242,55,04a95813d7014d7950fe157a956d4387a292572957115ac209f07c7805a04adc,15,ce5d95544a095d12f3a94473e04ccab55002b524452e073c9d463fb6eb1f422c,0.016903553158044815
persona.low_e_low_n.seed-2010.supportive,2010,supportive,persona.low_e_low_n,low_e_low_n,v1,complete_five_failures,1,unsuccessful,valid_feedback,filler.supportive.1,3469795497683125335,10000,9582c82c0e979ad4740159fd2ec5d74526aeb48ac07bda14b2745a25206ae9f4,3048,8d8a406c2701498bf0a5134fc8d3d2dd3838c787cab23a0c65e571fa2681a630,0.003989245742559433
persona.low_e_low_n.seed-2010.supportive,2010,supportive,persona.low_e_low_n,low_e_low_n,v1,complete_five_failures,2,unsuccessful,valid_feedback,filler.supportive.2,7502407488306205158,3048,8d8a406c2701498bf0a5134fc8d3d2dd3838c787cab23a0c65e571fa2681a630,768,fc8d58a9e3d1f8e19ada2eb0935f356d1fd043e3c6223147b6eb63ab52c33d06,0.01700926199555397
persona.low_e_low_n.seed-2010.supportive,2010,supportive,persona.low_e_low_n,low_e_low_n,v1,complete_five_failures,3,unsuccessful,valid_feedback,filler.supportive.3,7505458095384574504,768,fc8d58a9e3d1f8e19ada2eb0935f356d1fd043e3c6223147b6eb63ab52c33d06,206,3701c51eacc8da4a43acc7def8b9efc78019c15d870b2f7a0f276ba681e765c0,0.01662481762468815
persona.low_e_low_n.seed-2010.supportive,2010,supportive,persona.low_e_low_n,low_e_low_n,v1,complete_five_failures,4,unsuccessful,valid_feedback,filler.supportive.4,8890796447059342011,206,3701c51eacc8da4a43acc7def8b9efc78019c15d870b2f7a0f276ba681e765c0,55,04a95813d7014d7950fe157a956d4387a292572957115ac209f07c7805a04adc,0.015485137701034546
persona.low_e_low_n.seed-2010.supportive,2010,supportive,persona.low_e_low_n,low_e_low_n,v1,complete_five_failures,5,unsuccessful,valid_feedback,filler.supportive.5,2061649511049620242,55,04a95813d7014d7950fe157a956d4387a292572957115ac209f07c7805a04adc,15,ce5d95544a095d12f3a94473e04ccab55002b524452e073c9d463fb6eb1f422c,0.017862237989902496
persona.low_e_low_n.seed-2010.neutral,2010,neutral,persona.low_e_low_n,low_e_low_n,v1,complete_five_failures,1,unsuccessful,valid_feedback,filler.neutral.1,3469795497683125335,10000,9582c82c0e979ad4740159fd2ec5d74526aeb48ac07bda14b2745a25206ae9f4,3048,8d8a406c2701498bf0a5134fc8d3d2dd3838c787cab23a0c65e571fa2681a630,0.0038127514999359846
persona.low_e_low_n.seed-2010.neutral,2010,neutral,persona.low_e_low_n,low_e_low_n,v1,complete_five_failures,2,unsuccessful,valid_feedback,filler.neutral.2,7502407488306205158,3048,8d8a406c2701498bf0a5134fc8d3d2dd3838c787cab23a0c65e571fa2681a630,768,fc8d58a9e3d1f8e19ada2eb0935f356d1fd043e3c6223147b6eb63ab52c33d06,0.01651708409190178
persona.low_e_low_n.seed-2010.neutral,2010,neutral,persona.low_e_low_n,low_e_low_n,v1,complete_five_failures,3,unsuccessful,valid_feedback,filler.neutral.3,7505458095384574504,768,fc8d58a9e3d1f8e19ada2eb0935f356d1fd043e3c6223147b6eb63ab52c33d06,206,3701c51eacc8da4a43acc7def8b9efc78019c15d870b2f7a0f276ba681e765c0,0.014284544624388218
persona.low_e_low_n.seed-2010.neutral,2010,neutral,persona.low_e_low_n,low_e_low_n,v1,complete_five_failures,4,unsuccessful,valid_feedback,filler.neutral.4,8890796447059342011,206,3701c51eacc8da4a43acc7def8b9efc78019c15d870b2f7a0f276ba681e765c0,55,04a95813d7014d7950fe157a956d4387a292572957115ac209f07c7805a04adc,0.0115866893902421
persona.low_e_low_n.seed-2010.neutral,2010,neutral,persona.low_e_low_n,low_e_low_n,v1,complete_five_failures,5,unsuccessful,valid_feedback,filler.neutral.5,2061649511049620242,55,04a95813d7014d7950fe157a956d4387a292572957115ac209f07c7805a04adc,15,ce5d95544a095d12f3a94473e04ccab55002b524452e073c9d463fb6eb1f422c,0.014676659367978573
persona.low_e_low_n.v2.seed-2001.feedback_only,2001,feedback_only,persona.low_e_low_n.v2,low_e_low_n,v2,complete_five_failures,1,unsuccessful,valid_feedback,,4469567771656788920,10000,9582c82c0e979ad4740159fd2ec5d74526aeb48ac07bda14b2745a25206ae9f4,3048,8d8a406c2701498bf0a5134fc8d3d2dd3838c787cab23a0c65e571fa2681a630,0.005884028039872646
persona.low_e_low_n.v2.seed-2001.feedback_only,2001,feedback_only,persona.low_e_low_n.v2,low_e_low_n,v2,complete_five_failures,2,unsuccessful,valid_feedback,,462000147538888414,3048,8d8a406c2701498bf0a5134fc8d3d2dd3838c787cab23a0c65e571fa2681a630,768,fc8d58a9e3d1f8e19ada2eb0935f356d1fd043e3c6223147b6eb63ab52c33d06,0.01614314317703247
persona.low_e_low_n.v2.seed-2001.feedback_only,2001,feedback_only,persona.low_e_low_n.v2,low_e_low_n,v2,complete_five_failures,3,unsuccessful,valid_feedback,,7203904594921472573,768,fc8d58a9e3d1f8e19ada2eb0935f356d1fd043e3c6223147b6eb63ab52c33d06,206,3701c51eacc8da4a43acc7def8b9efc78019c15d870b2f7a0f276ba681e765c0,0.01534720417112112
persona.low_e_low_n.v2.seed-2001.feedback_only,2001,feedback_only,persona.low_e_low_n.v2,low_e_low_n,v2,complete_five_failures,4,unsuccessful,valid_feedback,,7493285141810551950,206,3701c51eacc8da4a43acc7def8b9efc78019c15d870b2f7a0f276ba681e765c0,55,04a95813d7014d7950fe157a956d4387a292572957115ac209f07c7805a04adc,0.011904099956154823
persona.low_e_low_n.v2.seed-2001.feedback_only,2001,feedback_only,persona.low_e_low_n.v2,low_e_low_n,v2,complete_five_failures,5,unsuccessful,valid_feedback,,1845676750874802399,55,04a95813d7014d7950fe157a956d4387a292572957115ac209f07c7805a04adc,15,ce5d95544a095d12f3a94473e04ccab55002b524452e073c9d463fb6eb1f422c,0.015796737745404243
persona.low_e_low_n.v2.seed-2001.supportive,2001,supportive,persona.low_e_low_n.v2,low_e_low_n,v2,complete_five_failures,1,unsuccessful,valid_feedback,filler.supportive.1,4469567771656788920,10000,9582c82c0e979ad4740159fd2ec5d74526aeb48ac07bda14b2745a25206ae9f4,3048,8d8a406c2701498bf0a5134fc8d3d2dd3838c787cab23a0c65e571fa2681a630,0.003987180069088936
persona.low_e_low_n.v2.seed-2001.supportive,2001,supportive,persona.low_e_low_n.v2,low_e_low_n,v2,complete_five_failures,2,unsuccessful,valid_feedback,filler.supportive.2,462000147538888414,3048,8d8a406c2701498bf0a5134fc8d3d2dd3838c787cab23a0c65e571fa2681a630,768,fc8d58a9e3d1f8e19ada2eb0935f356d1fd043e3c6223147b6eb63ab52c33d06,0.016355494037270546
persona.low_e_low_n.v2.seed-2001.supportive,2001,supportive,persona.low_e_low_n.v2,low_e_low_n,v2,complete_five_failures,3,unsuccessful,valid_feedback,filler.supportive.3,7203904594921472573,768,fc8d58a9e3d1f8e19ada2eb0935f356d1fd043e3c6223147b6eb63ab52c33d06,206,3701c51eacc8da4a43acc7def8b9efc78019c15d870b2f7a0f276ba681e765c0,0.015806706622242928
persona.low_e_low_n.v2.seed-2001.supportive,2001,supportive,persona.low_e_low_n.v2,low_e_low_n,v2,complete_five_failures,4,unsuccessful,valid_feedback,filler.supportive.4,7493285141810551950,206,3701c51eacc8da4a43acc7def8b9efc78019c15d870b2f7a0f276ba681e765c0,55,04a95813d7014d7950fe157a956d4387a292572957115ac209f07c7805a04adc,0.014888657256960869
persona.low_e_low_n.v2.seed-2001.supportive,2001,supportive,persona.low_e_low_n.v2,low_e_low_n,v2,complete_five_failures,5,unsuccessful,valid_feedback,filler.supportive.5,1845676750874802399,55,04a95813d7014d7950fe157a956d4387a292572957115ac209f07c7805a04adc,15,ce5d95544a095d12f3a94473e04ccab55002b524452e073c9d463fb6eb1f422c,0.016925331205129623
persona.low_e_low_n.v2.seed-2001.neutral,2001,neutral,persona.low_e_low_n.v2,low_e_low_n,v2,complete_five_failures,1,unsuccessful,valid_feedback,filler.neutral.1,4469567771656788920,10000,9582c82c0e979ad4740159fd2ec5d74526aeb48ac07bda14b2745a25206ae9f4,3048,8d8a406c2701498bf0a5134fc8d3d2dd3838c787cab23a0c65e571fa2681a630,0.00382089801132679
persona.low_e_low_n.v2.seed-2001.neutral,2001,neutral,persona.low_e_low_n.v2,low_e_low_n,v2,complete_five_failures,2,unsuccessful,valid_feedback,filler.neutral.2,462000147538888414,3048,8d8a406c2701498bf0a5134fc8d3d2dd3838c787cab23a0c65e571fa2681a630,768,fc8d58a9e3d1f8e19ada2eb0935f356d1fd043e3c6223147b6eb63ab52c33d06,0.015940655022859573
persona.low_e_low_n.v2.seed-2001.neutral,2001,neutral,persona.low_e_low_n.v2,low_e_low_n,v2,complete_five_failures,3,unsuccessful,valid_feedback,filler.neutral.3,7203904594921472573,768,fc8d58a9e3d1f8e19ada2eb0935f356d1fd043e3c6223147b6eb63ab52c33d06,206,3701c51eacc8da4a43acc7def8b9efc78019c15d870b2f7a0f276ba681e765c0,0.013364662416279316
persona.low_e_low_n.v2.seed-2001.neutral,2001,neutral,persona.low_e_low_n.v2,low_e_low_n,v2,complete_five_failures,4,unsuccessful,valid_feedback,filler.neutral.4,7493285141810551950,206,3701c51eacc8da4a43acc7def8b9efc78019c15d870b2f7a0f276ba681e765c0,55,04a95813d7014d7950fe157a956d4387a292572957115ac209f07c7805a04adc,0.01090974546968937
persona.low_e_low_n.v2.seed-2001.neutral,2001,neutral,persona.low_e_low_n.v2,low_e_low_n,v2,complete_five_failures,5,unsuccessful,valid_feedback,filler.neutral.5,1845676750874802399,55,04a95813d7014d7950fe157a956d4387a292572957115ac209f07c7805a04adc,15,ce5d95544a095d12f3a94473e04ccab55002b524452e073c9d463fb6eb1f422c,0.013763519003987312
persona.low_e_low_n.v2.seed-2002.feedback_only,2002,feedback_only,persona.low_e_low_n.v2,low_e_low_n,v2,complete_five_failures,1,unsuccessful,valid_feedback,,1362916748984622560,10000,9582c82c0e979ad4740159fd2ec5d74526aeb48ac07bda14b2745a25206ae9f4,3048,c276bf3530cc8d3ce2b1ddb7f6cbf168184316c3a9894881b55d5b73f476cc0f,0.00834841188043356
persona.low_e_low_n.v2.seed-2002.feedback_only,2002,feedback_only,persona.low_e_low_n.v2,low_e_low_n,v2,complete_five_failures,2,unsuccessful,valid_feedback,,650953833576476763,3048,c276bf3530cc8d3ce2b1ddb7f6cbf168184316c3a9894881b55d5b73f476cc0f,886,0d3daa2ca8d34575596ff98fbf16fdc66fdcf7a2b2d6aaec69967d78b459ac5a,0.01671329140663147
persona.low_e_low_n.v2.seed-2002.feedback_only,2002,feedback_only,persona.low_e_low_n.v2,low_e_low_n,v2,complete_five_failures,3,invalid,invalid_guess,,2885332770678600905,886,0d3daa2ca8d34575596ff98fbf16fdc66fdcf7a2b2d6aaec69967d78b459ac5a,886,0d3daa2ca8d34575596ff98fbf16fdc66fdcf7a2b2d6aaec69967d78b459ac5a,0.019281789660453796
persona.low_e_low_n.v2.seed-2002.feedback_only,2002,feedback_only,persona.low_e_low_n.v2,low_e_low_n,v2,complete_five_failures,4,unsuccessful,valid_feedback,,3768721403253947093,886,0d3daa2ca8d34575596ff98fbf16fdc66fdcf7a2b2d6aaec69967d78b459ac5a,220,b031badf1c7b454458384239ee7ddba0095ddd30af33aaf382c5c243f0c0deff,0.009127278812229633
persona.low_e_low_n.v2.seed-2002.feedback_only,2002,feedback_only,persona.low_e_low_n.v2,low_e_low_n,v2,complete_five_failures,5,unsuccessful,valid_feedback,,7993377739206102388,220,b031badf1c7b454458384239ee7ddba0095ddd30af33aaf382c5c243f0c0deff,62,b502b312ad24fbedb79ad5b6f04133d76144a7889717dfed8a885ca84c303ed9,0.012743884697556496
persona.low_e_low_n.v2.seed-2002.supportive,2002,supportive,persona.low_e_low_n.v2,low_e_low_n,v2,complete_five_failures,1,unsuccessful,valid_feedback,filler.supportive.1,1362916748984622560,10000,9582c82c0e979ad4740159fd2ec5d74526aeb48ac07bda14b2745a25206ae9f4,3048,c276bf3530cc8d3ce2b1ddb7f6cbf168184316c3a9894881b55d5b73f476cc0f,0.006617061793804169
persona.low_e_low_n.v2.seed-2002.supportive,2002,supportive,persona.low_e_low_n.v2,low_e_low_n,v2,complete_five_failures,2,unsuccessful,valid_feedback,filler.supportive.2,650953833576476763,3048,c276bf3530cc8d3ce2b1ddb7f6cbf168184316c3a9894881b55d5b73f476cc0f,886,0d3daa2ca8d34575596ff98fbf16fdc66fdcf7a2b2d6aaec69967d78b459ac5a,0.016881689429283142
persona.low_e_low_n.v2.seed-2002.supportive,2002,supportive,persona.low_e_low_n.v2,low_e_low_n,v2,complete_five_failures,3,unsuccessful,valid_feedback,filler.supportive.3,2885332770678600905,886,0d3daa2ca8d34575596ff98fbf16fdc66fdcf7a2b2d6aaec69967d78b459ac5a,286,ebde167f8efa817eecbe8345bd3812daa0bf149daf9d690fed1427f25824e8c4,0.02542932517826557
persona.low_e_low_n.v2.seed-2002.supportive,2002,supportive,persona.low_e_low_n.v2,low_e_low_n,v2,complete_five_failures,4,unsuccessful,valid_feedback,filler.supportive.4,3768721403253947093,286,ebde167f8efa817eecbe8345bd3812daa0bf149daf9d690fed1427f25824e8c4,74,4951a218177cc6702e13b2c0e04d1083d467c3e58f4bb9e1942f3c685d81ca55,0.017525233328342438
persona.low_e_low_n.v2.seed-2002.supportive,2002,supportive,persona.low_e_low_n.v2,low_e_low_n,v2,complete_five_failures,5,unsuccessful,valid_feedback,filler.supportive.5,7993377739206102388,74,4951a218177cc6702e13b2c0e04d1083d467c3e58f4bb9e1942f3c685d81ca55,34,51161e94aaea7a3a70a471c4667620bb64aa46bd2583653ede9f2d8bbb3ce7a3,0.014389269053936005
persona.low_e_low_n.v2.seed-2002.neutral,2002,neutral,persona.low_e_low_n.v2,low_e_low_n,v2,complete_five_failures,1,unsuccessful,valid_feedback,filler.neutral.1,1362916748984622560,10000,9582c82c0e979ad4740159fd2ec5d74526aeb48ac07bda14b2745a25206ae9f4,3048,c276bf3530cc8d3ce2b1ddb7f6cbf168184316c3a9894881b55d5b73f476cc0f,0.005908292252570391
persona.low_e_low_n.v2.seed-2002.neutral,2002,neutral,persona.low_e_low_n.v2,low_e_low_n,v2,complete_five_failures,2,unsuccessful,valid_feedback,filler.neutral.2,650953833576476763,3048,c276bf3530cc8d3ce2b1ddb7f6cbf168184316c3a9894881b55d5b73f476cc0f,886,0d3daa2ca8d34575596ff98fbf16fdc66fdcf7a2b2d6aaec69967d78b459ac5a,0.01656246744096279
persona.low_e_low_n.v2.seed-2002.neutral,2002,neutral,persona.low_e_low_n.v2,low_e_low_n,v2,complete_five_failures,3,invalid,invalid_guess,filler.neutral.3,2885332770678600905,886,0d3daa2ca8d34575596ff98fbf16fdc66fdcf7a2b2d6aaec69967d78b459ac5a,886,0d3daa2ca8d34575596ff98fbf16fdc66fdcf7a2b2d6aaec69967d78b459ac5a,0.009441574104130268
persona.low_e_low_n.v2.seed-2002.neutral,2002,neutral,persona.low_e_low_n.v2,low_e_low_n,v2,complete_five_failures,4,unsuccessful,valid_feedback,filler.neutral.4,3768721403253947093,886,0d3daa2ca8d34575596ff98fbf16fdc66fdcf7a2b2d6aaec69967d78b459ac5a,239,cff8a270d51840c08248b6ef13bde1397c422a567b01cfd641bfa8b2f7af521c,0.007967343553900719
persona.low_e_low_n.v2.seed-2002.neutral,2002,neutral,persona.low_e_low_n.v2,low_e_low_n,v2,complete_five_failures,5,unsuccessful,valid_feedback,filler.neutral.5,7993377739206102388,239,cff8a270d51840c08248b6ef13bde1397c422a567b01cfd641bfa8b2f7af521c,86,dcd48a937783d3bcce96dce35bf00f78d8bce6a4cbdc63193bb9a4bef974927b,0.013579891994595528
persona.low_e_low_n.v2.seed-2003.feedback_only,2003,feedback_only,persona.low_e_low_n.v2,low_e_low_n,v2,complete_five_failures,1,unsuccessful,valid_feedback,,8452511391424371538,10000,9582c82c0e979ad4740159fd2ec5d74526aeb48ac07bda14b2745a25206ae9f4,3048,8d8a406c2701498bf0a5134fc8d3d2dd3838c787cab23a0c65e571fa2681a630,0.005884028039872646
persona.low_e_low_n.v2.seed-2003.feedback_only,2003,feedback_only,persona.low_e_low_n.v2,low_e_low_n,v2,complete_five_failures,2,unsuccessful,valid_feedback,,2185802378076996070,3048,8d8a406c2701498bf0a5134fc8d3d2dd3838c787cab23a0c65e571fa2681a630,768,fc8d58a9e3d1f8e19ada2eb0935f356d1fd043e3c6223147b6eb63ab52c33d06,0.01614314317703247
persona.low_e_low_n.v2.seed-2003.feedback_only,2003,feedback_only,persona.low_e_low_n.v2,low_e_low_n,v2,complete_five_failures,3,unsuccessful,valid_feedback,,4546495009630349109,768,fc8d58a9e3d1f8e19ada2eb0935f356d1fd043e3c6223147b6eb63ab52c33d06,206,3701c51eacc8da4a43acc7def8b9efc78019c15d870b2f7a0f276ba681e765c0,0.01534720417112112
persona.low_e_low_n.v2.seed-2003.feedback_only,2003,feedback_only,persona.low_e_low_n.v2,low_e_low_n,v2,complete_five_failures,4,unsuccessful,valid_feedback,,5827469766280291389,206,3701c51eacc8da4a43acc7def8b9efc78019c15d870b2f7a0f276ba681e765c0,55,04a95813d7014d7950fe157a956d4387a292572957115ac209f07c7805a04adc,0.011904099956154823
persona.low_e_low_n.v2.seed-2003.feedback_only,2003,feedback_only,persona.low_e_low_n.v2,low_e_low_n,v2,complete_five_failures,5,unsuccessful,valid_feedback,,9189069359561447070,55,04a95813d7014d7950fe157a956d4387a292572957115ac209f07c7805a04adc,15,ce5d95544a095d12f3a94473e04ccab55002b524452e073c9d463fb6eb1f422c,0.015796737745404243
persona.low_e_low_n.v2.seed-2003.supportive,2003,supportive,persona.low_e_low_n.v2,low_e_low_n,v2,complete_five_failures,1,unsuccessful,valid_feedback,filler.supportive.1,8452511391424371538,10000,9582c82c0e979ad4740159fd2ec5d74526aeb48ac07bda14b2745a25206ae9f4,3048,8d8a406c2701498bf0a5134fc8d3d2dd3838c787cab23a0c65e571fa2681a630,0.003987180069088936
persona.low_e_low_n.v2.seed-2003.supportive,2003,supportive,persona.low_e_low_n.v2,low_e_low_n,v2,complete_five_failures,2,unsuccessful,valid_feedback,filler.supportive.2,2185802378076996070,3048,8d8a406c2701498bf0a5134fc8d3d2dd3838c787cab23a0c65e571fa2681a630,768,fc8d58a9e3d1f8e19ada2eb0935f356d1fd043e3c6223147b6eb63ab52c33d06,0.016355494037270546
persona.low_e_low_n.v2.seed-2003.supportive,2003,supportive,persona.low_e_low_n.v2,low_e_low_n,v2,complete_five_failures,3,unsuccessful,valid_feedback,filler.supportive.3,4546495009630349109,768,fc8d58a9e3d1f8e19ada2eb0935f356d1fd043e3c6223147b6eb63ab52c33d06,206,3701c51eacc8da4a43acc7def8b9efc78019c15d870b2f7a0f276ba681e765c0,0.015806706622242928
persona.low_e_low_n.v2.seed-2003.supportive,2003,supportive,persona.low_e_low_n.v2,low_e_low_n,v2,complete_five_failures,4,unsuccessful,valid_feedback,filler.supportive.4,5827469766280291389,206,3701c51eacc8da4a43acc7def8b9efc78019c15d870b2f7a0f276ba681e765c0,55,04a95813d7014d7950fe157a956d4387a292572957115ac209f07c7805a04adc,0.014888657256960869
persona.low_e_low_n.v2.seed-2003.supportive,2003,supportive,persona.low_e_low_n.v2,low_e_low_n,v2,complete_five_failures,5,unsuccessful,valid_feedback,filler.supportive.5,9189069359561447070,55,04a95813d7014d7950fe157a956d4387a292572957115ac209f07c7805a04adc,15,ce5d95544a095d12f3a94473e04ccab55002b524452e073c9d463fb6eb1f422c,0.016925331205129623
persona.low_e_low_n.v2.seed-2003.neutral,2003,neutral,persona.low_e_low_n.v2,low_e_low_n,v2,complete_five_failures,1,unsuccessful,valid_feedback,filler.neutral.1,8452511391424371538,10000,9582c82c0e979ad4740159fd2ec5d74526aeb48ac07bda14b2745a25206ae9f4,3048,8d8a406c2701498bf0a5134fc8d3d2dd3838c787cab23a0c65e571fa2681a630,0.00382089801132679
persona.low_e_low_n.v2.seed-2003.neutral,2003,neutral,persona.low_e_low_n.v2,low_e_low_n,v2,complete_five_failures,2,unsuccessful,valid_feedback,filler.neutral.2,2185802378076996070,3048,8d8a406c2701498bf0a5134fc8d3d2dd3838c787cab23a0c65e571fa2681a630,768,fc8d58a9e3d1f8e19ada2eb0935f356d1fd043e3c6223147b6eb63ab52c33d06,0.015940655022859573
persona.low_e_low_n.v2.seed-2003.neutral,2003,neutral,persona.low_e_low_n.v2,low_e_low_n,v2,complete_five_failures,3,unsuccessful,valid_feedback,filler.neutral.3,4546495009630349109,768,fc8d58a9e3d1f8e19ada2eb0935f356d1fd043e3c6223147b6eb63ab52c33d06,206,3701c51eacc8da4a43acc7def8b9efc78019c15d870b2f7a0f276ba681e765c0,0.013364662416279316
persona.low_e_low_n.v2.seed-2003.neutral,2003,neutral,persona.low_e_low_n.v2,low_e_low_n,v2,complete_five_failures,4,unsuccessful,valid_feedback,filler.neutral.4,5827469766280291389,206,3701c51eacc8da4a43acc7def8b9efc78019c15d870b2f7a0f276ba681e765c0,55,04a95813d7014d7950fe157a956d4387a292572957115ac209f07c7805a04adc,0.01090974546968937
persona.low_e_low_n.v2.seed-2003.neutral,2003,neutral,persona.low_e_low_n.v2,low_e_low_n,v2,complete_five_failures,5,unsuccessful,valid_feedback,filler.neutral.5,9189069359561447070,55,04a95813d7014d7950fe157a956d4387a292572957115ac209f07c7805a04adc,15,ce5d95544a095d12f3a94473e04ccab55002b524452e073c9d463fb6eb1f422c,0.013763519003987312
persona.low_e_low_n.v2.seed-2004.feedback_only,2004,feedback_only,persona.low_e_low_n.v2,low_e_low_n,v2,complete_five_failures,1,unsuccessful,valid_feedback,,3012682462339476124,10000,9582c82c0e979ad4740159fd2ec5d74526aeb48ac07bda14b2745a25206ae9f4,6561,53a14051f308be8c745906018a762ceb477324e2fdfef98aa3ddc1cd72bc1dbf,0.006428336724638939
persona.low_e_low_n.v2.seed-2004.feedback_only,2004,feedback_only,persona.low_e_low_n.v2,low_e_low_n,v2,complete_five_failures,2,unsuccessful,valid_feedback,,5539227853087561902,6561,53a14051f308be8c745906018a762ceb477324e2fdfef98aa3ddc1cd72bc1dbf,1820,ab963e3ac5c47a412aa8e77e52f2aebf2c350c67899c4acae4511a5e0eb024e6,0.012091138400137424
persona.low_e_low_n.v2.seed-2004.feedback_only,2004,feedback_only,persona.low_e_low_n.v2,low_e_low_n,v2,complete_five_failures,3,unsuccessful,valid_feedback,,9087570836507131457,1820,ab963e3ac5c47a412aa8e77e52f2aebf2c350c67899c4acae4511a5e0eb024e6,588,8700a3bcaa3be0b6d6d88102648e2e896709b87e73bc3b226c676a53c735b7aa,0.017131805419921875
persona.low_e_low_n.v2.seed-2004.feedback_only,2004,feedback_only,persona.low_e_low_n.v2,low_e_low_n,v2,complete_five_failures,4,unsuccessful,valid_feedback,,4770636941596934890,588,8700a3bcaa3be0b6d6d88102648e2e896709b87e73bc3b226c676a53c735b7aa,184,cb198093726eef3fc3e7114005fe6d3fcfc94f89aa68ca88f644f07878fb6efb,0.02063066139817238
persona.low_e_low_n.v2.seed-2004.feedback_only,2004,feedback_only,persona.low_e_low_n.v2,low_e_low_n,v2,complete_five_failures,5,unsuccessful,valid_feedback,,879249873976900214,184,cb198093726eef3fc3e7114005fe6d3fcfc94f89aa68ca88f644f07878fb6efb,63,f5615a652174268c6d89bcdffbb8a46dc5825ddf29135ada17dc66ea2dbefec9,0.020821943879127502
persona.low_e_low_n.v2.seed-2004.supportive,2004,supportive,persona.low_e_low_n.v2,low_e_low_n,v2,complete_five_failures,1,unsuccessful,valid_feedback,filler.supportive.1,3012682462339476124,10000,9582c82c0e979ad4740159fd2ec5d74526aeb48ac07bda14b2745a25206ae9f4,6561,53a14051f308be8c745906018a762ceb477324e2fdfef98aa3ddc1cd72bc1dbf,0.0022064021322876215
persona.low_e_low_n.v2.seed-2004.supportive,2004,supportive,persona.low_e_low_n.v2,low_e_low_n,v2,complete_five_failures,2,unsuccessful,valid_feedback,filler.supportive.2,5539227853087561902,6561,53a14051f308be8c745906018a762ceb477324e2fdfef98aa3ddc1cd72bc1dbf,1820,ab963e3ac5c47a412aa8e77e52f2aebf2c350c67899c4acae4511a5e0eb024e6,0.014477545395493507
persona.low_e_low_n.v2.seed-2004.supportive,2004,supportive,persona.low_e_low_n.v2,low_e_low_n,v2,complete_five_failures,3,unsuccessful,valid_feedback,filler.supportive.3,9087570836507131457,1820,ab963e3ac5c47a412aa8e77e52f2aebf2c350c67899c4acae4511a5e0eb024e6,588,8700a3bcaa3be0b6d6d88102648e2e896709b87e73bc3b226c676a53c735b7aa,0.017120130360126495
persona.low_e_low_n.v2.seed-2004.supportive,2004,supportive,persona.low_e_low_n.v2,low_e_low_n,v2,complete_five_failures,4,unsuccessful,valid_feedback,filler.supportive.4,4770636941596934890,588,8700a3bcaa3be0b6d6d88102648e2e896709b87e73bc3b226c676a53c735b7aa,184,cb198093726eef3fc3e7114005fe6d3fcfc94f89aa68ca88f644f07878fb6efb,0.019234666600823402
persona.low_e_low_n.v2.seed-2004.supportive,2004,supportive,persona.low_e_low_n.v2,low_e_low_n,v2,complete_five_failures,5,unsuccessful,valid_feedback,filler.supportive.5,879249873976900214,184,cb198093726eef3fc3e7114005fe6d3fcfc94f89aa68ca88f644f07878fb6efb,63,f5615a652174268c6d89bcdffbb8a46dc5825ddf29135ada17dc66ea2dbefec9,0.019571727141737938
persona.low_e_low_n.v2.seed-2004.neutral,2004,neutral,persona.low_e_low_n.v2,low_e_low_n,v2,complete_five_failures,1,unsuccessful,valid_feedback,filler.neutral.1,3012682462339476124,10000,9582c82c0e979ad4740159fd2ec5d74526aeb48ac07bda14b2745a25206ae9f4,6561,53a14051f308be8c745906018a762ceb477324e2fdfef98aa3ddc1cd72bc1dbf,0.0024638408794999123
persona.low_e_low_n.v2.seed-2004.neutral,2004,neutral,persona.low_e_low_n.v2,low_e_low_n,v2,complete_five_failures,2,unsuccessful,valid_feedback,filler.neutral.2,5539227853087561902,6561,53a14051f308be8c745906018a762ceb477324e2fdfef98aa3ddc1cd72bc1dbf,1820,ab963e3ac5c47a412aa8e77e52f2aebf2c350c67899c4acae4511a5e0eb024e6,0.012462414801120758
persona.low_e_low_n.v2.seed-2004.neutral,2004,neutral,persona.low_e_low_n.v2,low_e_low_n,v2,complete_five_failures,3,unsuccessful,valid_feedback,filler.neutral.3,9087570836507131457,1820,ab963e3ac5c47a412aa8e77e52f2aebf2c350c67899c4acae4511a5e0eb024e6,588,8700a3bcaa3be0b6d6d88102648e2e896709b87e73bc3b226c676a53c735b7aa,0.01465284638106823
persona.low_e_low_n.v2.seed-2004.neutral,2004,neutral,persona.low_e_low_n.v2,low_e_low_n,v2,complete_five_failures,4,unsuccessful,valid_feedback,filler.neutral.4,4770636941596934890,588,8700a3bcaa3be0b6d6d88102648e2e896709b87e73bc3b226c676a53c735b7aa,184,cb198093726eef3fc3e7114005fe6d3fcfc94f89aa68ca88f644f07878fb6efb,0.01368732750415802
persona.low_e_low_n.v2.seed-2004.neutral,2004,neutral,persona.low_e_low_n.v2,low_e_low_n,v2,complete_five_failures,5,unsuccessful,valid_feedback,filler.neutral.5,879249873976900214,184,cb198093726eef3fc3e7114005fe6d3fcfc94f89aa68ca88f644f07878fb6efb,63,f5615a652174268c6d89bcdffbb8a46dc5825ddf29135ada17dc66ea2dbefec9,0.015866965055465698
persona.low_e_low_n.v2.seed-2005.feedback_only,2005,feedback_only,persona.low_e_low_n.v2,low_e_low_n,v2,complete_five_failures,1,unsuccessful,valid_feedback,,8146282925072561755,10000,9582c82c0e979ad4740159fd2ec5d74526aeb48ac07bda14b2745a25206ae9f4,3048,8d8a406c2701498bf0a5134fc8d3d2dd3838c787cab23a0c65e571fa2681a630,0.007252058479934931
persona.low_e_low_n.v2.seed-2005.feedback_only,2005,feedback_only,persona.low_e_low_n.v2,low_e_low_n,v2,complete_five_failures,2,unsuccessful,valid_feedback,,7270573099286778731,3048,8d8a406c2701498bf0a5134fc8d3d2dd3838c787cab23a0c65e571fa2681a630,768,fc8d58a9e3d1f8e19ada2eb0935f356d1fd043e3c6223147b6eb63ab52c33d06,0.01529680285602808
persona.low_e_low_n.v2.seed-2005.feedback_only,2005,feedback_only,persona.low_e_low_n.v2,low_e_low_n,v2,complete_five_failures,3,unsuccessful,valid_feedback,,320833271567228942,768,fc8d58a9e3d1f8e19ada2eb0935f356d1fd043e3c6223147b6eb63ab52c33d06,184,bb21685db6fbb818e3af6f4c5457db0c37e606a39470f45697f58b6b63d9526f,0.014963183552026749
persona.low_e_low_n.v2.seed-2005.feedback_only,2005,feedback_only,persona.low_e_low_n.v2,low_e_low_n,v2,complete_five_failures,4,unsuccessful,valid_feedback,,1081455331307413947,184,bb21685db6fbb818e3af6f4c5457db0c37e606a39470f45697f58b6b63d9526f,52,8727d9ce5fc0fc52767e37f5a5888530542b8cfb1a8cd4921fbcebfe35c06ec9,0.010046997107565403
persona.low_e_low_n.v2.seed-2005.feedback_only,2005,feedback_only,persona.low_e_low_n.v2,low_e_low_n,v2,complete_five_failures,5,unsuccessful,valid_feedback,,5451539660838294209,52,8727d9ce5fc0fc52767e37f5a5888530542b8cfb1a8cd4921fbcebfe35c06ec9,14,b095fd74ddff9807c5b218bb54089369c9a8234da040fb89bc7b476d47ae2067,0.0011235900456085801
persona.low_e_low_n.v2.seed-2005.supportive,2005,supportive,persona.low_e_low_n.v2,low_e_low_n,v2,complete_five_failures,1,unsuccessful,valid_feedback,filler.supportive.1,8146282925072561755,10000,9582c82c0e979ad4740159fd2ec5d74526aeb48ac07bda14b2745a25206ae9f4,3048,8d8a406c2701498bf0a5134fc8d3d2dd3838c787cab23a0c65e571fa2681a630,0.005236951634287834
persona.low_e_low_n.v2.seed-2005.supportive,2005,supportive,persona.low_e_low_n.v2,low_e_low_n,v2,complete_five_failures,2,unsuccessful,valid_feedback,filler.supportive.2,7270573099286778731,3048,8d8a406c2701498bf0a5134fc8d3d2dd3838c787cab23a0c65e571fa2681a630,768,fc8d58a9e3d1f8e19ada2eb0935f356d1fd043e3c6223147b6eb63ab52c33d06,0.020195048302412033
persona.low_e_low_n.v2.seed-2005.supportive,2005,supportive,persona.low_e_low_n.v2,low_e_low_n,v2,complete_five_failures,3,unsuccessful,valid_feedback,filler.supportive.3,320833271567228942,768,fc8d58a9e3d1f8e19ada2eb0935f356d1fd043e3c6223147b6eb63ab52c33d06,190,35049178f6b4f7103224259f9c9baff8546af3ff8ac7de6c3814cb9b2c8a38ef,0.015868505463004112
persona.low_e_low_n.v2.seed-2005.supportive,2005,supportive,persona.low_e_low_n.v2,low_e_low_n,v2,complete_five_failures,4,unsuccessful,valid_feedback,filler.supportive.4,1081455331307413947,190,35049178f6b4f7103224259f9c9baff8546af3ff8ac7de6c3814cb9b2c8a38ef,51,7f6792ea80549f3fe04e97f7dcf6ec11eee7817a080ac7fed3b10acf9289c34c,0.009176133200526237
persona.low_e_low_n.v2.seed-2005.supportive,2005,supportive,persona.low_e_low_n.v2,low_e_low_n,v2,complete_five_failures,5,unsuccessful,valid_feedback,filler.supportive.5,5451539660838294209,51,7f6792ea80549f3fe04e97f7dcf6ec11eee7817a080ac7fed3b10acf9289c34c,25,ece30cf22d281aa2d29dbd5b632ea660c98aac1c9754a6467a2c6815b58b52cd,0.01340431533753872
persona.low_e_low_n.v2.seed-2005.neutral,2005,neutral,persona.low_e_low_n.v2,low_e_low_n,v2,complete_five_failures,1,unsuccessful,valid_feedback,filler.neutral.1,8146282925072561755,10000,9582c82c0e979ad4740159fd2ec5d74526aeb48ac07bda14b2745a25206ae9f4,3048,8d8a406c2701498bf0a5134fc8d3d2dd3838c787cab23a0c65e571fa2681a630,0.004922023508697748
persona.low_e_low_n.v2.seed-2005.neutral,2005,neutral,persona.low_e_low_n.v2,low_e_low_n,v2,complete_five_failures,2,unsuccessful,valid_feedback,filler.neutral.2,7270573099286778731,3048,8d8a406c2701498bf0a5134fc8d3d2dd3838c787cab23a0c65e571fa2681a630,768,fc8d58a9e3d1f8e19ada2eb0935f356d1fd043e3c6223147b6eb63ab52c33d06,0.015957366675138474
persona.low_e_low_n.v2.seed-2005.neutral,2005,neutral,persona.low_e_low_n.v2,low_e_low_n,v2,complete_five_failures,3,unsuccessful,valid_feedback,filler.neutral.3,320833271567228942,768,fc8d58a9e3d1f8e19ada2eb0935f356d1fd043e3c6223147b6eb63ab52c33d06,190,35049178f6b4f7103224259f9c9baff8546af3ff8ac7de6c3814cb9b2c8a38ef,0.013383137993514538
persona.low_e_low_n.v2.seed-2005.neutral,2005,neutral,persona.low_e_low_n.v2,low_e_low_n,v2,complete_five_failures,4,unsuccessful,valid_feedback,filler.neutral.4,1081455331307413947,190,35049178f6b4f7103224259f9c9baff8546af3ff8ac7de6c3814cb9b2c8a38ef,51,7f6792ea80549f3fe04e97f7dcf6ec11eee7817a080ac7fed3b10acf9289c34c,0.0068802181631326675
persona.low_e_low_n.v2.seed-2005.neutral,2005,neutral,persona.low_e_low_n.v2,low_e_low_n,v2,complete_five_failures,5,unsuccessful,valid_feedback,filler.neutral.5,5451539660838294209,51,7f6792ea80549f3fe04e97f7dcf6ec11eee7817a080ac7fed3b10acf9289c34c,25,ece30cf22d281aa2d29dbd5b632ea660c98aac1c9754a6467a2c6815b58b52cd,0.01039168518036604
persona.low_e_low_n.v2.seed-2006.feedback_only,2006,feedback_only,persona.low_e_low_n.v2,low_e_low_n,v2,complete_five_failures,1,unsuccessful,valid_feedback,,20746705984210227,10000,9582c82c0e979ad4740159fd2ec5d74526aeb48ac07bda14b2745a25206ae9f4,3048,8d8a406c2701498bf0a5134fc8d3d2dd3838c787cab23a0c65e571fa2681a630,0.005884028039872646
persona.low_e_low_n.v2.seed-2006.feedback_only,2006,feedback_only,persona.low_e_low_n.v2,low_e_low_n,v2,complete_five_failures,2,unsuccessful,valid_feedback,,7186787635236517948,3048,8d8a406c2701498bf0a5134fc8d3d2dd3838c787cab23a0c65e571fa2681a630,768,fc8d58a9e3d1f8e19ada2eb0935f356d1fd043e3c6223147b6eb63ab52c33d06,0.01614314317703247
persona.low_e_low_n.v2.seed-2006.feedback_only,2006,feedback_only,persona.low_e_low_n.v2,low_e_low_n,v2,complete_five_failures,3,unsuccessful,valid_feedback,,2633872377281840482,768,fc8d58a9e3d1f8e19ada2eb0935f356d1fd043e3c6223147b6eb63ab52c33d06,206,3701c51eacc8da4a43acc7def8b9efc78019c15d870b2f7a0f276ba681e765c0,0.01534720417112112
persona.low_e_low_n.v2.seed-2006.feedback_only,2006,feedback_only,persona.low_e_low_n.v2,low_e_low_n,v2,complete_five_failures,4,unsuccessful,valid_feedback,,7338954399356967658,206,3701c51eacc8da4a43acc7def8b9efc78019c15d870b2f7a0f276ba681e765c0,55,04a95813d7014d7950fe157a956d4387a292572957115ac209f07c7805a04adc,0.011904099956154823
persona.low_e_low_n.v2.seed-2006.feedback_only,2006,feedback_only,persona.low_e_low_n.v2,low_e_low_n,v2,complete_five_failures,5,unsuccessful,valid_feedback,,9132968224681273883,55,04a95813d7014d7950fe157a956d4387a292572957115ac209f07c7805a04adc,15,ce5d95544a095d12f3a94473e04ccab55002b524452e073c9d463fb6eb1f422c,0.015796737745404243
persona.low_e_low_n.v2.seed-2006.supportive,2006,supportive,persona.low_e_low_n.v2,low_e_low_n,v2,complete_five_failures,1,unsuccessful,valid_feedback,filler.supportive.1,20746705984210227,10000,9582c82c0e979ad4740159fd2ec5d74526aeb48ac07bda14b2745a25206ae9f4,3048,8d8a406c2701498bf0a5134fc8d3d2dd3838c787cab23a0c65e571fa2681a630,0.003987180069088936
persona.low_e_low_n.v2.seed-2006.supportive,2006,supportive,persona.low_e_low_n.v2,low_e_low_n,v2,complete_five_failures,2,unsuccessful,valid_feedback,filler.supportive.2,7186787635236517948,3048,8d8a406c2701498bf0a5134fc8d3d2dd3838c787cab23a0c65e571fa2681a630,768,fc8d58a9e3d1f8e19ada2eb0935f356d1fd043e3c6223147b6eb63ab52c33d06,0.016355494037270546
persona.low_e_low_n.v2.seed-2006.supportive,2006,supportive,persona.low_e_low_n.v2,low_e_low_n,v2,complete_five_failures,3,unsuccessful,valid_feedback,filler.supportive.3,2633872377281840482,768,fc8d58a9e3d1f8e19ada2eb0935f356d1fd043e3c6223147b6eb63ab52c33d06,206,3701c51eacc8da4a43acc7def8b9efc78019c15d870b2f7a0f276ba681e765c0,0.015806706622242928
persona.low_e_low_n.v2.seed-2006.supportive,2006,supportive,persona.low_e_low_n.v2,low_e_low_n,v2,complete_five_failures,4,unsuccessful,valid_feedback,filler.supportive.4,7338954399356967658,206,3701c51eacc8da4a43acc7def8b9efc78019c15d870b2f7a0f276ba681e765c0,55,04a95813d7014d7950fe157a956d4387a292572957115ac209f07c7805a04adc,0.014888657256960869
persona.low_e_low_n.v2.seed-2006.supportive,2006,supportive,persona.low_e_low_n.v2,low_e_low_n,v2,complete_five_failures,5,unsuccessful,valid_feedback,filler.supportive.5,9132968224681273883,55,04a95813d7014d7950fe157a956d4387a292572957115ac209f07c7805a04adc,15,ce5d95544a095d12f3a94473e04ccab55002b524452e073c9d463fb6eb1f422c,0.016925331205129623
persona.low_e_low_n.v2.seed-2006.neutral,2006,neutral,persona.low_e_low_n.v2,low_e_low_n,v2,complete_five_failures,1,unsuccessful,valid_feedback,filler.neutral.1,20746705984210227,10000,9582c82c0e979ad4740159fd2ec5d74526aeb48ac07bda14b2745a25206ae9f4,3048,8d8a406c2701498bf0a5134fc8d3d2dd3838c787cab23a0c65e571fa2681a630,0.00382089801132679
persona.low_e_low_n.v2.seed-2006.neutral,2006,neutral,persona.low_e_low_n.v2,low_e_low_n,v2,complete_five_failures,2,unsuccessful,valid_feedback,filler.neutral.2,7186787635236517948,3048,8d8a406c2701498bf0a5134fc8d3d2dd3838c787cab23a0c65e571fa2681a630,768,fc8d58a9e3d1f8e19ada2eb0935f356d1fd043e3c6223147b6eb63ab52c33d06,0.015940655022859573
persona.low_e_low_n.v2.seed-2006.neutral,2006,neutral,persona.low_e_low_n.v2,low_e_low_n,v2,complete_five_failures,3,unsuccessful,valid_feedback,filler.neutral.3,2633872377281840482,768,fc8d58a9e3d1f8e19ada2eb0935f356d1fd043e3c6223147b6eb63ab52c33d06,206,3701c51eacc8da4a43acc7def8b9efc78019c15d870b2f7a0f276ba681e765c0,0.013364662416279316
persona.low_e_low_n.v2.seed-2006.neutral,2006,neutral,persona.low_e_low_n.v2,low_e_low_n,v2,complete_five_failures,4,unsuccessful,valid_feedback,filler.neutral.4,7338954399356967658,206,3701c51eacc8da4a43acc7def8b9efc78019c15d870b2f7a0f276ba681e765c0,55,04a95813d7014d7950fe157a956d4387a292572957115ac209f07c7805a04adc,0.01090974546968937
persona.low_e_low_n.v2.seed-2006.neutral,2006,neutral,persona.low_e_low_n.v2,low_e_low_n,v2,complete_five_failures,5,unsuccessful,valid_feedback,filler.neutral.5,9132968224681273883,55,04a95813d7014d7950fe157a956d4387a292572957115ac209f07c7805a04adc,15,ce5d95544a095d12f3a94473e04ccab55002b524452e073c9d463fb6eb1f422c,0.013763519003987312
persona.low_e_low_n.v2.seed-2007.feedback_only,2007,feedback_only,persona.low_e_low_n.v2,low_e_low_n,v2,complete_five_failures,1,unsuccessful,valid_feedback,,5495818002014909466,10000,9582c82c0e979ad4740159fd2ec5d74526aeb48ac07bda14b2745a25206ae9f4,3048,8d8a406c2701498bf0a5134fc8d3d2dd3838c787cab23a0c65e571fa2681a630,0.005884028039872646
persona.low_e_low_n.v2.seed-2007.feedback_only,2007,feedback_only,persona.low_e_low_n.v2,low_e_low_n,v2,complete_five_failures,2,unsuccessful,valid_feedback,,7092970346930268185,3048,8d8a406c2701498bf0a5134fc8d3d2dd3838c787cab23a0c65e571fa2681a630,768,fc8d58a9e3d1f8e19ada2eb0935f356d1fd043e3c6223147b6eb63ab52c33d06,0.01614314317703247
persona.low_e_low_n.v2.seed-2007.feedback_only,2007,feedback_only,persona.low_e_low_n.v2,low_e_low_n,v2,complete_five_failures,3,unsuccessful,valid_feedback,,4413334138324627702,768,fc8d58a9e3d1f8e19ada2eb0935f356d1fd043e3c6223147b6eb63ab52c33d06,206,3701c51eacc8da4a43acc7def8b9efc78019c15d870b2f7a0f276ba681e765c0,0.01534720417112112
persona.low_e_low_n.v2.seed-2007.feedback_only,2007,feedback_only,persona.low_e_low_n.v2,low_e_low_n,v2,complete_five_failures,4,unsuccessful,valid_feedback,,7609396874926615527,206,3701c51eacc8da4a43acc7def8b9efc78019c15d870b2f7a0f276ba681e765c0,55,04a95813d7014d7950fe157a956d4387a292572957115ac209f07c7805a04adc,0.011904099956154823
persona.low_e_low_n.v2.seed-2007.feedback_only,2007,feedback_only,persona.low_e_low_n.v2,low_e_low_n,v2,complete_five_failures,5,unsuccessful,valid_feedback,,1032535146999642755,55,04a95813d7014d7950fe157a956d4387a292572957115ac209f07c7805a04adc,15,ce5d95544a095d12f3a94473e04ccab55002b524452e073c9d463fb6eb1f422c,0.015796737745404243
persona.low_e_low_n.v2.seed-2007.supportive,2007,supportive,persona.low_e_low_n.v2,low_e_low_n,v2,complete_five_failures,1,unsuccessful,valid_feedback,filler.supportive.1,5495818002014909466,10000,9582c82c0e979ad4740159fd2ec5d74526aeb48ac07bda14b2745a25206ae9f4,3048,8d8a406c2701498bf0a5134fc8d3d2dd3838c787cab23a0c65e571fa2681a630,0.003987180069088936
persona.low_e_low_n.v2.seed-2007.supportive,2007,supportive,persona.low_e_low_n.v2,low_e_low_n,v2,complete_five_failures,2,unsuccessful,valid_feedback,filler.supportive.2,7092970346930268185,3048,8d8a406c2701498bf0a5134fc8d3d2dd3838c787cab23a0c65e571fa2681a630,768,fc8d58a9e3d1f8e19ada2eb0935f356d1fd043e3c6223147b6eb63ab52c33d06,0.016355494037270546
persona.low_e_low_n.v2.seed-2007.supportive,2007,supportive,persona.low_e_low_n.v2,low_e_low_n,v2,complete_five_failures,3,unsuccessful,valid_feedback,filler.supportive.3,4413334138324627702,768,fc8d58a9e3d1f8e19ada2eb0935f356d1fd043e3c6223147b6eb63ab52c33d06,206,3701c51eacc8da4a43acc7def8b9efc78019c15d870b2f7a0f276ba681e765c0,0.015806706622242928
persona.low_e_low_n.v2.seed-2007.supportive,2007,supportive,persona.low_e_low_n.v2,low_e_low_n,v2,complete_five_failures,4,unsuccessful,valid_feedback,filler.supportive.4,7609396874926615527,206,3701c51eacc8da4a43acc7def8b9efc78019c15d870b2f7a0f276ba681e765c0,55,04a95813d7014d7950fe157a956d4387a292572957115ac209f07c7805a04adc,0.014888657256960869
persona.low_e_low_n.v2.seed-2007.supportive,2007,supportive,persona.low_e_low_n.v2,low_e_low_n,v2,complete_five_failures,5,unsuccessful,valid_feedback,filler.supportive.5,1032535146999642755,55,04a95813d7014d7950fe157a956d4387a292572957115ac209f07c7805a04adc,15,ce5d95544a095d12f3a94473e04ccab55002b524452e073c9d463fb6eb1f422c,0.016925331205129623
persona.low_e_low_n.v2.seed-2007.neutral,2007,neutral,persona.low_e_low_n.v2,low_e_low_n,v2,complete_five_failures,1,unsuccessful,valid_feedback,filler.neutral.1,5495818002014909466,10000,9582c82c0e979ad4740159fd2ec5d74526aeb48ac07bda14b2745a25206ae9f4,3048,8d8a406c2701498bf0a5134fc8d3d2dd3838c787cab23a0c65e571fa2681a630,0.00382089801132679
persona.low_e_low_n.v2.seed-2007.neutral,2007,neutral,persona.low_e_low_n.v2,low_e_low_n,v2,complete_five_failures,2,unsuccessful,valid_feedback,filler.neutral.2,7092970346930268185,3048,8d8a406c2701498bf0a5134fc8d3d2dd3838c787cab23a0c65e571fa2681a630,768,fc8d58a9e3d1f8e19ada2eb0935f356d1fd043e3c6223147b6eb63ab52c33d06,0.015940655022859573
persona.low_e_low_n.v2.seed-2007.neutral,2007,neutral,persona.low_e_low_n.v2,low_e_low_n,v2,complete_five_failures,3,unsuccessful,valid_feedback,filler.neutral.3,4413334138324627702,768,fc8d58a9e3d1f8e19ada2eb0935f356d1fd043e3c6223147b6eb63ab52c33d06,206,3701c51eacc8da4a43acc7def8b9efc78019c15d870b2f7a0f276ba681e765c0,0.013364662416279316
persona.low_e_low_n.v2.seed-2007.neutral,2007,neutral,persona.low_e_low_n.v2,low_e_low_n,v2,complete_five_failures,4,unsuccessful,valid_feedback,filler.neutral.4,7609396874926615527,206,3701c51eacc8da4a43acc7def8b9efc78019c15d870b2f7a0f276ba681e765c0,55,04a95813d7014d7950fe157a956d4387a292572957115ac209f07c7805a04adc,0.01090974546968937
persona.low_e_low_n.v2.seed-2007.neutral,2007,neutral,persona.low_e_low_n.v2,low_e_low_n,v2,complete_five_failures,5,unsuccessful,valid_feedback,filler.neutral.5,1032535146999642755,55,04a95813d7014d7950fe157a956d4387a292572957115ac209f07c7805a04adc,15,ce5d95544a095d12f3a94473e04ccab55002b524452e073c9d463fb6eb1f422c,0.013763519003987312
persona.low_e_low_n.v2.seed-2008.feedback_only,2008,feedback_only,persona.low_e_low_n.v2,low_e_low_n,v2,complete_five_failures,1,unsuccessful,valid_feedback,,8344175065288078558,10000,9582c82c0e979ad4740159fd2ec5d74526aeb48ac07bda14b2745a25206ae9f4,3048,8d8a406c2701498bf0a5134fc8d3d2dd3838c787cab23a0c65e571fa2681a630,0.005884028039872646
persona.low_e_low_n.v2.seed-2008.feedback_only,2008,feedback_only,persona.low_e_low_n.v2,low_e_low_n,v2,complete_five_failures,2,unsuccessful,valid_feedback,,1764828235997338309,3048,8d8a406c2701498bf0a5134fc8d3d2dd3838c787cab23a0c65e571fa2681a630,768,fc8d58a9e3d1f8e19ada2eb0935f356d1fd043e3c6223147b6eb63ab52c33d06,0.01614314317703247
persona.low_e_low_n.v2.seed-2008.feedback_only,2008,feedback_only,persona.low_e_low_n.v2,low_e_low_n,v2,complete_five_failures,3,unsuccessful,valid_feedback,,1186103364016962603,768,fc8d58a9e3d1f8e19ada2eb0935f356d1fd043e3c6223147b6eb63ab52c33d06,206,3701c51eacc8da4a43acc7def8b9efc78019c15d870b2f7a0f276ba681e765c0,0.01534720417112112
persona.low_e_low_n.v2.seed-2008.feedback_only,2008,feedback_only,persona.low_e_low_n.v2,low_e_low_n,v2,complete_five_failures,4,unsuccessful,valid_feedback,,1157719167337881160,206,3701c51eacc8da4a43acc7def8b9efc78019c15d870b2f7a0f276ba681e765c0,55,04a95813d7014d7950fe157a956d4387a292572957115ac209f07c7805a04adc,0.011904099956154823
persona.low_e_low_n.v2.seed-2008.feedback_only,2008,feedback_only,persona.low_e_low_n.v2,low_e_low_n,v2,complete_five_failures,5,unsuccessful,valid_feedback,,6714476192934985326,55,04a95813d7014d7950fe157a956d4387a292572957115ac209f07c7805a04adc,15,ce5d95544a095d12f3a94473e04ccab55002b524452e073c9d463fb6eb1f422c,0.015796737745404243
persona.low_e_low_n.v2.seed-2008.supportive,2008,supportive,persona.low_e_low_n.v2,low_e_low_n,v2,complete_five_failures,1,unsuccessful,valid_feedback,filler.supportive.1,8344175065288078558,10000,9582c82c0e979ad4740159fd2ec5d74526aeb48ac07bda14b2745a25206ae9f4,3048,8d8a406c2701498bf0a5134fc8d3d2dd3838c787cab23a0c65e571fa2681a630,0.003987180069088936
persona.low_e_low_n.v2.seed-2008.supportive,2008,supportive,persona.low_e_low_n.v2,low_e_low_n,v2,complete_five_failures,2,unsuccessful,valid_feedback,filler.supportive.2,1764828235997338309,3048,8d8a406c2701498bf0a5134fc8d3d2dd3838c787cab23a0c65e571fa2681a630,768,fc8d58a9e3d1f8e19ada2eb0935f356d1fd043e3c6223147b6eb63ab52c33d06,0.016355494037270546
persona.low_e_low_n.v2.seed-2008.supportive,2008,supportive,persona.low_e_low_n.v2,low_e_low_n,v2,complete_five_failures,3,unsuccessful,valid_feedback,filler.supportive.3,1186103364016962603,768,fc8d58a9e3d1f8e19ada2eb0935f356d1fd043e3c6223147b6eb63ab52c33d06,206,3701c51eacc8da4a43acc7def8b9efc78019c15d870b2f7a0f276ba681e765c0,0.015806706622242928
persona.low_e_low_n.v2.seed-2008.supportive,2008,supportive,persona.low_e_low_n.v2,low_e_low_n,v2,complete_five_failures,4,unsuccessful,valid_feedback,filler.supportive.4,1157719167337881160,206,3701c51eacc8da4a43acc7def8b9efc78019c15d870b2f7a0f276ba681e765c0,55,04a95813d7014d7950fe157a956d4387a292572957115ac209f07c7805a04adc,0.014888657256960869
persona.low_e_low_n.v2.seed-2008.supportive,2008,supportive,persona.low_e_low_n.v2,low_e_low_n,v2,complete_five_failures,5,unsuccessful,valid_feedback,filler.supportive.5,6714476192934985326,55,04a95813d7014d7950fe157a956d4387a292572957115ac209f07c7805a04adc,15,ce5d95544a095d12f3a94473e04ccab55002b524452e073c9d463fb6eb1f422c,0.016925331205129623
persona.low_e_low_n.v2.seed-2008.neutral,2008,neutral,persona.low_e_low_n.v2,low_e_low_n,v2,complete_five_failures,1,unsuccessful,valid_feedback,filler.neutral.1,8344175065288078558,10000,9582c82c0e979ad4740159fd2ec5d74526aeb48ac07bda14b2745a25206ae9f4,3048,8d8a406c2701498bf0a5134fc8d3d2dd3838c787cab23a0c65e571fa2681a630,0.00382089801132679
persona.low_e_low_n.v2.seed-2008.neutral,2008,neutral,persona.low_e_low_n.v2,low_e_low_n,v2,complete_five_failures,2,unsuccessful,valid_feedback,filler.neutral.2,1764828235997338309,3048,8d8a406c2701498bf0a5134fc8d3d2dd3838c787cab23a0c65e571fa2681a630,768,fc8d58a9e3d1f8e19ada2eb0935f356d1fd043e3c6223147b6eb63ab52c33d06,0.015940655022859573
persona.low_e_low_n.v2.seed-2008.neutral,2008,neutral,persona.low_e_low_n.v2,low_e_low_n,v2,complete_five_failures,3,unsuccessful,valid_feedback,filler.neutral.3,1186103364016962603,768,fc8d58a9e3d1f8e19ada2eb0935f356d1fd043e3c6223147b6eb63ab52c33d06,206,3701c51eacc8da4a43acc7def8b9efc78019c15d870b2f7a0f276ba681e765c0,0.013364662416279316
persona.low_e_low_n.v2.seed-2008.neutral,2008,neutral,persona.low_e_low_n.v2,low_e_low_n,v2,complete_five_failures,4,unsuccessful,valid_feedback,filler.neutral.4,1157719167337881160,206,3701c51eacc8da4a43acc7def8b9efc78019c15d870b2f7a0f276ba681e765c0,55,04a95813d7014d7950fe157a956d4387a292572957115ac209f07c7805a04adc,0.01090974546968937
persona.low_e_low_n.v2.seed-2008.neutral,2008,neutral,persona.low_e_low_n.v2,low_e_low_n,v2,complete_five_failures,5,unsuccessful,valid_feedback,filler.neutral.5,6714476192934985326,55,04a95813d7014d7950fe157a956d4387a292572957115ac209f07c7805a04adc,15,ce5d95544a095d12f3a94473e04ccab55002b524452e073c9d463fb6eb1f422c,0.013763519003987312
persona.low_e_low_n.v2.seed-2009.feedback_only,2009,feedback_only,persona.low_e_low_n.v2,low_e_low_n,v2,complete_five_failures,1,unsuccessful,valid_feedback,,1260204083383722554,10000,9582c82c0e979ad4740159fd2ec5d74526aeb48ac07bda14b2745a25206ae9f4,3048,8d8a406c2701498bf0a5134fc8d3d2dd3838c787cab23a0c65e571fa2681a630,0.005884028039872646
persona.low_e_low_n.v2.seed-2009.feedback_only,2009,feedback_only,persona.low_e_low_n.v2,low_e_low_n,v2,complete_five_failures,2,unsuccessful,valid_feedback,,8078703204154141548,3048,8d8a406c2701498bf0a5134fc8d3d2dd3838c787cab23a0c65e571fa2681a630,768,fc8d58a9e3d1f8e19ada2eb0935f356d1fd043e3c6223147b6eb63ab52c33d06,0.01614314317703247
persona.low_e_low_n.v2.seed-2009.feedback_only,2009,feedback_only,persona.low_e_low_n.v2,low_e_low_n,v2,complete_five_failures,3,unsuccessful,valid_feedback,,4408837213815512884,768,fc8d58a9e3d1f8e19ada2eb0935f356d1fd043e3c6223147b6eb63ab52c33d06,206,3701c51eacc8da4a43acc7def8b9efc78019c15d870b2f7a0f276ba681e765c0,0.01534720417112112
persona.low_e_low_n.v2.seed-2009.feedback_only,2009,feedback_only,persona.low_e_low_n.v2,low_e_low_n,v2,complete_five_failures,4,unsuccessful,valid_feedback,,5665391256835248990,206,3701c51eacc8da4a43acc7def8b9efc78019c15d870b2f7a0f276ba681e765c0,55,04a95813d7014d7950fe157a956d4387a292572957115ac209f07c7805a04adc,0.011904099956154823
persona.low_e_low_n.v2.seed-2009.feedback_only,2009,feedback_only,persona.low_e_low_n.v2,low_e_low_n,v2,complete_five_failures,5,unsuccessful,valid_feedback,,9128014439954229688,55,04a95813d7014d7950fe157a956d4387a292572957115ac209f07c7805a04adc,16,c4381b23c6bfad65ec6363bfce625f0aee93467eaa2c1d60c80ffbff1be04bda,0.0116225965321064
persona.low_e_low_n.v2.seed-2009.supportive,2009,supportive,persona.low_e_low_n.v2,low_e_low_n,v2,complete_five_failures,1,unsuccessful,valid_feedback,filler.supportive.1,1260204083383722554,10000,9582c82c0e979ad4740159fd2ec5d74526aeb48ac07bda14b2745a25206ae9f4,3048,8d8a406c2701498bf0a5134fc8d3d2dd3838c787cab23a0c65e571fa2681a630,0.003987180069088936
persona.low_e_low_n.v2.seed-2009.supportive,2009,supportive,persona.low_e_low_n.v2,low_e_low_n,v2,complete_five_failures,2,unsuccessful,valid_feedback,filler.supportive.2,8078703204154141548,3048,8d8a406c2701498bf0a5134fc8d3d2dd3838c787cab23a0c65e571fa2681a630,768,fc8d58a9e3d1f8e19ada2eb0935f356d1fd043e3c6223147b6eb63ab52c33d06,0.016355494037270546
persona.low_e_low_n.v2.seed-2009.supportive,2009,supportive,persona.low_e_low_n.v2,low_e_low_n,v2,complete_five_failures,3,unsuccessful,valid_feedback,filler.supportive.3,4408837213815512884,768,fc8d58a9e3d1f8e19ada2eb0935f356d1fd043e3c6223147b6eb63ab52c33d06,206,3701c51eacc8da4a43acc7def8b9efc78019c15d870b2f7a0f276ba681e765c0,0.015806706622242928
persona.low_e_low_n.v2.seed-2009.supportive,2009,supportive,persona.low_e_low_n.v2,low_e_low_n,v2,complete_five_failures,4,unsuccessful,valid_feedback,filler.supportive.4,5665391256835248990,206,3701c51eacc8da4a43acc7def8b9efc78019c15d870b2f7a0f276ba681e765c0,55,04a95813d7014d7950fe157a956d4387a292572957115ac209f07c7805a04adc,0.014888657256960869
persona.low_e_low_n.v2.seed-2009.supportive,2009,supportive,persona.low_e_low_n.v2,low_e_low_n,v2,complete_five_failures,5,unsuccessful,valid_feedback,filler.supportive.5,9128014439954229688,55,04a95813d7014d7950fe157a956d4387a292572957115ac209f07c7805a04adc,16,c4381b23c6bfad65ec6363bfce625f0aee93467eaa2c1d60c80ffbff1be04bda,0.013910266570746899
persona.low_e_low_n.v2.seed-2009.neutral,2009,neutral,persona.low_e_low_n.v2,low_e_low_n,v2,complete_five_failures,1,unsuccessful,valid_feedback,filler.neutral.1,1260204083383722554,10000,9582c82c0e979ad4740159fd2ec5d74526aeb48ac07bda14b2745a25206ae9f4,3048,8d8a406c2701498bf0a5134fc8d3d2dd3838c787cab23a0c65e571fa2681a630,0.00382089801132679
persona.low_e_low_n.v2.seed-2009.neutral,2009,neutral,persona.low_e_low_n.v2,low_e_low_n,v2,complete_five_failures,2,unsuccessful,valid_feedback,filler.neutral.2,8078703204154141548,3048,8d8a406c2701498bf0a5134fc8d3d2dd3838c787cab23a0c65e571fa2681a630,768,fc8d58a9e3d1f8e19ada2eb0935f356d1fd043e3c6223147b6eb63ab52c33d06,0.015940655022859573
persona.low_e_low_n.v2.seed-2009.neutral,2009,neutral,persona.low_e_low_n.v2,low_e_low_n,v2,complete_five_failures,3,unsuccessful,valid_feedback,filler.neutral.3,4408837213815512884,768,fc8d58a9e3d1f8e19ada2eb0935f356d1fd043e3c6223147b6eb63ab52c33d06,206,3701c51eacc8da4a43acc7def8b9efc78019c15d870b2f7a0f276ba681e765c0,0.013364662416279316
persona.low_e_low_n.v2.seed-2009.neutral,2009,neutral,persona.low_e_low_n.v2,low_e_low_n,v2,complete_five_failures,4,unsuccessful,valid_feedback,filler.neutral.4,5665391256835248990,206,3701c51eacc8da4a43acc7def8b9efc78019c15d870b2f7a0f276ba681e765c0,55,04a95813d7014d7950fe157a956d4387a292572957115ac209f07c7805a04adc,0.01090974546968937
persona.low_e_low_n.v2.seed-2009.neutral,2009,neutral,persona.low_e_low_n.v2,low_e_low_n,v2,complete_five_failures,5,unsuccessful,valid_feedback,filler.neutral.5,9128014439954229688,55,04a95813d7014d7950fe157a956d4387a292572957115ac209f07c7805a04adc,16,c4381b23c6bfad65ec6363bfce625f0aee93467eaa2c1d60c80ffbff1be04bda,0.010245325043797493
persona.low_e_low_n.v2.seed-2010.feedback_only,2010,feedback_only,persona.low_e_low_n.v2,low_e_low_n,v2,complete_five_failures,1,unsuccessful,valid_feedback,,3469795497683125335,10000,9582c82c0e979ad4740159fd2ec5d74526aeb48ac07bda14b2745a25206ae9f4,3048,8d8a406c2701498bf0a5134fc8d3d2dd3838c787cab23a0c65e571fa2681a630,0.005884028039872646
persona.low_e_low_n.v2.seed-2010.feedback_only,2010,feedback_only,persona.low_e_low_n.v2,low_e_low_n,v2,complete_five_failures,2,unsuccessful,valid_feedback,,7502407488306205158,3048,8d8a406c2701498bf0a5134fc8d3d2dd3838c787cab23a0c65e571fa2681a630,768,fc8d58a9e3d1f8e19ada2eb0935f356d1fd043e3c6223147b6eb63ab52c33d06,0.01614314317703247
persona.low_e_low_n.v2.seed-2010.feedback_only,2010,feedback_only,persona.low_e_low_n.v2,low_e_low_n,v2,complete_five_failures,3,unsuccessful,valid_feedback,,7505458095384574504,768,fc8d58a9e3d1f8e19ada2eb0935f356d1fd043e3c6223147b6eb63ab52c33d06,206,3701c51eacc8da4a43acc7def8b9efc78019c15d870b2f7a0f276ba681e765c0,0.01534720417112112
persona.low_e_low_n.v2.seed-2010.feedback_only,2010,feedback_only,persona.low_e_low_n.v2,low_e_low_n,v2,complete_five_failures,4,unsuccessful,valid_feedback,,8890796447059342011,206,3701c51eacc8da4a43acc7def8b9efc78019c15d870b2f7a0f276ba681e765c0,55,04a95813d7014d7950fe157a956d4387a292572957115ac209f07c7805a04adc,0.011904099956154823
persona.low_e_low_n.v2.seed-2010.feedback_only,2010,feedback_only,persona.low_e_low_n.v2,low_e_low_n,v2,complete_five_failures,5,unsuccessful,valid_feedback,,2061649511049620242,55,04a95813d7014d7950fe157a956d4387a292572957115ac209f07c7805a04adc,15,ce5d95544a095d12f3a94473e04ccab55002b524452e073c9d463fb6eb1f422c,0.015796737745404243
persona.low_e_low_n.v2.seed-2010.supportive,2010,supportive,persona.low_e_low_n.v2,low_e_low_n,v2,complete_five_failures,1,unsuccessful,valid_feedback,filler.supportive.1,3469795497683125335,10000,9582c82c0e979ad4740159fd2ec5d74526aeb48ac07bda14b2745a25206ae9f4,3048,8d8a406c2701498bf0a5134fc8d3d2dd3838c787cab23a0c65e571fa2681a630,0.003987180069088936
persona.low_e_low_n.v2.seed-2010.supportive,2010,supportive,persona.low_e_low_n.v2,low_e_low_n,v2,complete_five_failures,2,unsuccessful,valid_feedback,filler.supportive.2,7502407488306205158,3048,8d8a406c2701498bf0a5134fc8d3d2dd3838c787cab23a0c65e571fa2681a630,768,fc8d58a9e3d1f8e19ada2eb0935f356d1fd043e3c6223147b6eb63ab52c33d06,0.016355494037270546
persona.low_e_low_n.v2.seed-2010.supportive,2010,supportive,persona.low_e_low_n.v2,low_e_low_n,v2,complete_five_failures,3,unsuccessful,valid_feedback,filler.supportive.3,7505458095384574504,768,fc8d58a9e3d1f8e19ada2eb0935f356d1fd043e3c6223147b6eb63ab52c33d06,206,3701c51eacc8da4a43acc7def8b9efc78019c15d870b2f7a0f276ba681e765c0,0.015806706622242928
persona.low_e_low_n.v2.seed-2010.supportive,2010,supportive,persona.low_e_low_n.v2,low_e_low_n,v2,complete_five_failures,4,unsuccessful,valid_feedback,filler.supportive.4,8890796447059342011,206,3701c51eacc8da4a43acc7def8b9efc78019c15d870b2f7a0f276ba681e765c0,55,04a95813d7014d7950fe157a956d4387a292572957115ac209f07c7805a04adc,0.014888657256960869
persona.low_e_low_n.v2.seed-2010.supportive,2010,supportive,persona.low_e_low_n.v2,low_e_low_n,v2,complete_five_failures,5,unsuccessful,valid_feedback,filler.supportive.5,2061649511049620242,55,04a95813d7014d7950fe157a956d4387a292572957115ac209f07c7805a04adc,15,ce5d95544a095d12f3a94473e04ccab55002b524452e073c9d463fb6eb1f422c,0.016925331205129623
persona.low_e_low_n.v2.seed-2010.neutral,2010,neutral,persona.low_e_low_n.v2,low_e_low_n,v2,complete_five_failures,1,unsuccessful,valid_feedback,filler.neutral.1,3469795497683125335,10000,9582c82c0e979ad4740159fd2ec5d74526aeb48ac07bda14b2745a25206ae9f4,3048,8d8a406c2701498bf0a5134fc8d3d2dd3838c787cab23a0c65e571fa2681a630,0.00382089801132679
persona.low_e_low_n.v2.seed-2010.neutral,2010,neutral,persona.low_e_low_n.v2,low_e_low_n,v2,complete_five_failures,2,unsuccessful,valid_feedback,filler.neutral.2,7502407488306205158,3048,8d8a406c2701498bf0a5134fc8d3d2dd3838c787cab23a0c65e571fa2681a630,768,fc8d58a9e3d1f8e19ada2eb0935f356d1fd043e3c6223147b6eb63ab52c33d06,0.015940655022859573
persona.low_e_low_n.v2.seed-2010.neutral,2010,neutral,persona.low_e_low_n.v2,low_e_low_n,v2,complete_five_failures,3,unsuccessful,valid_feedback,filler.neutral.3,7505458095384574504,768,fc8d58a9e3d1f8e19ada2eb0935f356d1fd043e3c6223147b6eb63ab52c33d06,206,3701c51eacc8da4a43acc7def8b9efc78019c15d870b2f7a0f276ba681e765c0,0.013364662416279316
persona.low_e_low_n.v2.seed-2010.neutral,2010,neutral,persona.low_e_low_n.v2,low_e_low_n,v2,complete_five_failures,4,unsuccessful,valid_feedback,filler.neutral.4,8890796447059342011,206,3701c51eacc8da4a43acc7def8b9efc78019c15d870b2f7a0f276ba681e765c0,55,04a95813d7014d7950fe157a956d4387a292572957115ac209f07c7805a04adc,0.01090974546968937
persona.low_e_low_n.v2.seed-2010.neutral,2010,neutral,persona.low_e_low_n.v2,low_e_low_n,v2,complete_five_failures,5,unsuccessful,valid_feedback,filler.neutral.5,2061649511049620242,55,04a95813d7014d7950fe157a956d4387a292572957115ac209f07c7805a04adc,15,ce5d95544a095d12f3a94473e04ccab55002b524452e073c9d463fb6eb1f422c,0.013763519003987312
persona.low_e_low_n.v3.seed-2001.feedback_only,2001,feedback_only,persona.low_e_low_n.v3,low_e_low_n,v3,complete_five_failures,1,unsuccessful,valid_feedback,,4469567771656788920,10000,9582c82c0e979ad4740159fd2ec5d74526aeb48ac07bda14b2745a25206ae9f4,3048,8d8a406c2701498bf0a5134fc8d3d2dd3838c787cab23a0c65e571fa2681a630,0.006879883352667093
persona.low_e_low_n.v3.seed-2001.feedback_only,2001,feedback_only,persona.low_e_low_n.v3,low_e_low_n,v3,complete_five_failures,2,unsuccessful,valid_feedback,,462000147538888414,3048,8d8a406c2701498bf0a5134fc8d3d2dd3838c787cab23a0c65e571fa2681a630,768,fc8d58a9e3d1f8e19ada2eb0935f356d1fd043e3c6223147b6eb63ab52c33d06,0.017128443345427513
persona.low_e_low_n.v3.seed-2001.feedback_only,2001,feedback_only,persona.low_e_low_n.v3,low_e_low_n,v3,complete_five_failures,3,unsuccessful,valid_feedback,,7203904594921472573,768,fc8d58a9e3d1f8e19ada2eb0935f356d1fd043e3c6223147b6eb63ab52c33d06,206,3701c51eacc8da4a43acc7def8b9efc78019c15d870b2f7a0f276ba681e765c0,0.01618833839893341
persona.low_e_low_n.v3.seed-2001.feedback_only,2001,feedback_only,persona.low_e_low_n.v3,low_e_low_n,v3,complete_five_failures,4,unsuccessful,valid_feedback,,7493285141810551950,206,3701c51eacc8da4a43acc7def8b9efc78019c15d870b2f7a0f276ba681e765c0,55,04a95813d7014d7950fe157a956d4387a292572957115ac209f07c7805a04adc,0.013193966820836067
persona.low_e_low_n.v3.seed-2001.feedback_only,2001,feedback_only,persona.low_e_low_n.v3,low_e_low_n,v3,complete_five_failures,5,unsuccessful,valid_feedback,,1845676750874802399,55,04a95813d7014d7950fe157a956d4387a292572957115ac209f07c7805a04adc,15,ce5d95544a095d12f3a94473e04ccab55002b524452e073c9d463fb6eb1f422c,0.017258908599615097
persona.low_e_low_n.v3.seed-2001.supportive,2001,supportive,persona.low_e_low_n.v3,low_e_low_n,v3,complete_five_failures,1,unsuccessful,valid_feedback,filler.supportive.1,4469567771656788920,10000,9582c82c0e979ad4740159fd2ec5d74526aeb48ac07bda14b2745a25206ae9f4,3048,8d8a406c2701498bf0a5134fc8d3d2dd3838c787cab23a0c65e571fa2681a630,0.005118514411151409
persona.low_e_low_n.v3.seed-2001.supportive,2001,supportive,persona.low_e_low_n.v3,low_e_low_n,v3,complete_five_failures,2,unsuccessful,valid_feedback,filler.supportive.2,462000147538888414,3048,8d8a406c2701498bf0a5134fc8d3d2dd3838c787cab23a0c65e571fa2681a630,768,fc8d58a9e3d1f8e19ada2eb0935f356d1fd043e3c6223147b6eb63ab52c33d06,0.017528686672449112
persona.low_e_low_n.v3.seed-2001.supportive,2001,supportive,persona.low_e_low_n.v3,low_e_low_n,v3,complete_five_failures,3,unsuccessful,valid_feedback,filler.supportive.3,7203904594921472573,768,fc8d58a9e3d1f8e19ada2eb0935f356d1fd043e3c6223147b6eb63ab52c33d06,206,3701c51eacc8da4a43acc7def8b9efc78019c15d870b2f7a0f276ba681e765c0,0.01684349961578846
persona.low_e_low_n.v3.seed-2001.supportive,2001,supportive,persona.low_e_low_n.v3,low_e_low_n,v3,complete_five_failures,4,unsuccessful,valid_feedback,filler.supportive.4,7493285141810551950,206,3701c51eacc8da4a43acc7def8b9efc78019c15d870b2f7a0f276ba681e765c0,55,04a95813d7014d7950fe157a956d4387a292572957115ac209f07c7805a04adc,0.01604817993938923
persona.low_e_low_n.v3.seed-2001.supportive,2001,supportive,persona.low_e_low_n.v3,low_e_low_n,v3,complete_five_failures,5,unsuccessful,valid_feedback,filler.supportive.5,1845676750874802399,55,04a95813d7014d7950fe157a956d4387a292572957115ac209f07c7805a04adc,15,ce5d95544a095d12f3a94473e04ccab55002b524452e073c9d463fb6eb1f422c,0.018782107159495354
persona.low_e_low_n.v3.seed-2001.neutral,2001,neutral,persona.low_e_low_n.v3,low_e_low_n,v3,complete_five_failures,1,unsuccessful,valid_feedback,filler.neutral.1,4469567771656788920,10000,9582c82c0e979ad4740159fd2ec5d74526aeb48ac07bda14b2745a25206ae9f4,3048,8d8a406c2701498bf0a5134fc8d3d2dd3838c787cab23a0c65e571fa2681a630,0.00490811700001359
persona.low_e_low_n.v3.seed-2001.neutral,2001,neutral,persona.low_e_low_n.v3,low_e_low_n,v3,complete_five_failures,2,unsuccessful,valid_feedback,filler.neutral.2,462000147538888414,3048,8d8a406c2701498bf0a5134fc8d3d2dd3838c787cab23a0c65e571fa2681a630,768,fc8d58a9e3d1f8e19ada2eb0935f356d1fd043e3c6223147b6eb63ab52c33d06,0.016851218417286873
persona.low_e_low_n.v3.seed-2001.neutral,2001,neutral,persona.low_e_low_n.v3,low_e_low_n,v3,complete_five_failures,3,unsuccessful,valid_feedback,filler.neutral.3,7203904594921472573,768,fc8d58a9e3d1f8e19ada2eb0935f356d1fd043e3c6223147b6eb63ab52c33d06,206,3701c51eacc8da4a43acc7def8b9efc78019c15d870b2f7a0f276ba681e765c0,0.014391716569662094
persona.low_e_low_n.v3.seed-2001.neutral,2001,neutral,persona.low_e_low_n.v3,low_e_low_n,v3,complete_five_failures,4,unsuccessful,valid_feedback,filler.neutral.4,7493285141810551950,206,3701c51eacc8da4a43acc7def8b9efc78019c15d870b2f7a0f276ba681e765c0,55,04a95813d7014d7950fe157a956d4387a292572957115ac209f07c7805a04adc,0.011827370151877403
persona.low_e_low_n.v3.seed-2001.neutral,2001,neutral,persona.low_e_low_n.v3,low_e_low_n,v3,complete_five_failures,5,unsuccessful,valid_feedback,filler.neutral.5,1845676750874802399,55,04a95813d7014d7950fe157a956d4387a292572957115ac209f07c7805a04adc,15,ce5d95544a095d12f3a94473e04ccab55002b524452e073c9d463fb6eb1f422c,0.015340905636548996
persona.low_e_low_n.v3.seed-2002.feedback_only,2002,feedback_only,persona.low_e_low_n.v3,low_e_low_n,v3,complete_five_failures,1,unsuccessful,valid_feedback,,1362916748984622560,10000,9582c82c0e979ad4740159fd2ec5d74526aeb48ac07bda14b2745a25206ae9f4,3048,c276bf3530cc8d3ce2b1ddb7f6cbf168184316c3a9894881b55d5b73f476cc0f,0.008790232241153717
persona.low_e_low_n.v3.seed-2002.feedback_only,2002,feedback_only,persona.low_e_low_n.v3,low_e_low_n,v3,complete_five_failures,2,unsuccessful,valid_feedback,,650953833576476763,3048,c276bf3530cc8d3ce2b1ddb7f6cbf168184316c3a9894881b55d5b73f476cc0f,886,0d3daa2ca8d34575596ff98fbf16fdc66fdcf7a2b2d6aaec69967d78b459ac5a,0.017896998673677444
persona.low_e_low_n.v3.seed-2002.feedback_only,2002,feedback_only,persona.low_e_low_n.v3,low_e_low_n,v3,complete_five_failures,3,invalid,invalid_guess,,2885332770678600905,886,0d3daa2ca8d34575596ff98fbf16fdc66fdcf7a2b2d6aaec69967d78b459ac5a,886,0d3daa2ca8d34575596ff98fbf16fdc66fdcf7a2b2d6aaec69967d78b459ac5a,0.019567225128412247
persona.low_e_low_n.v3.seed-2002.feedback_only,2002,feedback_only,persona.low_e_low_n.v3,low_e_low_n,v3,complete_five_failures,4,unsuccessful,valid_feedback,,3768721403253947093,886,0d3daa2ca8d34575596ff98fbf16fdc66fdcf7a2b2d6aaec69967d78b459ac5a,220,b031badf1c7b454458384239ee7ddba0095ddd30af33aaf382c5c243f0c0deff,0.010215218178927898
persona.low_e_low_n.v3.seed-2002.feedback_only,2002,feedback_only,persona.low_e_low_n.v3,low_e_low_n,v3,complete_five_failures,5,unsuccessful,valid_feedback,,7993377739206102388,220,b031badf1c7b454458384239ee7ddba0095ddd30af33aaf382c5c243f0c0deff,62,b502b312ad24fbedb79ad5b6f04133d76144a7889717dfed8a885ca84c303ed9,0.013949759304523468
persona.low_e_low_n.v3.seed-2002.supportive,2002,supportive,persona.low_e_low_n.v3,low_e_low_n,v3,complete_five_failures,1,unsuccessful,valid_feedback,filler.supportive.1,1362916748984622560,10000,9582c82c0e979ad4740159fd2ec5d74526aeb48ac07bda14b2745a25206ae9f4,3048,c276bf3530cc8d3ce2b1ddb7f6cbf168184316c3a9894881b55d5b73f476cc0f,0.007437007501721382
persona.low_e_low_n.v3.seed-2002.supportive,2002,supportive,persona.low_e_low_n.v3,low_e_low_n,v3,complete_five_failures,2,unsuccessful,valid_feedback,filler.supportive.2,650953833576476763,3048,c276bf3530cc8d3ce2b1ddb7f6cbf168184316c3a9894881b55d5b73f476cc0f,886,0d3daa2ca8d34575596ff98fbf16fdc66fdcf7a2b2d6aaec69967d78b459ac5a,0.017744174227118492
persona.low_e_low_n.v3.seed-2002.supportive,2002,supportive,persona.low_e_low_n.v3,low_e_low_n,v3,complete_five_failures,3,invalid,invalid_guess,filler.supportive.3,2885332770678600905,886,0d3daa2ca8d34575596ff98fbf16fdc66fdcf7a2b2d6aaec69967d78b459ac5a,886,0d3daa2ca8d34575596ff98fbf16fdc66fdcf7a2b2d6aaec69967d78b459ac5a,0.015020766295492649
persona.low_e_low_n.v3.seed-2002.supportive,2002,supportive,persona.low_e_low_n.v3,low_e_low_n,v3,complete_five_failures,4,unsuccessful,valid_feedback,filler.supportive.4,3768721403253947093,886,0d3daa2ca8d34575596ff98fbf16fdc66fdcf7a2b2d6aaec69967d78b459ac5a,239,cff8a270d51840c08248b6ef13bde1397c422a567b01cfd641bfa8b2f7af521c,0.013517837040126324
persona.low_e_low_n.v3.seed-2002.supportive,2002,supportive,persona.low_e_low_n.v3,low_e_low_n,v3,complete_five_failures,5,unsuccessful,valid_feedback,filler.supportive.5,7993377739206102388,239,cff8a270d51840c08248b6ef13bde1397c422a567b01cfd641bfa8b2f7af521c,99,a51f1f20171535ce91cf6e07622fd22a398d26effb0f93daadff2c05af3f2ffe,0.016986094415187836
persona.low_e_low_n.v3.seed-2002.neutral,2002,neutral,persona.low_e_low_n.v3,low_e_low_n,v3,complete_five_failures,1,unsuccessful,valid_feedback,filler.neutral.1,1362916748984622560,10000,9582c82c0e979ad4740159fd2ec5d74526aeb48ac07bda14b2745a25206ae9f4,3048,c276bf3530cc8d3ce2b1ddb7f6cbf168184316c3a9894881b55d5b73f476cc0f,0.00660259835422039
persona.low_e_low_n.v3.seed-2002.neutral,2002,neutral,persona.low_e_low_n.v3,low_e_low_n,v3,complete_five_failures,2,unsuccessful,valid_feedback,filler.neutral.2,650953833576476763,3048,c276bf3530cc8d3ce2b1ddb7f6cbf168184316c3a9894881b55d5b73f476cc0f,886,0d3daa2ca8d34575596ff98fbf16fdc66fdcf7a2b2d6aaec69967d78b459ac5a,0.017506660893559456
persona.low_e_low_n.v3.seed-2002.neutral,2002,neutral,persona.low_e_low_n.v3,low_e_low_n,v3,complete_five_failures,3,invalid,invalid_guess,filler.neutral.3,2885332770678600905,886,0d3daa2ca8d34575596ff98fbf16fdc66fdcf7a2b2d6aaec69967d78b459ac5a,886,0d3daa2ca8d34575596ff98fbf16fdc66fdcf7a2b2d6aaec69967d78b459ac5a,0.01262996718287468
persona.low_e_low_n.v3.seed-2002.neutral,2002,neutral,persona.low_e_low_n.v3,low_e_low_n,v3,complete_five_failures,4,unsuccessful,valid_feedback,filler.neutral.4,3768721403253947093,886,0d3daa2ca8d34575596ff98fbf16fdc66fdcf7a2b2d6aaec69967d78b459ac5a,239,cff8a270d51840c08248b6ef13bde1397c422a567b01cfd641bfa8b2f7af521c,0.010799352079629898
persona.low_e_low_n.v3.seed-2002.neutral,2002,neutral,persona.low_e_low_n.v3,low_e_low_n,v3,complete_five_failures,5,unsuccessful,valid_feedback,filler.neutral.5,7993377739206102388,239,cff8a270d51840c08248b6ef13bde1397c422a567b01cfd641bfa8b2f7af521c,86,dcd48a937783d3bcce96dce35bf00f78d8bce6a4cbdc63193bb9a4bef974927b,0.015617996454238892
persona.low_e_low_n.v3.seed-2003.feedback_only,2003,feedback_only,persona.low_e_low_n.v3,low_e_low_n,v3,complete_five_failures,1,unsuccessful,valid_feedback,,8452511391424371538,10000,9582c82c0e979ad4740159fd2ec5d74526aeb48ac07bda14b2745a25206ae9f4,3048,8d8a406c2701498bf0a5134fc8d3d2dd3838c787cab23a0c65e571fa2681a630,0.006879883352667093
persona.low_e_low_n.v3.seed-2003.feedback_only,2003,feedback_only,persona.low_e_low_n.v3,low_e_low_n,v3,complete_five_failures,2,unsuccessful,valid_feedback,,2185802378076996070,3048,8d8a406c2701498bf0a5134fc8d3d2dd3838c787cab23a0c65e571fa2681a630,768,fc8d58a9e3d1f8e19ada2eb0935f356d1fd043e3c6223147b6eb63ab52c33d06,0.017128443345427513
persona.low_e_low_n.v3.seed-2003.feedback_only,2003,feedback_only,persona.low_e_low_n.v3,low_e_low_n,v3,complete_five_failures,3,unsuccessful,valid_feedback,,4546495009630349109,768,fc8d58a9e3d1f8e19ada2eb0935f356d1fd043e3c6223147b6eb63ab52c33d06,206,3701c51eacc8da4a43acc7def8b9efc78019c15d870b2f7a0f276ba681e765c0,0.01618833839893341
persona.low_e_low_n.v3.seed-2003.feedback_only,2003,feedback_only,persona.low_e_low_n.v3,low_e_low_n,v3,complete_five_failures,4,unsuccessful,valid_feedback,,5827469766280291389,206,3701c51eacc8da4a43acc7def8b9efc78019c15d870b2f7a0f276ba681e765c0,55,04a95813d7014d7950fe157a956d4387a292572957115ac209f07c7805a04adc,0.013193966820836067
persona.low_e_low_n.v3.seed-2003.feedback_only,2003,feedback_only,persona.low_e_low_n.v3,low_e_low_n,v3,complete_five_failures,5,unsuccessful,valid_feedback,,9189069359561447070,55,04a95813d7014d7950fe157a956d4387a292572957115ac209f07c7805a04adc,15,ce5d95544a095d12f3a94473e04ccab55002b524452e073c9d463fb6eb1f422c,0.017258908599615097
persona.low_e_low_n.v3.seed-2003.supportive,2003,supportive,persona.low_e_low_n.v3,low_e_low_n,v3,complete_five_failures,1,unsuccessful,valid_feedback,filler.supportive.1,8452511391424371538,10000,9582c82c0e979ad4740159fd2ec5d74526aeb48ac07bda14b2745a25206ae9f4,3048,8d8a406c2701498bf0a5134fc8d3d2dd3838c787cab23a0c65e571fa2681a630,0.005118514411151409
persona.low_e_low_n.v3.seed-2003.supportive,2003,supportive,persona.low_e_low_n.v3,low_e_low_n,v3,complete_five_failures,2,unsuccessful,valid_feedback,filler.supportive.2,2185802378076996070,3048,8d8a406c2701498bf0a5134fc8d3d2dd3838c787cab23a0c65e571fa2681a630,768,fc8d58a9e3d1f8e19ada2eb0935f356d1fd043e3c6223147b6eb63ab52c33d06,0.017528686672449112
persona.low_e_low_n.v3.seed-2003.supportive,2003,supportive,persona.low_e_low_n.v3,low_e_low_n,v3,complete_five_failures,3,unsuccessful,valid_feedback,filler.supportive.3,4546495009630349109,768,fc8d58a9e3d1f8e19ada2eb0935f356d1fd043e3c6223147b6eb63ab52c33d06,206,3701c51eacc8da4a43acc7def8b9efc78019c15d870b2f7a0f276ba681e765c0,0.01684349961578846
persona.low_e_low_n.v3.seed-2003.supportive,2003,supportive,persona.low_e_low_n.v3,low_e_low_n,v3,complete_five_failures,4,unsuccessful,valid_feedback,filler.supportive.4,5827469766280291389,206,3701c51eacc8da4a43acc7def8b9efc78019c15d870b2f7a0f276ba681e765c0,55,04a95813d7014d7950fe157a956d4387a292572957115ac209f07c7805a04adc,0.01604817993938923
persona.low_e_low_n.v3.seed-2003.supportive,2003,supportive,persona.low_e_low_n.v3,low_e_low_n,v3,complete_five_failures,5,unsuccessful,valid_feedback,filler.supportive.5,9189069359561447070,55,04a95813d7014d7950fe157a956d4387a292572957115ac209f07c7805a04adc,15,ce5d95544a095d12f3a94473e04ccab55002b524452e073c9d463fb6eb1f422c,0.018782107159495354
persona.low_e_low_n.v3.seed-2003.neutral,2003,neutral,persona.low_e_low_n.v3,low_e_low_n,v3,complete_five_failures,1,unsuccessful,valid_feedback,filler.neutral.1,8452511391424371538,10000,9582c82c0e979ad4740159fd2ec5d74526aeb48ac07bda14b2745a25206ae9f4,3048,8d8a406c2701498bf0a5134fc8d3d2dd3838c787cab23a0c65e571fa2681a630,0.00490811700001359
persona.low_e_low_n.v3.seed-2003.neutral,2003,neutral,persona.low_e_low_n.v3,low_e_low_n,v3,complete_five_failures,2,unsuccessful,valid_feedback,filler.neutral.2,2185802378076996070,3048,8d8a406c2701498bf0a5134fc8d3d2dd3838c787cab23a0c65e571fa2681a630,768,fc8d58a9e3d1f8e19ada2eb0935f356d1fd043e3c6223147b6eb63ab52c33d06,0.016851218417286873
persona.low_e_low_n.v3.seed-2003.neutral,2003,neutral,persona.low_e_low_n.v3,low_e_low_n,v3,complete_five_failures,3,unsuccessful,valid_feedback,filler.neutral.3,4546495009630349109,768,fc8d58a9e3d1f8e19ada2eb0935f356d1fd043e3c6223147b6eb63ab52c33d06,206,3701c51eacc8da4a43acc7def8b9efc78019c15d870b2f7a0f276ba681e765c0,0.014391716569662094
persona.low_e_low_n.v3.seed-2003.neutral,2003,neutral,persona.low_e_low_n.v3,low_e_low_n,v3,complete_five_failures,4,unsuccessful,valid_feedback,filler.neutral.4,5827469766280291389,206,3701c51eacc8da4a43acc7def8b9efc78019c15d870b2f7a0f276ba681e765c0,55,04a95813d7014d7950fe157a956d4387a292572957115ac209f07c7805a04adc,0.011827370151877403
persona.low_e_low_n.v3.seed-2003.neutral,2003,neutral,persona.low_e_low_n.v3,low_e_low_n,v3,complete_five_failures,5,unsuccessful,valid_feedback,filler.neutral.5,9189069359561447070,55,04a95813d7014d7950fe157a956d4387a292572957115ac209f07c7805a04adc,15,ce5d95544a095d12f3a94473e04ccab55002b524452e073c9d463fb6eb1f422c,0.015340905636548996
persona.low_e_low_n.v3.seed-2004.feedback_only,2004,feedback_only,persona.low_e_low_n.v3,low_e_low_n,v3,complete_five_failures,1,unsuccessful,valid_feedback,,3012682462339476124,10000,9582c82c0e979ad4740159fd2ec5d74526aeb48ac07bda14b2745a25206ae9f4,6561,53a14051f308be8c745906018a762ceb477324e2fdfef98aa3ddc1cd72bc1dbf,0.007190329022705555
persona.low_e_low_n.v3.seed-2004.feedback_only,2004,feedback_only,persona.low_e_low_n.v3,low_e_low_n,v3,complete_five_failures,2,unsuccessful,valid_feedback,,5539227853087561902,6561,53a14051f308be8c745906018a762ceb477324e2fdfef98aa3ddc1cd72bc1dbf,4096,376496ebbc388d8377fe7808c992e94a578bc62ac25dfbf6252690822d1450d6,0.012285001575946808
persona.low_e_low_n.v3.seed-2004.feedback_only,2004,feedback_only,persona.low_e_low_n.v3,low_e_low_n,v3,complete_five_failures,3,unsuccessful,valid_feedback,,9087570836507131457,4096,376496ebbc388d8377fe7808c992e94a578bc62ac25dfbf6252690822d1450d6,2401,189f5cdadf24cab8dffbae24e408b2d176c74829ec85b4aaf529f1064f1bda1e,0.01860484667122364
persona.low_e_low_n.v3.seed-2004.feedback_only,2004,feedback_only,persona.low_e_low_n.v3,low_e_low_n,v3,complete_five_failures,4,unsuccessful,valid_feedback,,4770636941596934890,2401,189f5cdadf24cab8dffbae24e408b2d176c74829ec85b4aaf529f1064f1bda1e,1296,e89552d5dca552c05e3ffd1f6a4215ff15f21f0c2b733aaa2eeeffc5541698b2,0.020367607474327087
persona.low_e_low_n.v3.seed-2004.feedback_only,2004,feedback_only,persona.low_e_low_n.v3,low_e_low_n,v3,complete_five_failures,5,unsuccessful,valid_feedback,,879249873976900214,1296,e89552d5dca552c05e3ffd1f6a4215ff15f21f0c2b733aaa2eeeffc5541698b2,625,4d28f7984ad1e52f00b72ec545d23d24e5091aa76e3403c7e85db43033899fbe,0.021358223631978035
persona.low_e_low_n.v3.seed-2004.supportive,2004,supportive,persona.low_e_low_n.v3,low_e_low_n,v3,complete_five_failures,1,unsuccessful,valid_feedback,filler.supportive.1,3012682462339476124,10000,9582c82c0e979ad4740159fd2ec5d74526aeb48ac07bda14b2745a25206ae9f4,6561,53a14051f308be8c745906018a762ceb477324e2fdfef98aa3ddc1cd72bc1dbf,0.0033087420742958784
persona.low_e_low_n.v3.seed-2004.supportive,2004,supportive,persona.low_e_low_n.v3,low_e_low_n,v3,complete_five_failures,2,unsuccessful,valid_feedback,filler.supportive.2,5539227853087561902,6561,53a14051f308be8c745906018a762ceb477324e2fdfef98aa3ddc1cd72bc1dbf,1820,ab963e3ac5c47a412aa8e77e52f2aebf2c350c67899c4acae4511a5e0eb024e6,0.014998335391283035
persona.low_e_low_n.v3.seed-2004.supportive,2004,supportive,persona.low_e_low_n.v3,low_e_low_n,v3,complete_five_failures,3,unsuccessful,valid_feedback,filler.supportive.3,9087570836507131457,1820,ab963e3ac5c47a412aa8e77e52f2aebf2c350c67899c4acae4511a5e0eb024e6,588,8700a3bcaa3be0b6d6d88102648e2e896709b87e73bc3b226c676a53c735b7aa,0.018157733604311943
persona.low_e_low_n.v3.seed-2004.supportive,2004,supportive,persona.low_e_low_n.v3,low_e_low_n,v3,complete_five_failures,4,unsuccessful,valid_feedback,filler.supportive.4,4770636941596934890,588,8700a3bcaa3be0b6d6d88102648e2e896709b87e73bc3b226c676a53c735b7aa,184,cb198093726eef3fc3e7114005fe6d3fcfc94f89aa68ca88f644f07878fb6efb,0.020383602008223534
persona.low_e_low_n.v3.seed-2004.supportive,2004,supportive,persona.low_e_low_n.v3,low_e_low_n,v3,complete_five_failures,5,unsuccessful,valid_feedback,filler.supportive.5,879249873976900214,184,cb198093726eef3fc3e7114005fe6d3fcfc94f89aa68ca88f644f07878fb6efb,63,f5615a652174268c6d89bcdffbb8a46dc5825ddf29135ada17dc66ea2dbefec9,0.021108686923980713
persona.low_e_low_n.v3.seed-2004.neutral,2004,neutral,persona.low_e_low_n.v3,low_e_low_n,v3,complete_five_failures,1,unsuccessful,valid_feedback,filler.neutral.1,3012682462339476124,10000,9582c82c0e979ad4740159fd2ec5d74526aeb48ac07bda14b2745a25206ae9f4,6561,53a14051f308be8c745906018a762ceb477324e2fdfef98aa3ddc1cd72bc1dbf,0.0033484084997326136
persona.low_e_low_n.v3.seed-2004.neutral,2004,neutral,persona.low_e_low_n.v3,low_e_low_n,v3,complete_five_failures,2,unsuccessful,valid_feedback,filler.neutral.2,5539227853087561902,6561,53a14051f308be8c745906018a762ceb477324e2fdfef98aa3ddc1cd72bc1dbf,1820,ab963e3ac5c47a412aa8e77e52f2aebf2c350c67899c4acae4511a5e0eb024e6,0.01269003376364708
persona.low_e_low_n.v3.seed-2004.neutral,2004,neutral,persona.low_e_low_n.v3,low_e_low_n,v3,complete_five_failures,3,unsuccessful,valid_feedback,filler.neutral.3,9087570836507131457,1820,ab963e3ac5c47a412aa8e77e52f2aebf2c350c67899c4acae4511a5e0eb024e6,588,8700a3bcaa3be0b6d6d88102648e2e896709b87e73bc3b226c676a53c735b7aa,0.01529473252594471
persona.low_e_low_n.v3.seed-2004.neutral,2004,neutral,persona.low_e_low_n.v3,low_e_low_n,v3,complete_five_failures,4,unsuccessful,valid_feedback,filler.neutral.4,4770636941596934890,588,8700a3bcaa3be0b6d6d88102648e2e896709b87e73bc3b226c676a53c735b7aa,184,cb198093726eef3fc3e7114005fe6d3fcfc94f89aa68ca88f644f07878fb6efb,0.014552442356944084
persona.low_e_low_n.v3.seed-2004.neutral,2004,neutral,persona.low_e_low_n.v3,low_e_low_n,v3,complete_five_failures,5,unsuccessful,valid_feedback,filler.neutral.5,879249873976900214,184,cb198093726eef3fc3e7114005fe6d3fcfc94f89aa68ca88f644f07878fb6efb,63,f5615a652174268c6d89bcdffbb8a46dc5825ddf29135ada17dc66ea2dbefec9,0.01702883280813694
persona.low_e_low_n.v3.seed-2005.feedback_only,2005,feedback_only,persona.low_e_low_n.v3,low_e_low_n,v3,complete_five_failures,1,unsuccessful,valid_feedback,,8146282925072561755,10000,9582c82c0e979ad4740159fd2ec5d74526aeb48ac07bda14b2745a25206ae9f4,3048,8d8a406c2701498bf0a5134fc8d3d2dd3838c787cab23a0c65e571fa2681a630,0.004129904322326183
persona.low_e_low_n.v3.seed-2005.feedback_only,2005,feedback_only,persona.low_e_low_n.v3,low_e_low_n,v3,complete_five_failures,2,unsuccessful,valid_feedback,,7270573099286778731,3048,8d8a406c2701498bf0a5134fc8d3d2dd3838c787cab23a0c65e571fa2681a630,768,fc8d58a9e3d1f8e19ada2eb0935f356d1fd043e3c6223147b6eb63ab52c33d06,0.013750229962170124
persona.low_e_low_n.v3.seed-2005.feedback_only,2005,feedback_only,persona.low_e_low_n.v3,low_e_low_n,v3,complete_five_failures,3,unsuccessful,valid_feedback,,320833271567228942,768,fc8d58a9e3d1f8e19ada2eb0935f356d1fd043e3c6223147b6eb63ab52c33d06,184,bb21685db6fbb818e3af6f4c5457db0c37e606a39470f45697f58b6b63d9526f,0.01417068112641573
persona.low_e_low_n.v3.seed-2005.feedback_only,2005,feedback_only,persona.low_e_low_n.v3,low_e_low_n,v3,complete_five_failures,4,unsuccessful,valid_feedback,,1081455331307413947,184,bb21685db6fbb818e3af6f4c5457db0c37e606a39470f45697f58b6b63d9526f,52,8727d9ce5fc0fc52767e37f5a5888530542b8cfb1a8cd4921fbcebfe35c06ec9,0.011594776064157486
persona.low_e_low_n.v3.seed-2005.feedback_only,2005,feedback_only,persona.low_e_low_n.v3,low_e_low_n,v3,complete_five_failures,5,unsuccessful,valid_feedback,,5451539660838294209,52,8727d9ce5fc0fc52767e37f5a5888530542b8cfb1a8cd4921fbcebfe35c06ec9,14,b095fd74ddff9807c5b218bb54089369c9a8234da040fb89bc7b476d47ae2067,0.002267642179504037
persona.low_e_low_n.v3.seed-2005.supportive,2005,supportive,persona.low_e_low_n.v3,low_e_low_n,v3,complete_five_failures,1,unsuccessful,valid_feedback,filler.supportive.1,8146282925072561755,10000,9582c82c0e979ad4740159fd2ec5d74526aeb48ac07bda14b2745a25206ae9f4,3048,8d8a406c2701498bf0a5134fc8d3d2dd3838c787cab23a0c65e571fa2681a630,0.000987547100521624
persona.low_e_low_n.v3.seed-2005.supportive,2005,supportive,persona.low_e_low_n.v3,low_e_low_n,v3,complete_five_failures,2,unsuccessful,valid_feedback,filler.supportive.2,7270573099286778731,3048,8d8a406c2701498bf0a5134fc8d3d2dd3838c787cab23a0c65e571fa2681a630,768,fc8d58a9e3d1f8e19ada2eb0935f356d1fd043e3c6223147b6eb63ab52c33d06,0.016191111877560616
persona.low_e_low_n.v3.seed-2005.supportive,2005,supportive,persona.low_e_low_n.v3,low_e_low_n,v3,complete_five_failures,3,unsuccessful,valid_feedback,filler.supportive.3,320833271567228942,768,fc8d58a9e3d1f8e19ada2eb0935f356d1fd043e3c6223147b6eb63ab52c33d06,184,bb21685db6fbb818e3af6f4c5457db0c37e606a39470f45697f58b6b63d9526f,0.015047598630189896
persona.low_e_low_n.v3.seed-2005.supportive,2005,supportive,persona.low_e_low_n.v3,low_e_low_n,v3,complete_five_failures,4,unsuccessful,valid_feedback,filler.supportive.4,1081455331307413947,184,bb21685db6fbb818e3af6f4c5457db0c37e606a39470f45697f58b6b63d9526f,46,e3f05775af2f3fb2465dd21b0bc5a6dac6415b64618aaa49d98df1e0774df3ca,0.014243627898395061
persona.low_e_low_n.v3.seed-2005.supportive,2005,supportive,persona.low_e_low_n.v3,low_e_low_n,v3,complete_five_failures,5,unsuccessful,valid_feedback,filler.supportive.5,5451539660838294209,46,e3f05775af2f3fb2465dd21b0bc5a6dac6415b64618aaa49d98df1e0774df3ca,20,5473296ada55e06d05e3fbf1d02ee3422f49af3eb73f4747257f653189e475b1,0.008407080546021461
persona.low_e_low_n.v3.seed-2005.neutral,2005,neutral,persona.low_e_low_n.v3,low_e_low_n,v3,complete_five_failures,1,unsuccessful,valid_feedback,filler.neutral.1,8146282925072561755,10000,9582c82c0e979ad4740159fd2ec5d74526aeb48ac07bda14b2745a25206ae9f4,3048,8d8a406c2701498bf0a5134fc8d3d2dd3838c787cab23a0c65e571fa2681a630,0.0004245926393195987
persona.low_e_low_n.v3.seed-2005.neutral,2005,neutral,persona.low_e_low_n.v3,low_e_low_n,v3,complete_five_failures,2,unsuccessful,valid_feedback,filler.neutral.2,7270573099286778731,3048,8d8a406c2701498bf0a5134fc8d3d2dd3838c787cab23a0c65e571fa2681a630,768,fc8d58a9e3d1f8e19ada2eb0935f356d1fd043e3c6223147b6eb63ab52c33d06,0.01254319865256548
persona.low_e_low_n.v3.seed-2005.neutral,2005,neutral,persona.low_e_low_n.v3,low_e_low_n,v3,complete_five_failures,3,unsuccessful,valid_feedback,filler.neutral.3,320833271567228942,768,fc8d58a9e3d1f8e19ada2eb0935f356d1fd043e3c6223147b6eb63ab52c33d06,184,bb21685db6fbb818e3af6f4c5457db0c37e606a39470f45697f58b6b63d9526f,0.012813570909202099
persona.low_e_low_n.v3.seed-2005.neutral,2005,neutral,persona.low_e_low_n.v3,low_e_low_n,v3,complete_five_failures,4,unsuccessful,valid_feedback,filler.neutral.4,1081455331307413947,184,bb21685db6fbb818e3af6f4c5457db0c37e606a39470f45697f58b6b63d9526f,46,e3f05775af2f3fb2465dd21b0bc5a6dac6415b64618aaa49d98df1e0774df3ca,0.011198536492884159
persona.low_e_low_n.v3.seed-2005.neutral,2005,neutral,persona.low_e_low_n.v3,low_e_low_n,v3,complete_five_failures,5,unsuccessful,valid_feedback,filler.neutral.5,5451539660838294209,46,e3f05775af2f3fb2465dd21b0bc5a6dac6415b64618aaa49d98df1e0774df3ca,20,5473296ada55e06d05e3fbf1d02ee3422f49af3eb73f4747257f653189e475b1,0.006403879262506962
persona.low_e_low_n.v3.seed-2006.feedback_only,2006,feedback_only,persona.low_e_low_n.v3,low_e_low_n,v3,complete_five_failures,1,unsuccessful,valid_feedback,,20746705984210227,10000,9582c82c0e979ad4740159fd2ec5d74526aeb48ac07bda14b2745a25206ae9f4,3048,8d8a406c2701498bf0a5134fc8d3d2dd3838c787cab23a0c65e571fa2681a630,0.006879883352667093
persona.low_e_low_n.v3.seed-2006.feedback_only,2006,feedback_only,persona.low_e_low_n.v3,low_e_low_n,v3,complete_five_failures,2,unsuccessful,valid_feedback,,7186787635236517948,3048,8d8a406c2701498bf0a5134fc8d3d2dd3838c787cab23a0c65e571fa2681a630,768,fc8d58a9e3d1f8e19ada2eb0935f356d1fd043e3c6223147b6eb63ab52c33d06,0.017128443345427513
persona.low_e_low_n.v3.seed-2006.feedback_only,2006,feedback_only,persona.low_e_low_n.v3,low_e_low_n,v3,complete_five_failures,3,unsuccessful,valid_feedback,,2633872377281840482,768,fc8d58a9e3d1f8e19ada2eb0935f356d1fd043e3c6223147b6eb63ab52c33d06,206,3701c51eacc8da4a43acc7def8b9efc78019c15d870b2f7a0f276ba681e765c0,0.01618833839893341
persona.low_e_low_n.v3.seed-2006.feedback_only,2006,feedback_only,persona.low_e_low_n.v3,low_e_low_n,v3,complete_five_failures,4,unsuccessful,valid_feedback,,7338954399356967658,206,3701c51eacc8da4a43acc7def8b9efc78019c15d870b2f7a0f276ba681e765c0,55,04a95813d7014d7950fe157a956d4387a292572957115ac209f07c7805a04adc,0.013193966820836067
persona.low_e_low_n.v3.seed-2006.feedback_only,2006,feedback_only,persona.low_e_low_n.v3,low_e_low_n,v3,complete_five_failures,5,unsuccessful,valid_feedback,,9132968224681273883,55,04a95813d7014d7950fe157a956d4387a292572957115ac209f07c7805a04adc,15,ce5d95544a095d12f3a94473e04ccab55002b524452e073c9d463fb6eb1f422c,0.017258908599615097
persona.low_e_low_n.v3.seed-2006.supportive,2006,supportive,persona.low_e_low_n.v3,low_e_low_n,v3,complete_five_failures,1,unsuccessful,valid_feedback,filler.supportive.1,20746705984210227,10000,9582c82c0e979ad4740159fd2ec5d74526aeb48ac07bda14b2745a25206ae9f4,3048,8d8a406c2701498bf0a5134fc8d3d2dd3838c787cab23a0c65e571fa2681a630,0.005118514411151409
persona.low_e_low_n.v3.seed-2006.supportive,2006,supportive,persona.low_e_low_n.v3,low_e_low_n,v3,complete_five_failures,2,unsuccessful,valid_feedback,filler.supportive.2,7186787635236517948,3048,8d8a406c2701498bf0a5134fc8d3d2dd3838c787cab23a0c65e571fa2681a630,768,fc8d58a9e3d1f8e19ada2eb0935f356d1fd043e3c6223147b6eb63ab52c33d06,0.017528686672449112
persona.low_e_low_n.v3.seed-2006.supportive,2006,supportive,persona.low_e_low_n.v3,low_e_low_n,v3,complete_five_failures,3,unsuccessful,valid_feedback,filler.supportive.3,2633872377281840482,768,fc8d58a9e3d1f8e19ada2eb0935f356d1fd043e3c6223147b6eb63ab52c33d06,206,3701c51eacc8da4a43acc7def8b9efc78019c15d870b2f7a0f276ba681e765c0,0.01684349961578846
persona.low_e_low_n.v3.seed-2006.supportive,2006,supportive,persona.low_e_low_n.v3,low_e_low_n,v3,complete_five_failures,4,unsuccessful,valid_feedback,filler.supportive.4,7338954399356967658,206,3701c51eacc8da4a43acc7def8b9efc78019c15d870b2f7a0f276ba681e765c0,55,04a95813d7014d7950fe157a956d4387a292572957115ac209f07c7805a04adc,0.01604817993938923
persona.low_e_low_n.v3.seed-2006.supportive,2006,supportive,persona.low_e_low_n.v3,low_e_low_n,v3,complete_five_failures,5,unsuccessful,valid_feedback,filler.supportive.5,9132968224681273883,55,04a95813d7014d7950fe157a956d4387a292572957115ac209f07c7805a04adc,15,ce5d95544a095d12f3a94473e04ccab55002b524452e073c9d463fb6eb1f422c,0.018782107159495354
persona.low_e_low_n.v3.seed-2006.neutral,2006,neutral,persona.low_e_low_n.v3,low_e_low_n,v3,complete_five_failures,1,unsuccessful,valid_feedback,filler.neutral.1,20746705984210227,10000,9582c82c0e979ad4740159fd2ec5d74526aeb48ac07bda14b2745a25206ae9f4,3048,8d8a406c2701498bf0a5134fc8d3d2dd3838c787cab23a0c65e571fa2681a630,0.00490811700001359
persona.low_e_low_n.v3.seed-2006.neutral,2006,neutral,persona.low_e_low_n.v3,low_e_low_n,v3,complete_five_failures,2,unsuccessful,valid_feedback,filler.neutral.2,7186787635236517948,3048,8d8a406c2701498bf0a5134fc8d3d2dd3838c787cab23a0c65e571fa2681a630,768,fc8d58a9e3d1f8e19ada2eb0935f356d1fd043e3c6223147b6eb63ab52c33d06,0.016851218417286873
persona.low_e_low_n.v3.seed-2006.neutral,2006,neutral,persona.low_e_low_n.v3,low_e_low_n,v3,complete_five_failures,3,unsuccessful,valid_feedback,filler.neutral.3,2633872377281840482,768,fc8d58a9e3d1f8e19ada2eb0935f356d1fd043e3c6223147b6eb63ab52c33d06,206,3701c51eacc8da4a43acc7def8b9efc78019c15d870b2f7a0f276ba681e765c0,0.014391716569662094
persona.low_e_low_n.v3.seed-2006.neutral,2006,neutral,persona.low_e_low_n.v3,low_e_low_n,v3,complete_five_failures,4,unsuccessful,valid_feedback,filler.neutral.4,7338954399356967658,206,3701c51eacc8da4a43acc7def8b9efc78019c15d870b2f7a0f276ba681e765c0,55,04a95813d7014d7950fe157a956d4387a292572957115ac209f07c7805a04adc,0.011827370151877403
persona.low_e_low_n.v3.seed-2006.neutral,2006,neutral,persona.low_e_low_n.v3,low_e_low_n,v3,complete_five_failures,5,unsuccessful,valid_feedback,filler.neutral.5,9132968224681273883,55,04a95813d7014d7950fe157a956d4387a292572957115ac209f07c7805a04adc,15,ce5d95544a095d12f3a94473e04ccab55002b524452e073c9d463fb6eb1f422c,0.015340905636548996
persona.low_e_low_n.v3.seed-2007.feedback_only,2007,feedback_only,persona.low_e_low_n.v3,low_e_low_n,v3,complete_five_failures,1,unsuccessful,valid_feedback,,5495818002014909466,10000,9582c82c0e979ad4740159fd2ec5d74526aeb48ac07bda14b2745a25206ae9f4,3048,8d8a406c2701498bf0a5134fc8d3d2dd3838c787cab23a0c65e571fa2681a630,0.006879883352667093
persona.low_e_low_n.v3.seed-2007.feedback_only,2007,feedback_only,persona.low_e_low_n.v3,low_e_low_n,v3,complete_five_failures,2,unsuccessful,valid_feedback,,7092970346930268185,3048,8d8a406c2701498bf0a5134fc8d3d2dd3838c787cab23a0c65e571fa2681a630,768,fc8d58a9e3d1f8e19ada2eb0935f356d1fd043e3c6223147b6eb63ab52c33d06,0.017128443345427513
persona.low_e_low_n.v3.seed-2007.feedback_only,2007,feedback_only,persona.low_e_low_n.v3,low_e_low_n,v3,complete_five_failures,3,unsuccessful,valid_feedback,,4413334138324627702,768,fc8d58a9e3d1f8e19ada2eb0935f356d1fd043e3c6223147b6eb63ab52c33d06,206,3701c51eacc8da4a43acc7def8b9efc78019c15d870b2f7a0f276ba681e765c0,0.01618833839893341
persona.low_e_low_n.v3.seed-2007.feedback_only,2007,feedback_only,persona.low_e_low_n.v3,low_e_low_n,v3,complete_five_failures,4,unsuccessful,valid_feedback,,7609396874926615527,206,3701c51eacc8da4a43acc7def8b9efc78019c15d870b2f7a0f276ba681e765c0,55,04a95813d7014d7950fe157a956d4387a292572957115ac209f07c7805a04adc,0.013193966820836067
persona.low_e_low_n.v3.seed-2007.feedback_only,2007,feedback_only,persona.low_e_low_n.v3,low_e_low_n,v3,complete_five_failures,5,unsuccessful,valid_feedback,,1032535146999642755,55,04a95813d7014d7950fe157a956d4387a292572957115ac209f07c7805a04adc,15,ce5d95544a095d12f3a94473e04ccab55002b524452e073c9d463fb6eb1f422c,0.017258908599615097
persona.low_e_low_n.v3.seed-2007.supportive,2007,supportive,persona.low_e_low_n.v3,low_e_low_n,v3,complete_five_failures,1,unsuccessful,valid_feedback,filler.supportive.1,5495818002014909466,10000,9582c82c0e979ad4740159fd2ec5d74526aeb48ac07bda14b2745a25206ae9f4,3048,8d8a406c2701498bf0a5134fc8d3d2dd3838c787cab23a0c65e571fa2681a630,0.005118514411151409
persona.low_e_low_n.v3.seed-2007.supportive,2007,supportive,persona.low_e_low_n.v3,low_e_low_n,v3,complete_five_failures,2,unsuccessful,valid_feedback,filler.supportive.2,7092970346930268185,3048,8d8a406c2701498bf0a5134fc8d3d2dd3838c787cab23a0c65e571fa2681a630,768,fc8d58a9e3d1f8e19ada2eb0935f356d1fd043e3c6223147b6eb63ab52c33d06,0.017528686672449112
persona.low_e_low_n.v3.seed-2007.supportive,2007,supportive,persona.low_e_low_n.v3,low_e_low_n,v3,complete_five_failures,3,unsuccessful,valid_feedback,filler.supportive.3,4413334138324627702,768,fc8d58a9e3d1f8e19ada2eb0935f356d1fd043e3c6223147b6eb63ab52c33d06,206,3701c51eacc8da4a43acc7def8b9efc78019c15d870b2f7a0f276ba681e765c0,0.01684349961578846
persona.low_e_low_n.v3.seed-2007.supportive,2007,supportive,persona.low_e_low_n.v3,low_e_low_n,v3,complete_five_failures,4,unsuccessful,valid_feedback,filler.supportive.4,7609396874926615527,206,3701c51eacc8da4a43acc7def8b9efc78019c15d870b2f7a0f276ba681e765c0,55,04a95813d7014d7950fe157a956d4387a292572957115ac209f07c7805a04adc,0.01604817993938923
persona.low_e_low_n.v3.seed-2007.supportive,2007,supportive,persona.low_e_low_n.v3,low_e_low_n,v3,complete_five_failures,5,unsuccessful,valid_feedback,filler.supportive.5,1032535146999642755,55,04a95813d7014d7950fe157a956d4387a292572957115ac209f07c7805a04adc,15,ce5d95544a095d12f3a94473e04ccab55002b524452e073c9d463fb6eb1f422c,0.018782107159495354
persona.low_e_low_n.v3.seed-2007.neutral,2007,neutral,persona.low_e_low_n.v3,low_e_low_n,v3,complete_five_failures,1,unsuccessful,valid_feedback,filler.neutral.1,5495818002014909466,10000,9582c82c0e979ad4740159fd2ec5d74526aeb48ac07bda14b2745a25206ae9f4,3048,8d8a406c2701498bf0a5134fc8d3d2dd3838c787cab23a0c65e571fa2681a630,0.00490811700001359
persona.low_e_low_n.v3.seed-2007.neutral,2007,neutral,persona.low_e_low_n.v3,low_e_low_n,v3,complete_five_failures,2,unsuccessful,valid_feedback,filler.neutral.2,7092970346930268185,3048,8d8a406c2701498bf0a5134fc8d3d2dd3838c787cab23a0c65e571fa2681a630,768,fc8d58a9e3d1f8e19ada2eb0935f356d1fd043e3c6223147b6eb63ab52c33d06,0.016851218417286873
persona.low_e_low_n.v3.seed-2007.neutral,2007,neutral,persona.low_e_low_n.v3,low_e_low_n,v3,complete_five_failures,3,unsuccessful,valid_feedback,filler.neutral.3,4413334138324627702,768,fc8d58a9e3d1f8e19ada2eb0935f356d1fd043e3c6223147b6eb63ab52c33d06,206,3701c51eacc8da4a43acc7def8b9efc78019c15d870b2f7a0f276ba681e765c0,0.014391716569662094
persona.low_e_low_n.v3.seed-2007.neutral,2007,neutral,persona.low_e_low_n.v3,low_e_low_n,v3,complete_five_failures,4,unsuccessful,valid_feedback,filler.neutral.4,7609396874926615527,206,3701c51eacc8da4a43acc7def8b9efc78019c15d870b2f7a0f276ba681e765c0,55,04a95813d7014d7950fe157a956d4387a292572957115ac209f07c7805a04adc,0.011827370151877403
persona.low_e_low_n.v3.seed-2007.neutral,2007,neutral,persona.low_e_low_n.v3,low_e_low_n,v3,complete_five_failures,5,unsuccessful,valid_feedback,filler.neutral.5,1032535146999642755,55,04a95813d7014d7950fe157a956d4387a292572957115ac209f07c7805a04adc,15,ce5d95544a095d12f3a94473e04ccab55002b524452e073c9d463fb6eb1f422c,0.015340905636548996
persona.low_e_low_n.v3.seed-2008.feedback_only,2008,feedback_only,persona.low_e_low_n.v3,low_e_low_n,v3,complete_five_failures,1,unsuccessful,valid_feedback,,8344175065288078558,10000,9582c82c0e979ad4740159fd2ec5d74526aeb48ac07bda14b2745a25206ae9f4,3048,db3e09caf8d9fe544e3300a8fb9e065e8f096165d4da0ef01c77d1914c1a939a,0.008693534880876541
persona.low_e_low_n.v3.seed-2008.feedback_only,2008,feedback_only,persona.low_e_low_n.v3,low_e_low_n,v3,complete_five_failures,2,unsuccessful,valid_feedback,,1764828235997338309,3048,db3e09caf8d9fe544e3300a8fb9e065e8f096165d4da0ef01c77d1914c1a939a,876,0e4a5a419d523846d06d70c9c597d56f9dc1dd983fe1091c8e76b9fded100893,0.015187783166766167
persona.low_e_low_n.v3.seed-2008.feedback_only,2008,feedback_only,persona.low_e_low_n.v3,low_e_low_n,v3,complete_five_failures,3,unsuccessful,valid_feedback,,1186103364016962603,876,0e4a5a419d523846d06d70c9c597d56f9dc1dd983fe1091c8e76b9fded100893,294,88cd0ca065824f206851f4da71f5d5659c93a8ab95301e19143c1e4ee91b2305,0.014935717917978764
persona.low_e_low_n.v3.seed-2008.feedback_only,2008,feedback_only,persona.low_e_low_n.v3,low_e_low_n,v3,complete_five_failures,4,unsuccessful,valid_feedback,,1157719167337881160,294,88cd0ca065824f206851f4da71f5d5659c93a8ab95301e19143c1e4ee91b2305,63,b4de3f61c11d36a39ff8c1a54b5aef96332c05cf1a3cd333f95dc23ba3c90987,0.01801728829741478
persona.low_e_low_n.v3.seed-2008.feedback_only,2008,feedback_only,persona.low_e_low_n.v3,low_e_low_n,v3,complete_five_failures,5,unsuccessful,valid_feedback,,6714476192934985326,63,b4de3f61c11d36a39ff8c1a54b5aef96332c05cf1a3cd333f95dc23ba3c90987,27,87777f913f947f94fd92b53805b6ab3f7262a97d163d6c371b1c958bd23a080d,0.014249925501644611
persona.low_e_low_n.v3.seed-2008.supportive,2008,supportive,persona.low_e_low_n.v3,low_e_low_n,v3,complete_five_failures,1,unsuccessful,valid_feedback,filler.supportive.1,8344175065288078558,10000,9582c82c0e979ad4740159fd2ec5d74526aeb48ac07bda14b2745a25206ae9f4,3048,db3e09caf8d9fe544e3300a8fb9e065e8f096165d4da0ef01c77d1914c1a939a,0.007036308292299509
persona.low_e_low_n.v3.seed-2008.supportive,2008,supportive,persona.low_e_low_n.v3,low_e_low_n,v3,complete_five_failures,2,unsuccessful,valid_feedback,filler.supportive.2,1764828235997338309,3048,db3e09caf8d9fe544e3300a8fb9e065e8f096165d4da0ef01c77d1914c1a939a,876,0e4a5a419d523846d06d70c9c597d56f9dc1dd983fe1091c8e76b9fded100893,0.01620437577366829
persona.low_e_low_n.v3.seed-2008.supportive,2008,supportive,persona.low_e_low_n.v3,low_e_low_n,v3,complete_five_failures,3,unsuccessful,valid_feedback,filler.supportive.3,1186103364016962603,876,0e4a5a419d523846d06d70c9c597d56f9dc1dd983fe1091c8e76b9fded100893,294,88cd0ca065824f206851f4da71f5d5659c93a8ab95301e19143c1e4ee91b2305,0.015269606374204159
persona.low_e_low_n.v3.seed-2008.supportive,2008,supportive,persona.low_e_low_n.v3,low_e_low_n,v3,complete_five_failures,4,unsuccessful,valid_feedback,filler.supportive.4,1157719167337881160,294,88cd0ca065824f206851f4da71f5d5659c93a8ab95301e19143c1e4ee91b2305,94,540acc29610a7e049f1edbd91a1b5841eb0b055c678aeea92f824cbe22b69432,0.017983850091695786
persona.low_e_low_n.v3.seed-2008.supportive,2008,supportive,persona.low_e_low_n.v3,low_e_low_n,v3,complete_five_failures,5,unsuccessful,valid_feedback,filler.supportive.5,6714476192934985326,94,540acc29610a7e049f1edbd91a1b5841eb0b055c678aeea92f824cbe22b69432,16,c4a0a99dc0512cd69f9091761492173273c7462ed93362fcbf6ea37d6cec3e6c,0.015191556885838509
persona.low_e_low_n.v3.seed-2008.neutral,2008,neutral,persona.low_e_low_n.v3,low_e_low_n,v3,complete_five_failures,1,unsuccessful,valid_feedback,filler.neutral.1,8344175065288078558,10000,9582c82c0e979ad4740159fd2ec5d74526aeb48ac07bda14b2745a25206ae9f4,3048,db3e09caf8d9fe544e3300a8fb9e065e8f096165d4da0ef01c77d1914c1a939a,0.005475175101310015
persona.low_e_low_n.v3.seed-2008.neutral,2008,neutral,persona.low_e_low_n.v3,low_e_low_n,v3,complete_five_failures,2,unsuccessful,valid_feedback,filler.neutral.2,1764828235997338309,3048,db3e09caf8d9fe544e3300a8fb9e065e8f096165d4da0ef01c77d1914c1a939a,768,5cd676d20b73535e66fa4484e4849ec299e5aa93baf26611f4a135b1c7c0d7fd,0.01713421568274498
persona.low_e_low_n.v3.seed-2008.neutral,2008,neutral,persona.low_e_low_n.v3,low_e_low_n,v3,complete_five_failures,3,unsuccessful,valid_feedback,filler.neutral.3,1186103364016962603,768,5cd676d20b73535e66fa4484e4849ec299e5aa93baf26611f4a135b1c7c0d7fd,200,da0592db3f94b6e25501e3a03a8dcf83bf0b1602871666a4c23c2df41f308fb3,0.01641957275569439
persona.low_e_low_n.v3.seed-2008.neutral,2008,neutral,persona.low_e_low_n.v3,low_e_low_n,v3,complete_five_failures,4,unsuccessful,valid_feedback,filler.neutral.4,1157719167337881160,200,da0592db3f94b6e25501e3a03a8dcf83bf0b1602871666a4c23c2df41f308fb3,52,fee77fcc685c20e5db1c3ad97c5c6b7588d06090bcccc85134f1d15dc3c41cb7,0.01486253272742033
persona.low_e_low_n.v3.seed-2008.neutral,2008,neutral,persona.low_e_low_n.v3,low_e_low_n,v3,complete_five_failures,5,unsuccessful,valid_feedback,filler.neutral.5,6714476192934985326,52,fee77fcc685c20e5db1c3ad97c5c6b7588d06090bcccc85134f1d15dc3c41cb7,10,341e35e545be038124ff3688f877b2fff59e2c2839cf44f0cc5b196813f2a71c,0.016695503145456314
persona.low_e_low_n.v3.seed-2009.feedback_only,2009,feedback_only,persona.low_e_low_n.v3,low_e_low_n,v3,complete_five_failures,1,unsuccessful,valid_feedback,,1260204083383722554,10000,9582c82c0e979ad4740159fd2ec5d74526aeb48ac07bda14b2745a25206ae9f4,3048,8d8a406c2701498bf0a5134fc8d3d2dd3838c787cab23a0c65e571fa2681a630,0.006879883352667093
persona.low_e_low_n.v3.seed-2009.feedback_only,2009,feedback_only,persona.low_e_low_n.v3,low_e_low_n,v3,complete_five_failures,2,unsuccessful,valid_feedback,,8078703204154141548,3048,8d8a406c2701498bf0a5134fc8d3d2dd3838c787cab23a0c65e571fa2681a630,768,fc8d58a9e3d1f8e19ada2eb0935f356d1fd043e3c6223147b6eb63ab52c33d06,0.017128443345427513
persona.low_e_low_n.v3.seed-2009.feedback_only,2009,feedback_only,persona.low_e_low_n.v3,low_e_low_n,v3,complete_five_failures,3,unsuccessful,valid_feedback,,4408837213815512884,768,fc8d58a9e3d1f8e19ada2eb0935f356d1fd043e3c6223147b6eb63ab52c33d06,206,3701c51eacc8da4a43acc7def8b9efc78019c15d870b2f7a0f276ba681e765c0,0.01618833839893341
persona.low_e_low_n.v3.seed-2009.feedback_only,2009,feedback_only,persona.low_e_low_n.v3,low_e_low_n,v3,complete_five_failures,4,unsuccessful,valid_feedback,,5665391256835248990,206,3701c51eacc8da4a43acc7def8b9efc78019c15d870b2f7a0f276ba681e765c0,55,04a95813d7014d7950fe157a956d4387a292572957115ac209f07c7805a04adc,0.013193966820836067
persona.low_e_low_n.v3.seed-2009.feedback_only,2009,feedback_only,persona.low_e_low_n.v3,low_e_low_n,v3,complete_five_failures,5,unsuccessful,valid_feedback,,9128014439954229688,55,04a95813d7014d7950fe157a956d4387a292572957115ac209f07c7805a04adc,16,c4381b23c6bfad65ec6363bfce625f0aee93467eaa2c1d60c80ffbff1be04bda,0.012961240485310555
persona.low_e_low_n.v3.seed-2009.supportive,2009,supportive,persona.low_e_low_n.v3,low_e_low_n,v3,complete_five_failures,1,unsuccessful,valid_feedback,filler.supportive.1,1260204083383722554,10000,9582c82c0e979ad4740159fd2ec5d74526aeb48ac07bda14b2745a25206ae9f4,3048,8d8a406c2701498bf0a5134fc8d3d2dd3838c787cab23a0c65e571fa2681a630,0.005118514411151409
persona.low_e_low_n.v3.seed-2009.supportive,2009,supportive,persona.low_e_low_n.v3,low_e_low_n,v3,complete_five_failures,2,unsuccessful,valid_feedback,filler.supportive.2,8078703204154141548,3048,8d8a406c2701498bf0a5134fc8d3d2dd3838c787cab23a0c65e571fa2681a630,768,fc8d58a9e3d1f8e19ada2eb0935f356d1fd043e3c6223147b6eb63ab52c33d06,0.017528686672449112
persona.low_e_low_n.v3.seed-2009.supportive,2009,supportive,persona.low_e_low_n.v3,low_e_low_n,v3,complete_five_failures,3,unsuccessful,valid_feedback,filler.supportive.3,4408837213815512884,768,fc8d58a9e3d1f8e19ada2eb0935f356d1fd043e3c6223147b6eb63ab52c33d06,206,3701c51eacc8da4a43acc7def8b9efc78019c15d870b2f7a0f276ba681e765c0,0.01684349961578846
persona.low_e_low_n.v3.seed-2009.supportive,2009,supportive,persona.low_e_low_n.v3,low_e_low_n,v3,complete_five_failures,4,unsuccessful,valid_feedback,filler.supportive.4,5665391256835248990,206,3701c51eacc8da4a43acc7def8b9efc78019c15d870b2f7a0f276ba681e765c0,55,04a95813d7014d7950fe157a956d4387a292572957115ac209f07c7805a04adc,0.01604817993938923
persona.low_e_low_n.v3.seed-2009.supportive,2009,supportive,persona.low_e_low_n.v3,low_e_low_n,v3,complete_five_failures,5,unsuccessful,valid_feedback,filler.supportive.5,9128014439954229688,55,04a95813d7014d7950fe157a956d4387a292572957115ac209f07c7805a04adc,16,c4381b23c6bfad65ec6363bfce625f0aee93467eaa2c1d60c80ffbff1be04bda,0.015411552041769028
persona.low_e_low_n.v3.seed-2009.neutral,2009,neutral,persona.low_e_low_n.v3,low_e_low_n,v3,complete_five_failures,1,unsuccessful,valid_feedback,filler.neutral.1,1260204083383722554,10000,9582c82c0e979ad4740159fd2ec5d74526aeb48ac07bda14b2745a25206ae9f4,3048,8d8a406c2701498bf0a5134fc8d3d2dd3838c787cab23a0c65e571fa2681a630,0.00490811700001359
persona.low_e_low_n.v3.seed-2009.neutral,2009,neutral,persona.low_e_low_n.v3,low_e_low_n,v3,complete_five_failures,2,unsuccessful,valid_feedback,filler.neutral.2,8078703204154141548,3048,8d8a406c2701498bf0a5134fc8d3d2dd3838c787cab23a0c65e571fa2681a630,768,fc8d58a9e3d1f8e19ada2eb0935f356d1fd043e3c6223147b6eb63ab52c33d06,0.016851218417286873
persona.low_e_low_n.v3.seed-2009.neutral,2009,neutral,persona.low_e_low_n.v3,low_e_low_n,v3,complete_five_failures,3,unsuccessful,valid_feedback,filler.neutral.3,4408837213815512884,768,fc8d58a9e3d1f8e19ada2eb0935f356d1fd043e3c6223147b6eb63ab52c33d06,206,3701c51eacc8da4a43acc7def8b9efc78019c15d870b2f7a0f276ba681e765c0,0.014391716569662094
persona.low_e_low_n.v3.seed-2009.neutral,2009,neutral,persona.low_e_low_n.v3,low_e_low_n,v3,complete_five_failures,4,unsuccessful,valid_feedback,filler.neutral.4,5665391256835248990,206,3701c51eacc8da4a43acc7def8b9efc78019c15d870b2f7a0f276ba681e765c0,55,04a95813d7014d7950fe157a956d4387a292572957115ac209f07c7805a04adc,0.011827370151877403
persona.low_e_low_n.v3.seed-2009.neutral,2009,neutral,persona.low_e_low_n.v3,low_e_low_n,v3,complete_five_failures,5,unsuccessful,valid_feedback,filler.neutral.5,9128014439954229688,55,04a95813d7014d7950fe157a956d4387a292572957115ac209f07c7805a04adc,16,c4381b23c6bfad65ec6363bfce625f0aee93467eaa2c1d60c80ffbff1be04bda,0.01196515467017889
persona.low_e_low_n.v3.seed-2010.feedback_only,2010,feedback_only,persona.low_e_low_n.v3,low_e_low_n,v3,complete_five_failures,1,unsuccessful,valid_feedback,,3469795497683125335,10000,9582c82c0e979ad4740159fd2ec5d74526aeb48ac07bda14b2745a25206ae9f4,3048,8d8a406c2701498bf0a5134fc8d3d2dd3838c787cab23a0c65e571fa2681a630,0.006879883352667093
persona.low_e_low_n.v3.seed-2010.feedback_only,2010,feedback_only,persona.low_e_low_n.v3,low_e_low_n,v3,complete_five_failures,2,unsuccessful,valid_feedback,,7502407488306205158,3048,8d8a406c2701498bf0a5134fc8d3d2dd3838c787cab23a0c65e571fa2681a630,768,fc8d58a9e3d1f8e19ada2eb0935f356d1fd043e3c6223147b6eb63ab52c33d06,0.017128443345427513
persona.low_e_low_n.v3.seed-2010.feedback_only,2010,feedback_only,persona.low_e_low_n.v3,low_e_low_n,v3,complete_five_failures,3,unsuccessful,valid_feedback,,7505458095384574504,768,fc8d58a9e3d1f8e19ada2eb0935f356d1fd043e3c6223147b6eb63ab52c33d06,206,3701c51eacc8da4a43acc7def8b9efc78019c15d870b2f7a0f276ba681e765c0,0.01618833839893341
persona.low_e_low_n.v3.seed-2010.feedback_only,2010,feedback_only,persona.low_e_low_n.v3,low_e_low_n,v3,complete_five_failures,4,unsuccessful,valid_feedback,,8890796447059342011,206,3701c51eacc8da4a43acc7def8b9efc78019c15d870b2f7a0f276ba681e765c0,55,04a95813d7014d7950fe157a956d4387a292572957115ac209f07c7805a04adc,0.013193966820836067
persona.low_e_low_n.v3.seed-2010.feedback_only,2010,feedback_only,persona.low_e_low_n.v3,low_e_low_n,v3,complete_five_failures,5,unsuccessful,valid_feedback,,2061649511049620242,55,04a95813d7014d7950fe157a956d4387a292572957115ac209f07c7805a04adc,15,ce5d95544a095d12f3a94473e04ccab55002b524452e073c9d463fb6eb1f422c,0.017258908599615097
persona.low_e_low_n.v3.seed-2010.supportive,2010,supportive,persona.low_e_low_n.v3,low_e_low_n,v3,complete_five_failures,1,unsuccessful,valid_feedback,filler.supportive.1,3469795497683125335,10000,9582c82c0e979ad4740159fd2ec5d74526aeb48ac07bda14b2745a25206ae9f4,3048,8d8a406c2701498bf0a5134fc8d3d2dd3838c787cab23a0c65e571fa2681a630,0.005118514411151409
persona.low_e_low_n.v3.seed-2010.supportive,2010,supportive,persona.low_e_low_n.v3,low_e_low_n,v3,complete_five_failures,2,unsuccessful,valid_feedback,filler.supportive.2,7502407488306205158,3048,8d8a406c2701498bf0a5134fc8d3d2dd3838c787cab23a0c65e571fa2681a630,768,fc8d58a9e3d1f8e19ada2eb0935f356d1fd043e3c6223147b6eb63ab52c33d06,0.017528686672449112
persona.low_e_low_n.v3.seed-2010.supportive,2010,supportive,persona.low_e_low_n.v3,low_e_low_n,v3,complete_five_failures,3,unsuccessful,valid_feedback,filler.supportive.3,7505458095384574504,768,fc8d58a9e3d1f8e19ada2eb0935f356d1fd043e3c6223147b6eb63ab52c33d06,206,3701c51eacc8da4a43acc7def8b9efc78019c15d870b2f7a0f276ba681e765c0,0.01684349961578846
persona.low_e_low_n.v3.seed-2010.supportive,2010,supportive,persona.low_e_low_n.v3,low_e_low_n,v3,complete_five_failures,4,unsuccessful,valid_feedback,filler.supportive.4,8890796447059342011,206,3701c51eacc8da4a43acc7def8b9efc78019c15d870b2f7a0f276ba681e765c0,55,04a95813d7014d7950fe157a956d4387a292572957115ac209f07c7805a04adc,0.01604817993938923
persona.low_e_low_n.v3.seed-2010.supportive,2010,supportive,persona.low_e_low_n.v3,low_e_low_n,v3,complete_five_failures,5,unsuccessful,valid_feedback,filler.supportive.5,2061649511049620242,55,04a95813d7014d7950fe157a956d4387a292572957115ac209f07c7805a04adc,15,ce5d95544a095d12f3a94473e04ccab55002b524452e073c9d463fb6eb1f422c,0.018782107159495354
persona.low_e_low_n.v3.seed-2010.neutral,2010,neutral,persona.low_e_low_n.v3,low_e_low_n,v3,complete_five_failures,1,unsuccessful,valid_feedback,filler.neutral.1,3469795497683125335,10000,9582c82c0e979ad4740159fd2ec5d74526aeb48ac07bda14b2745a25206ae9f4,3048,8d8a406c2701498bf0a5134fc8d3d2dd3838c787cab23a0c65e571fa2681a630,0.00490811700001359
persona.low_e_low_n.v3.seed-2010.neutral,2010,neutral,persona.low_e_low_n.v3,low_e_low_n,v3,complete_five_failures,2,unsuccessful,valid_feedback,filler.neutral.2,7502407488306205158,3048,8d8a406c2701498bf0a5134fc8d3d2dd3838c787cab23a0c65e571fa2681a630,768,fc8d58a9e3d1f8e19ada2eb0935f356d1fd043e3c6223147b6eb63ab52c33d06,0.016851218417286873
persona.low_e_low_n.v3.seed-2010.neutral,2010,neutral,persona.low_e_low_n.v3,low_e_low_n,v3,complete_five_failures,3,unsuccessful,valid_feedback,filler.neutral.3,7505458095384574504,768,fc8d58a9e3d1f8e19ada2eb0935f356d1fd043e3c6223147b6eb63ab52c33d06,206,3701c51eacc8da4a43acc7def8b9efc78019c15d870b2f7a0f276ba681e765c0,0.014391716569662094
persona.low_e_low_n.v3.seed-2010.neutral,2010,neutral,persona.low_e_low_n.v3,low_e_low_n,v3,complete_five_failures,4,unsuccessful,valid_feedback,filler.neutral.4,8890796447059342011,206,3701c51eacc8da4a43acc7def8b9efc78019c15d870b2f7a0f276ba681e765c0,55,04a95813d7014d7950fe157a956d4387a292572957115ac209f07c7805a04adc,0.011827370151877403
persona.low_e_low_n.v3.seed-2010.neutral,2010,neutral,persona.low_e_low_n.v3,low_e_low_n,v3,complete_five_failures,5,unsuccessful,valid_feedback,filler.neutral.5,2061649511049620242,55,04a95813d7014d7950fe157a956d4387a292572957115ac209f07c7805a04adc,15,ce5d95544a095d12f3a94473e04ccab55002b524452e073c9d463fb6eb1f422c,0.015340905636548996
