schema_version,snapshot_id,suffix_id,suffix_text_sha256,persona_id,persona_quadrant,persona_template_id,extraversion,neuroticism,axis,layer_relative,layer_absolute,cosine_score,persona_axis_median
1,formal-v2-persona-calibration-v3-baseline,calibration.suffix.1,7003d3e5d5fc9a40d2f07d796142e01ef0cf8540dabcc125bcde99dc01d41f42,persona.high_e_high_n,high_e_high_n,v1,high,high,positive,-5,23,-0.16148093342781067,-0.025700511410832405
1,formal-v2-persona-calibration-v3-baseline,calibration.suffix.1,7003d3e5d5fc9a40d2f07d796142e01ef0cf8540dabcc125bcde99dc01d41f42,persona.high_e_high_n,high_e_high_n,v1,high,high,positive,-6,22,-0.1427765041589737,-0.025700511410832405
1,formal-v2-persona-calibration-v3-baseline,calibration.suffix.1,7003d3e5d5fc9a40d2f07d796142e01ef0cf8540dabcc125bcde99dc01d41f42,persona.high_e_high_n,high_e_high_n,v1,high,high,positive,-7,21,-0.002752651460468769,-0.025700511410832405
1,formal-v2-persona-calibration-v3-baseline,calibration.suffix.1,7003d3e5d5fc9a40d2f07d796142e01ef0cf8540dabcc125bcde99dc01d41f42,persona.high_e_high_n,high_e_high_n,v1,high,high,positive,-8,20,-0.025700511410832405,-0.025700511410832405
1,formal-v2-persona-calibration-v3-baseline,calibration.suffix.1,7003d3e5d5fc9a40d2f07d796142e01ef0cf8540dabcc125bcde99dc01d41f42,persona.high_e_high_n,high_e_high_n,v1,high,high,positive,-9,19,0.09638596326112747,-0.025700511410832405
1,formal-v2-persona-calibration-v3-baseline,calibration.suffix.1,7003d3e5d5fc9a40d2f07d796142e01ef0cf8540dabcc125bcde99dc01d41f42,persona.high_e_high_n,high_e_high_n,v1,high,high,negative,-5,23,0.08202292025089264,0.043287619948387146
1,formal-v2-persona-calibration-v3-baseline,calibration.suffix.1,7003d3e5d5fc9a40d2f07d796142e01ef0cf8540dabcc125bcde99dc01d41f42,persona.high_e_high_n,high_e_high_n,v1,high,high,negative,-6,22,0.11843927949666977,0.043287619948387146
1,formal-v2-persona-calibration-v3-baseline,calibration.suffix.1,7003d3e5d5fc9a40d2f07d796142e01ef0cf8540dabcc125bcde99dc01d41f42,persona.high_e_high_n,high_e_high_n,v1,high,high,negative,-7,21,0.043287619948387146,0.043287619948387146
1,formal-v2-persona-calibration-v3-baseline,calibration.suffix.1,7003d3e5d5fc9a40d2f07d796142e01ef0cf8540dabcc125bcde99dc01d41f42,persona.high_e_high_n,high_e_high_n,v1,high,high,negative,-8,20,-0.11350537091493607,0.043287619948387146
1,formal-v2-persona-calibration-v3-baseline,calibration.suffix.1,7003d3e5d5fc9a40d2f07d796142e01ef0cf8540dabcc125bcde99dc01d41f42,persona.high_e_high_n,high_e_high_n,v1,high,high,negative,-9,19,-0.21426498889923096,0.043287619948387146
1,formal-v2-persona-calibration-v3-baseline,calibration.suffix.1,7003d3e5d5fc9a40d2f07d796142e01ef0cf8540dabcc125bcde99dc01d41f42,persona.high_e_high_n,high_e_high_n,v1,high,high,frustration,-5,23,-0.10311352461576462,-0.01820092462003231
1,formal-v2-persona-calibration-v3-baseline,calibration.suffix.1,7003d3e5d5fc9a40d2f07d796142e01ef0cf8540dabcc125bcde99dc01d41f42,persona.high_e_high_n,high_e_high_n,v1,high,high,frustration,-6,22,-0.02859393134713173,-0.01820092462003231
1,formal-v2-persona-calibration-v3-baseline,calibration.suffix.1,7003d3e5d5fc9a40d2f07d796142e01ef0cf8540dabcc125bcde99dc01d41f42,persona.high_e_high_n,high_e_high_n,v1,high,high,frustration,-7,21,-0.01820092462003231,-0.01820092462003231
1,formal-v2-persona-calibration-v3-baseline,calibration.suffix.1,7003d3e5d5fc9a40d2f07d796142e01ef0cf8540dabcc125bcde99dc01d41f42,persona.high_e_high_n,high_e_high_n,v1,high,high,frustration,-8,20,0.10565588623285294,-0.01820092462003231
1,formal-v2-persona-calibration-v3-baseline,calibration.suffix.1,7003d3e5d5fc9a40d2f07d796142e01ef0cf8540dabcc125bcde99dc01d41f42,persona.high_e_high_n,high_e_high_n,v1,high,high,frustration,-9,19,0.03206029161810875,-0.01820092462003231
1,formal-v2-persona-calibration-v3-baseline,calibration.suffix.1,7003d3e5d5fc9a40d2f07d796142e01ef0cf8540dabcc125bcde99dc01d41f42,persona.high_e_high_n.v2,high_e_high_n,v2,high,high,positive,-5,23,-0.15271896123886108,-0.032415520399808884
1,formal-v2-persona-calibration-v3-baseline,calibration.suffix.1,7003d3e5d5fc9a40d2f07d796142e01ef0cf8540dabcc125bcde99dc01d41f42,persona.high_e_high_n.v2,high_e_high_n,v2,high,high,positive,-6,22,-0.13283824920654297,-0.032415520399808884
1,formal-v2-persona-calibration-v3-baseline,calibration.suffix.1,7003d3e5d5fc9a40d2f07d796142e01ef0cf8540dabcc125bcde99dc01d41f42,persona.high_e_high_n.v2,high_e_high_n,v2,high,high,positive,-7,21,-0.01849590614438057,-0.032415520399808884
1,formal-v2-persona-calibration-v3-baseline,calibration.suffix.1,7003d3e5d5fc9a40d2f07d796142e01ef0cf8540dabcc125bcde99dc01d41f42,persona.high_e_high_n.v2,high_e_high_n,v2,high,high,positive,-8,20,-0.032415520399808884,-0.032415520399808884
1,formal-v2-persona-calibration-v3-baseline,calibration.suffix.1,7003d3e5d5fc9a40d2f07d796142e01ef0cf8540dabcc125bcde99dc01d41f42,persona.high_e_high_n.v2,high_e_high_n,v2,high,high,positive,-9,19,0.08752018958330154,-0.032415520399808884
1,formal-v2-persona-calibration-v3-baseline,calibration.suffix.1,7003d3e5d5fc9a40d2f07d796142e01ef0cf8540dabcc125bcde99dc01d41f42,persona.high_e_high_n.v2,high_e_high_n,v2,high,high,negative,-5,23,0.07849826663732529,0.038421276956796646
1,formal-v2-persona-calibration-v3-baseline,calibration.suffix.1,7003d3e5d5fc9a40d2f07d796142e01ef0cf8540dabcc125bcde99dc01d41f42,persona.high_e_high_n.v2,high_e_high_n,v2,high,high,negative,-6,22,0.11204583942890167,0.038421276956796646
1,formal-v2-persona-calibration-v3-baseline,calibration.suffix.1,7003d3e5d5fc9a40d2f07d796142e01ef0cf8540dabcc125bcde99dc01d41f42,persona.high_e_high_n.v2,high_e_high_n,v2,high,high,negative,-7,21,0.038421276956796646,0.038421276956796646
1,formal-v2-persona-calibration-v3-baseline,calibration.suffix.1,7003d3e5d5fc9a40d2f07d796142e01ef0cf8540dabcc125bcde99dc01d41f42,persona.high_e_high_n.v2,high_e_high_n,v2,high,high,negative,-8,20,-0.10493139177560806,0.038421276956796646
1,formal-v2-persona-calibration-v3-baseline,calibration.suffix.1,7003d3e5d5fc9a40d2f07d796142e01ef0cf8540dabcc125bcde99dc01d41f42,persona.high_e_high_n.v2,high_e_high_n,v2,high,high,negative,-9,19,-0.21448083221912384,0.038421276956796646
1,formal-v2-persona-calibration-v3-baseline,calibration.suffix.1,7003d3e5d5fc9a40d2f07d796142e01ef0cf8540dabcc125bcde99dc01d41f42,persona.high_e_high_n.v2,high_e_high_n,v2,high,high,frustration,-5,23,-0.1059124618768692,-0.02203058823943138
1,formal-v2-persona-calibration-v3-baseline,calibration.suffix.1,7003d3e5d5fc9a40d2f07d796142e01ef0cf8540dabcc125bcde99dc01d41f42,persona.high_e_high_n.v2,high_e_high_n,v2,high,high,frustration,-6,22,-0.03222288936376572,-0.02203058823943138
1,formal-v2-persona-calibration-v3-baseline,calibration.suffix.1,7003d3e5d5fc9a40d2f07d796142e01ef0cf8540dabcc125bcde99dc01d41f42,persona.high_e_high_n.v2,high_e_high_n,v2,high,high,frustration,-7,21,-0.02203058823943138,-0.02203058823943138
1,formal-v2-persona-calibration-v3-baseline,calibration.suffix.1,7003d3e5d5fc9a40d2f07d796142e01ef0cf8540dabcc125bcde99dc01d41f42,persona.high_e_high_n.v2,high_e_high_n,v2,high,high,frustration,-8,20,0.10580913722515106,-0.02203058823943138
1,formal-v2-persona-calibration-v3-baseline,calibration.suffix.1,7003d3e5d5fc9a40d2f07d796142e01ef0cf8540dabcc125bcde99dc01d41f42,persona.high_e_high_n.v2,high_e_high_n,v2,high,high,frustration,-9,19,0.03045770525932312,-0.02203058823943138
1,formal-v2-persona-calibration-v3-baseline,calibration.suffix.1,7003d3e5d5fc9a40d2f07d796142e01ef0cf8540dabcc125bcde99dc01d41f42,persona.high_e_high_n.v3,high_e_high_n,v3,high,high,positive,-5,23,-0.17236144840717316,-0.03072599321603775
1,formal-v2-persona-calibration-v3-baseline,calibration.suffix.1,7003d3e5d5fc9a40d2f07d796142e01ef0cf8540dabcc125bcde99dc01d41f42,persona.high_e_high_n.v3,high_e_high_n,v3,high,high,positive,-6,22,-0.15572808682918549,-0.03072599321603775
1,formal-v2-persona-calibration-v3-baseline,calibration.suffix.1,7003d3e5d5fc9a40d2f07d796142e01ef0cf8540dabcc125bcde99dc01d41f42,persona.high_e_high_n.v3,high_e_high_n,v3,high,high,positive,-7,21,-0.0037338933907449245,-0.03072599321603775
1,formal-v2-persona-calibration-v3-baseline,calibration.suffix.1,7003d3e5d5fc9a40d2f07d796142e01ef0cf8540dabcc125bcde99dc01d41f42,persona.high_e_high_n.v3,high_e_high_n,v3,high,high,positive,-8,20,-0.03072599321603775,-0.03072599321603775
1,formal-v2-persona-calibration-v3-baseline,calibration.suffix.1,7003d3e5d5fc9a40d2f07d796142e01ef0cf8540dabcc125bcde99dc01d41f42,persona.high_e_high_n.v3,high_e_high_n,v3,high,high,positive,-9,19,0.08701609075069427,-0.03072599321603775
1,formal-v2-persona-calibration-v3-baseline,calibration.suffix.1,7003d3e5d5fc9a40d2f07d796142e01ef0cf8540dabcc125bcde99dc01d41f42,persona.high_e_high_n.v3,high_e_high_n,v3,high,high,negative,-5,23,0.09144938737154007,0.04600110277533531
1,formal-v2-persona-calibration-v3-baseline,calibration.suffix.1,7003d3e5d5fc9a40d2f07d796142e01ef0cf8540dabcc125bcde99dc01d41f42,persona.high_e_high_n.v3,high_e_high_n,v3,high,high,negative,-6,22,0.12687930464744568,0.04600110277533531
1,formal-v2-persona-calibration-v3-baseline,calibration.suffix.1,7003d3e5d5fc9a40d2f07d796142e01ef0cf8540dabcc125bcde99dc01d41f42,persona.high_e_high_n.v3,high_e_high_n,v3,high,high,negative,-7,21,0.04600110277533531,0.04600110277533531
1,formal-v2-persona-calibration-v3-baseline,calibration.suffix.1,7003d3e5d5fc9a40d2f07d796142e01ef0cf8540dabcc125bcde99dc01d41f42,persona.high_e_high_n.v3,high_e_high_n,v3,high,high,negative,-8,20,-0.12333887815475464,0.04600110277533531
1,formal-v2-persona-calibration-v3-baseline,calibration.suffix.1,7003d3e5d5fc9a40d2f07d796142e01ef0cf8540dabcc125bcde99dc01d41f42,persona.high_e_high_n.v3,high_e_high_n,v3,high,high,negative,-9,19,-0.21980324387550354,0.04600110277533531
1,formal-v2-persona-calibration-v3-baseline,calibration.suffix.1,7003d3e5d5fc9a40d2f07d796142e01ef0cf8540dabcc125bcde99dc01d41f42,persona.high_e_high_n.v3,high_e_high_n,v3,high,high,frustration,-5,23,-0.09175751358270645,-0.007859990000724792
1,formal-v2-persona-calibration-v3-baseline,calibration.suffix.1,7003d3e5d5fc9a40d2f07d796142e01ef0cf8540dabcc125bcde99dc01d41f42,persona.high_e_high_n.v3,high_e_high_n,v3,high,high,frustration,-6,22,-0.01771659590303898,-0.007859990000724792
1,formal-v2-persona-calibration-v3-baseline,calibration.suffix.1,7003d3e5d5fc9a40d2f07d796142e01ef0cf8540dabcc125bcde99dc01d41f42,persona.high_e_high_n.v3,high_e_high_n,v3,high,high,frustration,-7,21,-0.007859990000724792,-0.007859990000724792
1,formal-v2-persona-calibration-v3-baseline,calibration.suffix.1,7003d3e5d5fc9a40d2f07d796142e01ef0cf8540dabcc125bcde99dc01d41f42,persona.high_e_high_n.v3,high_e_high_n,v3,high,high,frustration,-8,20,0.11437428742647171,-0.007859990000724792
1,formal-v2-persona-calibration-v3-baseline,calibration.suffix.1,7003d3e5d5fc9a40d2f07d796142e01ef0cf8540dabcc125bcde99dc01d41f42,persona.high_e_high_n.v3,high_e_high_n,v3,high,high,frustration,-9,19,0.04096424952149391,-0.007859990000724792
1,formal-v2-persona-calibration-v3-baseline,calibration.suffix.1,7003d3e5d5fc9a40d2f07d796142e01ef0cf8540dabcc125bcde99dc01d41f42,persona.high_e_low_n,high_e_low_n,v1,high,low,positive,-5,23,-0.1527666598558426,-0.028947921469807625
1,formal-v2-persona-calibration-v3-baseline,calibration.suffix.1,7003d3e5d5fc9a40d2f07d796142e01ef0cf8540dabcc125bcde99dc01d41f42,persona.high_e_low_n,high_e_low_n,v1,high,low,positive,-6,22,-0.13163244724273682,-0.028947921469807625
1,formal-v2-persona-calibration-v3-baseline,calibration.suffix.1,7003d3e5d5fc9a40d2f07d796142e01ef0cf8540dabcc125bcde99dc01d41f42,persona.high_e_low_n,high_e_low_n,v1,high,low,positive,-7,21,-0.013969033025205135,-0.028947921469807625
1,formal-v2-persona-calibration-v3-baseline,calibration.suffix.1,7003d3e5d5fc9a40d2f07d796142e01ef0cf8540dabcc125bcde99dc01d41f42,persona.high_e_low_n,high_e_low_n,v1,high,low,positive,-8,20,-0.028947921469807625,-0.028947921469807625
1,formal-v2-persona-calibration-v3-baseline,calibration.suffix.1,7003d3e5d5fc9a40d2f07d796142e01ef0cf8540dabcc125bcde99dc01d41f42,persona.high_e_low_n,high_e_low_n,v1,high,low,positive,-9,19,0.0901707112789154,-0.028947921469807625
1,formal-v2-persona-calibration-v3-baseline,calibration.suffix.1,7003d3e5d5fc9a40d2f07d796142e01ef0cf8540dabcc125bcde99dc01d41f42,persona.high_e_low_n,high_e_low_n,v1,high,low,negative,-5,23,0.07577043771743774,0.037257518619298935
1,formal-v2-persona-calibration-v3-baseline,calibration.suffix.1,7003d3e5d5fc9a40d2f07d796142e01ef0cf8540dabcc125bcde99dc01d41f42,persona.high_e_low_n,high_e_low_n,v1,high,low,negative,-6,22,0.10988504439592361,0.037257518619298935
1,formal-v2-persona-calibration-v3-baseline,calibration.suffix.1,7003d3e5d5fc9a40d2f07d796142e01ef0cf8540dabcc125bcde99dc01d41f42,persona.high_e_low_n,high_e_low_n,v1,high,low,negative,-7,21,0.037257518619298935,0.037257518619298935
1,formal-v2-persona-calibration-v3-baseline,calibration.suffix.1,7003d3e5d5fc9a40d2f07d796142e01ef0cf8540dabcc125bcde99dc01d41f42,persona.high_e_low_n,high_e_low_n,v1,high,low,negative,-8,20,-0.10923516005277634,0.037257518619298935
1,formal-v2-persona-calibration-v3-baseline,calibration.suffix.1,7003d3e5d5fc9a40d2f07d796142e01ef0cf8540dabcc125bcde99dc01d41f42,persona.high_e_low_n,high_e_low_n,v1,high,low,negative,-9,19,-0.21178807318210602,0.037257518619298935
1,formal-v2-persona-calibration-v3-baseline,calibration.suffix.1,7003d3e5d5fc9a40d2f07d796142e01ef0cf8540dabcc125bcde99dc01d41f42,persona.high_e_low_n,high_e_low_n,v1,high,low,frustration,-5,23,-0.10309718549251556,-0.018075572326779366
1,formal-v2-persona-calibration-v3-baseline,calibration.suffix.1,7003d3e5d5fc9a40d2f07d796142e01ef0cf8540dabcc125bcde99dc01d41f42,persona.high_e_low_n,high_e_low_n,v1,high,low,frustration,-6,22,-0.02922414429485798,-0.018075572326779366
1,formal-v2-persona-calibration-v3-baseline,calibration.suffix.1,7003d3e5d5fc9a40d2f07d796142e01ef0cf8540dabcc125bcde99dc01d41f42,persona.high_e_low_n,high_e_low_n,v1,high,low,frustration,-7,21,-0.018075572326779366,-0.018075572326779366
1,formal-v2-persona-calibration-v3-baseline,calibration.suffix.1,7003d3e5d5fc9a40d2f07d796142e01ef0cf8540dabcc125bcde99dc01d41f42,persona.high_e_low_n,high_e_low_n,v1,high,low,frustration,-8,20,0.1070341095328331,-0.018075572326779366
1,formal-v2-persona-calibration-v3-baseline,calibration.suffix.1,7003d3e5d5fc9a40d2f07d796142e01ef0cf8540dabcc125bcde99dc01d41f42,persona.high_e_low_n,high_e_low_n,v1,high,low,frustration,-9,19,0.03550802543759346,-0.018075572326779366
1,formal-v2-persona-calibration-v3-baseline,calibration.suffix.1,7003d3e5d5fc9a40d2f07d796142e01ef0cf8540dabcc125bcde99dc01d41f42,persona.high_e_low_n.v2,high_e_low_n,v2,high,low,positive,-5,23,-0.14847610890865326,-0.03374630957841873
1,formal-v2-persona-calibration-v3-baseline,calibration.suffix.1,7003d3e5d5fc9a40d2f07d796142e01ef0cf8540dabcc125bcde99dc01d41f42,persona.high_e_low_n.v2,high_e_low_n,v2,high,low,positive,-6,22,-0.12729501724243164,-0.03374630957841873
1,formal-v2-persona-calibration-v3-baseline,calibration.suffix.1,7003d3e5d5fc9a40d2f07d796142e01ef0cf8540dabcc125bcde99dc01d41f42,persona.high_e_low_n.v2,high_e_low_n,v2,high,low,positive,-7,21,-0.026220545172691345,-0.03374630957841873
1,formal-v2-persona-calibration-v3-baseline,calibration.suffix.1,7003d3e5d5fc9a40d2f07d796142e01ef0cf8540dabcc125bcde99dc01d41f42,persona.high_e_low_n.v2,high_e_low_n,v2,high,low,positive,-8,20,-0.03374630957841873,-0.03374630957841873
1,formal-v2-persona-calibration-v3-baseline,calibration.suffix.1,7003d3e5d5fc9a40d2f07d796142e01ef0cf8540dabcc125bcde99dc01d41f42,persona.high_e_low_n.v2,high_e_low_n,v2,high,low,positive,-9,19,0.08380044996738434,-0.03374630957841873
1,formal-v2-persona-calibration-v3-baseline,calibration.suffix.1,7003d3e5d5fc9a40d2f07d796142e01ef0cf8540dabcc125bcde99dc01d41f42,persona.high_e_low_n.v2,high_e_low_n,v2,high,low,negative,-5,23,0.07671976089477539,0.03497093915939331
1,formal-v2-persona-calibration-v3-baseline,calibration.suffix.1,7003d3e5d5fc9a40d2f07d796142e01ef0cf8540dabcc125bcde99dc01d41f42,persona.high_e_low_n.v2,high_e_low_n,v2,high,low,negative,-6,22,0.10870467126369476,0.03497093915939331
1,formal-v2-persona-calibration-v3-baseline,calibration.suffix.1,7003d3e5d5fc9a40d2f07d796142e01ef0cf8540dabcc125bcde99dc01d41f42,persona.high_e_low_n.v2,high_e_low_n,v2,high,low,negative,-7,21,0.03497093915939331,0.03497093915939331
1,formal-v2-persona-calibration-v3-baseline,calibration.suffix.1,7003d3e5d5fc9a40d2f07d796142e01ef0cf8540dabcc125bcde99dc01d41f42,persona.high_e_low_n.v2,high_e_low_n,v2,high,low,negative,-8,20,-0.10109063982963562,0.03497093915939331
1,formal-v2-persona-calibration-v3-baseline,calibration.suffix.1,7003d3e5d5fc9a40d2f07d796142e01ef0cf8540dabcc125bcde99dc01d41f42,persona.high_e_low_n.v2,high_e_low_n,v2,high,low,negative,-9,19,-0.2113393247127533,0.03497093915939331
1,formal-v2-persona-calibration-v3-baseline,calibration.suffix.1,7003d3e5d5fc9a40d2f07d796142e01ef0cf8540dabcc125bcde99dc01d41f42,persona.high_e_low_n.v2,high_e_low_n,v2,high,low,frustration,-5,23,-0.10495983809232712,-0.022397397086024284
1,formal-v2-persona-calibration-v3-baseline,calibration.suffix.1,7003d3e5d5fc9a40d2f07d796142e01ef0cf8540dabcc125bcde99dc01d41f42,persona.high_e_low_n.v2,high_e_low_n,v2,high,low,frustration,-6,22,-0.032575394958257675,-0.022397397086024284
1,formal-v2-persona-calibration-v3-baseline,calibration.suffix.1,7003d3e5d5fc9a40d2f07d796142e01ef0cf8540dabcc125bcde99dc01d41f42,persona.high_e_low_n.v2,high_e_low_n,v2,high,low,frustration,-7,21,-0.022397397086024284,-0.022397397086024284
1,formal-v2-persona-calibration-v3-baseline,calibration.suffix.1,7003d3e5d5fc9a40d2f07d796142e01ef0cf8540dabcc125bcde99dc01d41f42,persona.high_e_low_n.v2,high_e_low_n,v2,high,low,frustration,-8,20,0.10587131977081299,-0.022397397086024284
1,formal-v2-persona-calibration-v3-baseline,calibration.suffix.1,7003d3e5d5fc9a40d2f07d796142e01ef0cf8540dabcc125bcde99dc01d41f42,persona.high_e_low_n.v2,high_e_low_n,v2,high,low,frustration,-9,19,0.032280102372169495,-0.022397397086024284
1,formal-v2-persona-calibration-v3-baseline,calibration.suffix.1,7003d3e5d5fc9a40d2f07d796142e01ef0cf8540dabcc125bcde99dc01d41f42,persona.high_e_low_n.v3,high_e_low_n,v3,high,low,positive,-5,23,-0.16735389828681946,-0.03076833486557007
1,formal-v2-persona-calibration-v3-baseline,calibration.suffix.1,7003d3e5d5fc9a40d2f07d796142e01ef0cf8540dabcc125bcde99dc01d41f42,persona.high_e_low_n.v3,high_e_low_n,v3,high,low,positive,-6,22,-0.14993222057819366,-0.03076833486557007
1,formal-v2-persona-calibration-v3-baseline,calibration.suffix.1,7003d3e5d5fc9a40d2f07d796142e01ef0cf8540dabcc125bcde99dc01d41f42,persona.high_e_low_n.v3,high_e_low_n,v3,high,low,positive,-7,21,-0.011712304316461086,-0.03076833486557007
1,formal-v2-persona-calibration-v3-baseline,calibration.suffix.1,7003d3e5d5fc9a40d2f07d796142e01ef0cf8540dabcc125bcde99dc01d41f42,persona.high_e_low_n.v3,high_e_low_n,v3,high,low,positive,-8,20,-0.03076833486557007,-0.03076833486557007
1,formal-v2-persona-calibration-v3-baseline,calibration.suffix.1,7003d3e5d5fc9a40d2f07d796142e01ef0cf8540dabcc125bcde99dc01d41f42,persona.high_e_low_n.v3,high_e_low_n,v3,high,low,positive,-9,19,0.08681033551692963,-0.03076833486557007
1,formal-v2-persona-calibration-v3-baseline,calibration.suffix.1,7003d3e5d5fc9a40d2f07d796142e01ef0cf8540dabcc125bcde99dc01d41f42,persona.high_e_low_n.v3,high_e_low_n,v3,high,low,negative,-5,23,0.08794514834880829,0.0400676466524601
1,formal-v2-persona-calibration-v3-baseline,calibration.suffix.1,7003d3e5d5fc9a40d2f07d796142e01ef0cf8540dabcc125bcde99dc01d41f42,persona.high_e_low_n.v3,high_e_low_n,v3,high,low,negative,-6,22,0.12190885096788406,0.0400676466524601
1,formal-v2-persona-calibration-v3-baseline,calibration.suffix.1,7003d3e5d5fc9a40d2f07d796142e01ef0cf8540dabcc125bcde99dc01d41f42,persona.high_e_low_n.v3,high_e_low_n,v3,high,low,negative,-7,21,0.0400676466524601,0.0400676466524601
1,formal-v2-persona-calibration-v3-baseline,calibration.suffix.1,7003d3e5d5fc9a40d2f07d796142e01ef0cf8540dabcc125bcde99dc01d41f42,persona.high_e_low_n.v3,high_e_low_n,v3,high,low,negative,-8,20,-0.1175542101264,0.0400676466524601
1,formal-v2-persona-calibration-v3-baseline,calibration.suffix.1,7003d3e5d5fc9a40d2f07d796142e01ef0cf8540dabcc125bcde99dc01d41f42,persona.high_e_low_n.v3,high_e_low_n,v3,high,low,negative,-9,19,-0.214125394821167,0.0400676466524601
1,formal-v2-persona-calibration-v3-baseline,calibration.suffix.1,7003d3e5d5fc9a40d2f07d796142e01ef0cf8540dabcc125bcde99dc01d41f42,persona.high_e_low_n.v3,high_e_low_n,v3,high,low,frustration,-5,23,-0.09224937111139297,-0.010932346805930138
1,formal-v2-persona-calibration-v3-baseline,calibration.suffix.1,7003d3e5d5fc9a40d2f07d796142e01ef0cf8540dabcc125bcde99dc01d41f42,persona.high_e_low_n.v3,high_e_low_n,v3,high,low,frustration,-6,22,-0.01971779577434063,-0.010932346805930138
1,formal-v2-persona-calibration-v3-baseline,calibration.suffix.1,7003d3e5d5fc9a40d2f07d796142e01ef0cf8540dabcc125bcde99dc01d41f42,persona.high_e_low_n.v3,high_e_low_n,v3,high,low,frustration,-7,21,-0.010932346805930138,-0.010932346805930138
1,formal-v2-persona-calibration-v3-baseline,calibration.suffix.1,7003d3e5d5fc9a40d2f07d796142e01ef0cf8540dabcc125bcde99dc01d41f42,persona.high_e_low_n.v3,high_e_low_n,v3,high,low,frustration,-8,20,0.11029738932847977,-0.010932346805930138
1,formal-v2-persona-calibration-v3-baseline,calibration.suffix.1,7003d3e5d5fc9a40d2f07d796142e01ef0cf8540dabcc125bcde99dc01d41f42,persona.high_e_low_n.v3,high_e_low_n,v3,high,low,frustration,-9,19,0.039307303726673126,-0.010932346805930138
1,formal-v2-persona-calibration-v3-baseline,calibration.suffix.1,7003d3e5d5fc9a40d2f07d796142e01ef0cf8540dabcc125bcde99dc01d41f42,persona.low_e_high_n,low_e_high_n,v1,low,high,positive,-5,23,-0.16766975820064545,-0.025610852986574173
1,formal-v2-persona-calibration-v3-baseline,calibration.suffix.1,7003d3e5d5fc9a40d2f07d796142e01ef0cf8540dabcc125bcde99dc01d41f42,persona.low_e_high_n,low_e_high_n,v1,low,high,positive,-6,22,-0.15067404508590698,-0.025610852986574173
1,formal-v2-persona-calibration-v3-baseline,calibration.suffix.1,7003d3e5d5fc9a40d2f07d796142e01ef0cf8540dabcc125bcde99dc01d41f42,persona.low_e_high_n,low_e_high_n,v1,low,high,positive,-7,21,0.00036489806370809674,-0.025610852986574173
1,formal-v2-persona-calibration-v3-baseline,calibration.suffix.1,7003d3e5d5fc9a40d2f07d796142e01ef0cf8540dabcc125bcde99dc01d41f42,persona.low_e_high_n,low_e_high_n,v1,low,high,positive,-8,20,-0.025610852986574173,-0.025610852986574173
1,formal-v2-persona-calibration-v3-baseline,calibration.suffix.1,7003d3e5d5fc9a40d2f07d796142e01ef0cf8540dabcc125bcde99dc01d41f42,persona.low_e_high_n,low_e_high_n,v1,low,high,positive,-9,19,0.09321869909763336,-0.025610852986574173
1,formal-v2-persona-calibration-v3-baseline,calibration.suffix.1,7003d3e5d5fc9a40d2f07d796142e01ef0cf8540dabcc125bcde99dc01d41f42,persona.low_e_high_n,low_e_high_n,v1,low,high,negative,-5,23,0.08924803882837296,0.04656889662146568
1,formal-v2-persona-calibration-v3-baseline,calibration.suffix.1,7003d3e5d5fc9a40d2f07d796142e01ef0cf8540dabcc125bcde99dc01d41f42,persona.low_e_high_n,low_e_high_n,v1,low,high,negative,-6,22,0.12724900245666504,0.04656889662146568
1,formal-v2-persona-calibration-v3-baseline,calibration.suffix.1,7003d3e5d5fc9a40d2f07d796142e01ef0cf8540dabcc125bcde99dc01d41f42,persona.low_e_high_n,low_e_high_n,v1,low,high,negative,-7,21,0.04656889662146568,0.04656889662146568
1,formal-v2-persona-calibration-v3-baseline,calibration.suffix.1,7003d3e5d5fc9a40d2f07d796142e01ef0cf8540dabcc125bcde99dc01d41f42,persona.low_e_high_n,low_e_high_n,v1,low,high,negative,-8,20,-0.11482131481170654,0.04656889662146568
1,formal-v2-persona-calibration-v3-baseline,calibration.suffix.1,7003d3e5d5fc9a40d2f07d796142e01ef0cf8540dabcc125bcde99dc01d41f42,persona.low_e_high_n,low_e_high_n,v1,low,high,negative,-9,19,-0.2144564986228943,0.04656889662146568
1,formal-v2-persona-calibration-v3-baseline,calibration.suffix.1,7003d3e5d5fc9a40d2f07d796142e01ef0cf8540dabcc125bcde99dc01d41f42,persona.low_e_high_n,low_e_high_n,v1,low,high,frustration,-5,23,-0.10361948609352112,-0.022239968180656433
1,formal-v2-persona-calibration-v3-baseline,calibration.suffix.1,7003d3e5d5fc9a40d2f07d796142e01ef0cf8540dabcc125bcde99dc01d41f42,persona.low_e_high_n,low_e_high_n,v1,low,high,frustration,-6,22,-0.028917387127876282,-0.022239968180656433
1,formal-v2-persona-calibration-v3-baseline,calibration.suffix.1,7003d3e5d5fc9a40d2f07d796142e01ef0cf8540dabcc125bcde99dc01d41f42,persona.low_e_high_n,low_e_high_n,v1,low,high,frustration,-7,21,-0.022239968180656433,-0.022239968180656433
1,formal-v2-persona-calibration-v3-baseline,calibration.suffix.1,7003d3e5d5fc9a40d2f07d796142e01ef0cf8540dabcc125bcde99dc01d41f42,persona.low_e_high_n,low_e_high_n,v1,low,high,frustration,-8,20,0.10130193084478378,-0.022239968180656433
1,formal-v2-persona-calibration-v3-baseline,calibration.suffix.1,7003d3e5d5fc9a40d2f07d796142e01ef0cf8540dabcc125bcde99dc01d41f42,persona.low_e_high_n,low_e_high_n,v1,low,high,frustration,-9,19,0.02714204043149948,-0.022239968180656433
1,formal-v2-persona-calibration-v3-baseline,calibration.suffix.1,7003d3e5d5fc9a40d2f07d796142e01ef0cf8540dabcc125bcde99dc01d41f42,persona.low_e_high_n.v2,low_e_high_n,v2,low,high,positive,-5,23,-0.15710653364658356,-0.03276598080992699
1,formal-v2-persona-calibration-v3-baseline,calibration.suffix.1,7003d3e5d5fc9a40d2f07d796142e01ef0cf8540dabcc125bcde99dc01d41f42,persona.low_e_high_n.v2,low_e_high_n,v2,low,high,positive,-6,22,-0.138628289103508,-0.03276598080992699
1,formal-v2-persona-calibration-v3-baseline,calibration.suffix.1,7003d3e5d5fc9a40d2f07d796142e01ef0cf8540dabcc125bcde99dc01d41f42,persona.low_e_high_n.v2,low_e_high_n,v2,low,high,positive,-7,21,-0.019940143451094627,-0.03276598080992699
1,formal-v2-persona-calibration-v3-baseline,calibration.suffix.1,7003d3e5d5fc9a40d2f07d796142e01ef0cf8540dabcc125bcde99dc01d41f42,persona.low_e_high_n.v2,low_e_high_n,v2,low,high,positive,-8,20,-0.03276598080992699,-0.03276598080992699
1,formal-v2-persona-calibration-v3-baseline,calibration.suffix.1,7003d3e5d5fc9a40d2f07d796142e01ef0cf8540dabcc125bcde99dc01d41f42,persona.low_e_high_n.v2,low_e_high_n,v2,low,high,positive,-9,19,0.08345292508602142,-0.03276598080992699
1,formal-v2-persona-calibration-v3-baseline,calibration.suffix.1,7003d3e5d5fc9a40d2f07d796142e01ef0cf8540dabcc125bcde99dc01d41f42,persona.low_e_high_n.v2,low_e_high_n,v2,low,high,negative,-5,23,0.08358313888311386,0.03887493163347244
1,formal-v2-persona-calibration-v3-baseline,calibration.suffix.1,7003d3e5d5fc9a40d2f07d796142e01ef0cf8540dabcc125bcde99dc01d41f42,persona.low_e_high_n.v2,low_e_high_n,v2,low,high,negative,-6,22,0.11906679719686508,0.03887493163347244
1,formal-v2-persona-calibration-v3-baseline,calibration.suffix.1,7003d3e5d5fc9a40d2f07d796142e01ef0cf8540dabcc125bcde99dc01d41f42,persona.low_e_high_n.v2,low_e_high_n,v2,low,high,negative,-7,21,0.03887493163347244,0.03887493163347244
1,formal-v2-persona-calibration-v3-baseline,calibration.suffix.1,7003d3e5d5fc9a40d2f07d796142e01ef0cf8540dabcc125bcde99dc01d41f42,persona.low_e_high_n.v2,low_e_high_n,v2,low,high,negative,-8,20,-0.10461864620447159,0.03887493163347244
1,formal-v2-persona-calibration-v3-baseline,calibration.suffix.1,7003d3e5d5fc9a40d2f07d796142e01ef0cf8540dabcc125bcde99dc01d41f42,persona.low_e_high_n.v2,low_e_high_n,v2,low,high,negative,-9,19,-0.2122294306755066,0.03887493163347244
1,formal-v2-persona-calibration-v3-baseline,calibration.suffix.1,7003d3e5d5fc9a40d2f07d796142e01ef0cf8540dabcc125bcde99dc01d41f42,persona.low_e_high_n.v2,low_e_high_n,v2,low,high,frustration,-5,23,-0.10472575575113297,-0.024471690878272057
1,formal-v2-persona-calibration-v3-baseline,calibration.suffix.1,7003d3e5d5fc9a40d2f07d796142e01ef0cf8540dabcc125bcde99dc01d41f42,persona.low_e_high_n.v2,low_e_high_n,v2,low,high,frustration,-6,22,-0.03137647360563278,-0.024471690878272057
1,formal-v2-persona-calibration-v3-baseline,calibration.suffix.1,7003d3e5d5fc9a40d2f07d796142e01ef0cf8540dabcc125bcde99dc01d41f42,persona.low_e_high_n.v2,low_e_high_n,v2,low,high,frustration,-7,21,-0.024471690878272057,-0.024471690878272057
1,formal-v2-persona-calibration-v3-baseline,calibration.suffix.1,7003d3e5d5fc9a40d2f07d796142e01ef0cf8540dabcc125bcde99dc01d41f42,persona.low_e_high_n.v2,low_e_high_n,v2,low,high,frustration,-8,20,0.10194656252861023,-0.024471690878272057
1,formal-v2-persona-calibration-v3-baseline,calibration.suffix.1,7003d3e5d5fc9a40d2f07d796142e01ef0cf8540dabcc125bcde99dc01d41f42,persona.low_e_high_n.v2,low_e_high_n,v2,low,high,frustration,-9,19,0.02975209802389145,-0.024471690878272057
1,formal-v2-persona-calibration-v3-baseline,calibration.suffix.1,7003d3e5d5fc9a40d2f07d796142e01ef0cf8540dabcc125bcde99dc01d41f42,persona.low_e_high_n.v3,low_e_high_n,v3,low,high,positive,-5,23,-0.1791282743215561,-0.029852788895368576
1,formal-v2-persona-calibration-v3-baseline,calibration.suffix.1,7003d3e5d5fc9a40d2f07d796142e01ef0cf8540dabcc125bcde99dc01d41f42,persona.low_e_high_n.v3,low_e_high_n,v3,low,high,positive,-6,22,-0.1664402186870575,-0.029852788895368576
1,formal-v2-persona-calibration-v3-baseline,calibration.suffix.1,7003d3e5d5fc9a40d2f07d796142e01ef0cf8540dabcc125bcde99dc01d41f42,persona.low_e_high_n.v3,low_e_high_n,v3,low,high,positive,-7,21,-0.00034528557443991303,-0.029852788895368576
1,formal-v2-persona-calibration-v3-baseline,calibration.suffix.1,7003d3e5d5fc9a40d2f07d796142e01ef0cf8540dabcc125bcde99dc01d41f42,persona.low_e_high_n.v3,low_e_high_n,v3,low,high,positive,-8,20,-0.029852788895368576,-0.029852788895368576
1,formal-v2-persona-calibration-v3-baseline,calibration.suffix.1,7003d3e5d5fc9a40d2f07d796142e01ef0cf8540dabcc125bcde99dc01d41f42,persona.low_e_high_n.v3,low_e_high_n,v3,low,high,positive,-9,19,0.08352979272603989,-0.029852788895368576
1,formal-v2-persona-calibration-v3-baseline,calibration.suffix.1,7003d3e5d5fc9a40d2f07d796142e01ef0cf8540dabcc125bcde99dc01d41f42,persona.low_e_high_n.v3,low_e_high_n,v3,low,high,negative,-5,23,0.10011953115463257,0.04621119052171707
1,formal-v2-persona-calibration-v3-baseline,calibration.suffix.1,7003d3e5d5fc9a40d2f07d796142e01ef0cf8540dabcc125bcde99dc01d41f42,persona.low_e_high_n.v3,low_e_high_n,v3,low,high,negative,-6,22,0.13891221582889557,0.04621119052171707
1,formal-v2-persona-calibration-v3-baseline,calibration.suffix.1,7003d3e5d5fc9a40d2f07d796142e01ef0cf8540dabcc125bcde99dc01d41f42,persona.low_e_high_n.v3,low_e_high_n,v3,low,high,negative,-7,21,0.04621119052171707,0.04621119052171707
1,formal-v2-persona-calibration-v3-baseline,calibration.suffix.1,7003d3e5d5fc9a40d2f07d796142e01ef0cf8540dabcc125bcde99dc01d41f42,persona.low_e_high_n.v3,low_e_high_n,v3,low,high,negative,-8,20,-0.12301066517829895,0.04621119052171707
1,formal-v2-persona-calibration-v3-baseline,calibration.suffix.1,7003d3e5d5fc9a40d2f07d796142e01ef0cf8540dabcc125bcde99dc01d41f42,persona.low_e_high_n.v3,low_e_high_n,v3,low,high,negative,-9,19,-0.22177527844905853,0.04621119052171707
1,formal-v2-persona-calibration-v3-baseline,calibration.suffix.1,7003d3e5d5fc9a40d2f07d796142e01ef0cf8540dabcc125bcde99dc01d41f42,persona.low_e_high_n.v3,low_e_high_n,v3,low,high,frustration,-5,23,-0.09045001864433289,-0.015674324706196785
1,formal-v2-persona-calibration-v3-baseline,calibration.suffix.1,7003d3e5d5fc9a40d2f07d796142e01ef0cf8540dabcc125bcde99dc01d41f42,persona.low_e_high_n.v3,low_e_high_n,v3,low,high,frustration,-6,22,-0.0157232154160738,-0.015674324706196785
1,formal-v2-persona-calibration-v3-baseline,calibration.suffix.1,7003d3e5d5fc9a40d2f07d796142e01ef0cf8540dabcc125bcde99dc01d41f42,persona.low_e_high_n.v3,low_e_high_n,v3,low,high,frustration,-7,21,-0.015674324706196785,-0.015674324706196785
1,formal-v2-persona-calibration-v3-baseline,calibration.suffix.1,7003d3e5d5fc9a40d2f07d796142e01ef0cf8540dabcc125bcde99dc01d41f42,persona.low_e_high_n.v3,low_e_high_n,v3,low,high,frustration,-8,20,0.10523322224617004,-0.015674324706196785
1,formal-v2-persona-calibration-v3-baseline,calibration.suffix.1,7003d3e5d5fc9a40d2f07d796142e01ef0cf8540dabcc125bcde99dc01d41f42,persona.low_e_high_n.v3,low_e_high_n,v3,low,high,frustration,-9,19,0.030068472027778625,-0.015674324706196785
1,formal-v2-persona-calibration-v3-baseline,calibration.suffix.1,7003d3e5d5fc9a40d2f07d796142e01ef0cf8540dabcc125bcde99dc01d41f42,persona.low_e_low_n,low_e_low_n,v1,low,low,positive,-5,23,-0.15451210737228394,-0.030086513608694077
1,formal-v2-persona-calibration-v3-baseline,calibration.suffix.1,7003d3e5d5fc9a40d2f07d796142e01ef0cf8540dabcc125bcde99dc01d41f42,persona.low_e_low_n,low_e_low_n,v1,low,low,positive,-6,22,-0.13409291207790375,-0.030086513608694077
1,formal-v2-persona-calibration-v3-baseline,calibration.suffix.1,7003d3e5d5fc9a40d2f07d796142e01ef0cf8540dabcc125bcde99dc01d41f42,persona.low_e_low_n,low_e_low_n,v1,low,low,positive,-7,21,-0.01421847939491272,-0.030086513608694077
1,formal-v2-persona-calibration-v3-baseline,calibration.suffix.1,7003d3e5d5fc9a40d2f07d796142e01ef0cf8540dabcc125bcde99dc01d41f42,persona.low_e_low_n,low_e_low_n,v1,low,low,positive,-8,20,-0.030086513608694077,-0.030086513608694077
1,formal-v2-persona-calibration-v3-baseline,calibration.suffix.1,7003d3e5d5fc9a40d2f07d796142e01ef0cf8540dabcc125bcde99dc01d41f42,persona.low_e_low_n,low_e_low_n,v1,low,low,positive,-9,19,0.08707791566848755,-0.030086513608694077
1,formal-v2-persona-calibration-v3-baseline,calibration.suffix.1,7003d3e5d5fc9a40d2f07d796142e01ef0cf8540dabcc125bcde99dc01d41f42,persona.low_e_low_n,low_e_low_n,v1,low,low,negative,-5,23,0.07889626175165176,0.038964834064245224
1,formal-v2-persona-calibration-v3-baseline,calibration.suffix.1,7003d3e5d5fc9a40d2f07d796142e01ef0cf8540dabcc125bcde99dc01d41f42,persona.low_e_low_n,low_e_low_n,v1,low,low,negative,-6,22,0.11412426829338074,0.038964834064245224
1,formal-v2-persona-calibration-v3-baseline,calibration.suffix.1,7003d3e5d5fc9a40d2f07d796142e01ef0cf8540dabcc125bcde99dc01d41f42,persona.low_e_low_n,low_e_low_n,v1,low,low,negative,-7,21,0.038964834064245224,0.038964834064245224
1,formal-v2-persona-calibration-v3-baseline,calibration.suffix.1,7003d3e5d5fc9a40d2f07d796142e01ef0cf8540dabcc125bcde99dc01d41f42,persona.low_e_low_n,low_e_low_n,v1,low,low,negative,-8,20,-0.11019551008939743,0.038964834064245224
1,formal-v2-persona-calibration-v3-baseline,calibration.suffix.1,7003d3e5d5fc9a40d2f07d796142e01ef0cf8540dabcc125bcde99dc01d41f42,persona.low_e_low_n,low_e_low_n,v1,low,low,negative,-9,19,-0.2131069302558899,0.038964834064245224
1,formal-v2-persona-calibration-v3-baseline,calibration.suffix.1,7003d3e5d5fc9a40d2f07d796142e01ef0cf8540dabcc125bcde99dc01d41f42,persona.low_e_low_n,low_e_low_n,v1,low,low,frustration,-5,23,-0.10323770344257355,-0.02027737721800804
1,formal-v2-persona-calibration-v3-baseline,calibration.suffix.1,7003d3e5d5fc9a40d2f07d796142e01ef0cf8540dabcc125bcde99dc01d41f42,persona.low_e_low_n,low_e_low_n,v1,low,low,frustration,-6,22,-0.029014933854341507,-0.02027737721800804
1,formal-v2-persona-calibration-v3-baseline,calibration.suffix.1,7003d3e5d5fc9a40d2f07d796142e01ef0cf8540dabcc125bcde99dc01d41f42,persona.low_e_low_n,low_e_low_n,v1,low,low,frustration,-7,21,-0.02027737721800804,-0.02027737721800804
1,formal-v2-persona-calibration-v3-baseline,calibration.suffix.1,7003d3e5d5fc9a40d2f07d796142e01ef0cf8540dabcc125bcde99dc01d41f42,persona.low_e_low_n,low_e_low_n,v1,low,low,frustration,-8,20,0.10472597181797028,-0.02027737721800804
1,formal-v2-persona-calibration-v3-baseline,calibration.suffix.1,7003d3e5d5fc9a40d2f07d796142e01ef0cf8540dabcc125bcde99dc01d41f42,persona.low_e_low_n,low_e_low_n,v1,low,low,frustration,-9,19,0.03181324899196625,-0.02027737721800804
1,formal-v2-persona-calibration-v3-baseline,calibration.suffix.1,7003d3e5d5fc9a40d2f07d796142e01ef0cf8540dabcc125bcde99dc01d41f42,persona.low_e_low_n.v2,low_e_low_n,v2,low,low,positive,-5,23,-0.15308474004268646,-0.034503910690546036
1,formal-v2-persona-calibration-v3-baseline,calibration.suffix.1,7003d3e5d5fc9a40d2f07d796142e01ef0cf8540dabcc125bcde99dc01d41f42,persona.low_e_low_n.v2,low_e_low_n,v2,low,low,positive,-6,22,-0.13390469551086426,-0.034503910690546036
1,formal-v2-persona-calibration-v3-baseline,calibration.suffix.1,7003d3e5d5fc9a40d2f07d796142e01ef0cf8540dabcc125bcde99dc01d41f42,persona.low_e_low_n.v2,low_e_low_n,v2,low,low,positive,-7,21,-0.02776276133954525,-0.034503910690546036
1,formal-v2-persona-calibration-v3-baseline,calibration.suffix.1,7003d3e5d5fc9a40d2f07d796142e01ef0cf8540dabcc125bcde99dc01d41f42,persona.low_e_low_n.v2,low_e_low_n,v2,low,low,positive,-8,20,-0.034503910690546036,-0.034503910690546036
1,formal-v2-persona-calibration-v3-baseline,calibration.suffix.1,7003d3e5d5fc9a40d2f07d796142e01ef0cf8540dabcc125bcde99dc01d41f42,persona.low_e_low_n.v2,low_e_low_n,v2,low,low,positive,-9,19,0.0804915577173233,-0.034503910690546036
1,formal-v2-persona-calibration-v3-baseline,calibration.suffix.1,7003d3e5d5fc9a40d2f07d796142e01ef0cf8540dabcc125bcde99dc01d41f42,persona.low_e_low_n.v2,low_e_low_n,v2,low,low,negative,-5,23,0.08185359090566635,0.03553956747055054
1,formal-v2-persona-calibration-v3-baseline,calibration.suffix.1,7003d3e5d5fc9a40d2f07d796142e01ef0cf8540dabcc125bcde99dc01d41f42,persona.low_e_low_n.v2,low_e_low_n,v2,low,low,negative,-6,22,0.11639253050088882,0.03553956747055054
1,formal-v2-persona-calibration-v3-baseline,calibration.suffix.1,7003d3e5d5fc9a40d2f07d796142e01ef0cf8540dabcc125bcde99dc01d41f42,persona.low_e_low_n.v2,low_e_low_n,v2,low,low,negative,-7,21,0.03553956747055054,0.03553956747055054
1,formal-v2-persona-calibration-v3-baseline,calibration.suffix.1,7003d3e5d5fc9a40d2f07d796142e01ef0cf8540dabcc125bcde99dc01d41f42,persona.low_e_low_n.v2,low_e_low_n,v2,low,low,negative,-8,20,-0.10160806030035019,0.03553956747055054
1,formal-v2-persona-calibration-v3-baseline,calibration.suffix.1,7003d3e5d5fc9a40d2f07d796142e01ef0cf8540dabcc125bcde99dc01d41f42,persona.low_e_low_n.v2,low_e_low_n,v2,low,low,negative,-9,19,-0.21059606969356537,0.03553956747055054
1,formal-v2-persona-calibration-v3-baseline,calibration.suffix.1,7003d3e5d5fc9a40d2f07d796142e01ef0cf8540dabcc125bcde99dc01d41f42,persona.low_e_low_n.v2,low_e_low_n,v2,low,low,frustration,-5,23,-0.10334749519824982,-0.024450507014989853
1,formal-v2-persona-calibration-v3-baseline,calibration.suffix.1,7003d3e5d5fc9a40d2f07d796142e01ef0cf8540dabcc125bcde99dc01d41f42,persona.low_e_low_n.v2,low_e_low_n,v2,low,low,frustration,-6,22,-0.030978191643953323,-0.024450507014989853
1,formal-v2-persona-calibration-v3-baseline,calibration.suffix.1,7003d3e5d5fc9a40d2f07d796142e01ef0cf8540dabcc125bcde99dc01d41f42,persona.low_e_low_n.v2,low_e_low_n,v2,low,low,frustration,-7,21,-0.024450507014989853,-0.024450507014989853
1,formal-v2-persona-calibration-v3-baseline,calibration.suffix.1,7003d3e5d5fc9a40d2f07d796142e01ef0cf8540dabcc125bcde99dc01d41f42,persona.low_e_low_n.v2,low_e_low_n,v2,low,low,frustration,-8,20,0.10147196799516678,-0.024450507014989853
1,formal-v2-persona-calibration-v3-baseline,calibration.suffix.1,7003d3e5d5fc9a40d2f07d796142e01ef0cf8540dabcc125bcde99dc01d41f42,persona.low_e_low_n.v2,low_e_low_n,v2,low,low,frustration,-9,19,0.030467472970485687,-0.024450507014989853
1,formal-v2-persona-calibration-v3-baseline,calibration.suffix.1,7003d3e5d5fc9a40d2f07d796142e01ef0cf8540dabcc125bcde99dc01d41f42,persona.low_e_low_n.v3,low_e_low_n,v3,low,low,positive,-5,23,-0.1711713969707489,-0.031070148572325706
1,formal-v2-persona-calibration-v3-baseline,calibration.suffix.1,7003d3e5d5fc9a40d2f07d796142e01ef0cf8540dabcc125bcde99dc01d41f42,persona.low_e_low_n.v3,low_e_low_n,v3,low,low,positive,-6,22,-0.15660910308361053,-0.031070148572325706
1,formal-v2-persona-calibration-v3-baseline,calibration.suffix.1,7003d3e5d5fc9a40d2f07d796142e01ef0cf8540dabcc125bcde99dc01d41f42,persona.low_e_low_n.v3,low_e_low_n,v3,low,low,positive,-7,21,-0.010743304155766964,-0.031070148572325706
1,formal-v2-persona-calibration-v3-baseline,calibration.suffix.1,7003d3e5d5fc9a40d2f07d796142e01ef0cf8540dabcc125bcde99dc01d41f42,persona.low_e_low_n.v3,low_e_low_n,v3,low,low,positive,-8,20,-0.031070148572325706,-0.031070148572325706
1,formal-v2-persona-calibration-v3-baseline,calibration.suffix.1,7003d3e5d5fc9a40d2f07d796142e01ef0cf8540dabcc125bcde99dc01d41f42,persona.low_e_low_n.v3,low_e_low_n,v3,low,low,positive,-9,19,0.08294995129108429,-0.031070148572325706
1,formal-v2-persona-calibration-v3-baseline,calibration.suffix.1,7003d3e5d5fc9a40d2f07d796142e01ef0cf8540dabcc125bcde99dc01d41f42,persona.low_e_low_n.v3,low_e_low_n,v3,low,low,negative,-5,23,0.09471926838159561,0.040066227316856384
1,formal-v2-persona-calibration-v3-baseline,calibration.suffix.1,7003d3e5d5fc9a40d2f07d796142e01ef0cf8540dabcc125bcde99dc01d41f42,persona.low_e_low_n.v3,low_e_low_n,v3,low,low,negative,-6,22,0.13214613497257233,0.040066227316856384
1,formal-v2-persona-calibration-v3-baseline,calibration.suffix.1,7003d3e5d5fc9a40d2f07d796142e01ef0cf8540dabcc125bcde99dc01d41f42,persona.low_e_low_n.v3,low_e_low_n,v3,low,low,negative,-7,21,0.040066227316856384,0.040066227316856384
1,formal-v2-persona-calibration-v3-baseline,calibration.suffix.1,7003d3e5d5fc9a40d2f07d796142e01ef0cf8540dabcc125bcde99dc01d41f42,persona.low_e_low_n.v3,low_e_low_n,v3,low,low,negative,-8,20,-0.11825922876596451,0.040066227316856384
1,formal-v2-persona-calibration-v3-baseline,calibration.suffix.1,7003d3e5d5fc9a40d2f07d796142e01ef0cf8540dabcc125bcde99dc01d41f42,persona.low_e_low_n.v3,low_e_low_n,v3,low,low,negative,-9,19,-0.21868692338466644,0.040066227316856384
1,formal-v2-persona-calibration-v3-baseline,calibration.suffix.1,7003d3e5d5fc9a40d2f07d796142e01ef0cf8540dabcc125bcde99dc01d41f42,persona.low_e_low_n.v3,low_e_low_n,v3,low,low,frustration,-5,23,-0.09131205081939697,-0.017960499972105026
1,formal-v2-persona-calibration-v3-baseline,calibration.suffix.1,7003d3e5d5fc9a40d2f07d796142e01ef0cf8540dabcc125bcde99dc01d41f42,persona.low_e_low_n.v3,low_e_low_n,v3,low,low,frustration,-6,22,-0.017960499972105026,-0.017960499972105026
1,formal-v2-persona-calibration-v3-baseline,calibration.suffix.1,7003d3e5d5fc9a40d2f07d796142e01ef0cf8540dabcc125bcde99dc01d41f42,persona.low_e_low_n.v3,low_e_low_n,v3,low,low,frustration,-7,21,-0.018021143972873688,-0.017960499972105026
1,formal-v2-persona-calibration-v3-baseline,calibration.suffix.1,7003d3e5d5fc9a40d2f07d796142e01ef0cf8540dabcc125bcde99dc01d41f42,persona.low_e_low_n.v3,low_e_low_n,v3,low,low,frustration,-8,20,0.1024455726146698,-0.017960499972105026
1,formal-v2-persona-calibration-v3-baseline,calibration.suffix.1,7003d3e5d5fc9a40d2f07d796142e01ef0cf8540dabcc125bcde99dc01d41f42,persona.low_e_low_n.v3,low_e_low_n,v3,low,low,frustration,-9,19,0.02933799847960472,-0.017960499972105026
1,formal-v2-persona-calibration-v3-baseline,calibration.suffix.2,c44e6cae261d79b4f5f510b12a4d5d8dbfa59cee8f5ad898d10b8909b335833d,persona.high_e_high_n,high_e_high_n,v1,high,high,positive,-5,23,-0.13520382344722748,-0.0005618444411084056
1,formal-v2-persona-calibration-v3-baseline,calibration.suffix.2,c44e6cae261d79b4f5f510b12a4d5d8dbfa59cee8f5ad898d10b8909b335833d,persona.high_e_high_n,high_e_high_n,v1,high,high,positive,-6,22,-0.10308929532766342,-0.0005618444411084056
1,formal-v2-persona-calibration-v3-baseline,calibration.suffix.2,c44e6cae261d79b4f5f510b12a4d5d8dbfa59cee8f5ad898d10b8909b335833d,persona.high_e_high_n,high_e_high_n,v1,high,high,positive,-7,21,0.0008774654706940055,-0.0005618444411084056
1,formal-v2-persona-calibration-v3-baseline,calibration.suffix.2,c44e6cae261d79b4f5f510b12a4d5d8dbfa59cee8f5ad898d10b8909b335833d,persona.high_e_high_n,high_e_high_n,v1,high,high,positive,-8,20,-0.0005618444411084056,-0.0005618444411084056
1,formal-v2-persona-calibration-v3-baseline,calibration.suffix.2,c44e6cae261d79b4f5f510b12a4d5d8dbfa59cee8f5ad898d10b8909b335833d,persona.high_e_high_n,high_e_high_n,v1,high,high,positive,-9,19,0.11260145157575607,-0.0005618444411084056
1,formal-v2-persona-calibration-v3-baseline,calibration.suffix.2,c44e6cae261d79b4f5f510b12a4d5d8dbfa59cee8f5ad898d10b8909b335833d,persona.high_e_high_n,high_e_high_n,v1,high,high,negative,-5,23,0.03302139416337013,0.006801556330174208
1,formal-v2-persona-calibration-v3-baseline,calibration.suffix.2,c44e6cae261d79b4f5f510b12a4d5d8dbfa59cee8f5ad898d10b8909b335833d,persona.high_e_high_n,high_e_high_n,v1,high,high,negative,-6,22,0.05977451056241989,0.006801556330174208
1,formal-v2-persona-calibration-v3-baseline,calibration.suffix.2,c44e6cae261d79b4f5f510b12a4d5d8dbfa59cee8f5ad898d10b8909b335833d,persona.high_e_high_n,high_e_high_n,v1,high,high,negative,-7,21,0.006801556330174208,0.006801556330174208
1,formal-v2-persona-calibration-v3-baseline,calibration.suffix.2,c44e6cae261d79b4f5f510b12a4d5d8dbfa59cee8f5ad898d10b8909b335833d,persona.high_e_high_n,high_e_high_n,v1,high,high,negative,-8,20,-0.0837491974234581,0.006801556330174208
1,formal-v2-persona-calibration-v3-baseline,calibration.suffix.2,c44e6cae261d79b4f5f510b12a4d5d8dbfa59cee8f5ad898d10b8909b335833d,persona.high_e_high_n,high_e_high_n,v1,high,high,negative,-9,19,-0.19529059529304504,0.006801556330174208
1,formal-v2-persona-calibration-v3-baseline,calibration.suffix.2,c44e6cae261d79b4f5f510b12a4d5d8dbfa59cee8f5ad898d10b8909b335833d,persona.high_e_high_n,high_e_high_n,v1,high,high,frustration,-5,23,-0.1019185483455658,-0.006688952445983887
1,formal-v2-persona-calibration-v3-baseline,calibration.suffix.2,c44e6cae261d79b4f5f510b12a4d5d8dbfa59cee8f5ad898d10b8909b335833d,persona.high_e_high_n,high_e_high_n,v1,high,high,frustration,-6,22,-0.030968040227890015,-0.006688952445983887
1,formal-v2-persona-calibration-v3-baseline,calibration.suffix.2,c44e6cae261d79b4f5f510b12a4d5d8dbfa59cee8f5ad898d10b8909b335833d,persona.high_e_high_n,high_e_high_n,v1,high,high,frustration,-7,21,-0.006688952445983887,-0.006688952445983887
1,formal-v2-persona-calibration-v3-baseline,calibration.suffix.2,c44e6cae261d79b4f5f510b12a4d5d8dbfa59cee8f5ad898d10b8909b335833d,persona.high_e_high_n,high_e_high_n,v1,high,high,frustration,-8,20,0.12581925094127655,-0.006688952445983887
1,formal-v2-persona-calibration-v3-baseline,calibration.suffix.2,c44e6cae261d79b4f5f510b12a4d5d8dbfa59cee8f5ad898d10b8909b335833d,persona.high_e_high_n,high_e_high_n,v1,high,high,frustration,-9,19,0.05931095406413078,-0.006688952445983887
1,formal-v2-persona-calibration-v3-baseline,calibration.suffix.2,c44e6cae261d79b4f5f510b12a4d5d8dbfa59cee8f5ad898d10b8909b335833d,persona.high_e_high_n.v2,high_e_high_n,v2,high,high,positive,-5,23,-0.12863025069236755,-0.00915216188877821
1,formal-v2-persona-calibration-v3-baseline,calibration.suffix.2,c44e6cae261d79b4f5f510b12a4d5d8dbfa59cee8f5ad898d10b8909b335833d,persona.high_e_high_n.v2,high_e_high_n,v2,high,high,positive,-6,22,-0.09678258001804352,-0.00915216188877821
1,formal-v2-persona-calibration-v3-baseline,calibration.suffix.2,c44e6cae261d79b4f5f510b12a4d5d8dbfa59cee8f5ad898d10b8909b335833d,persona.high_e_high_n.v2,high_e_high_n,v2,high,high,positive,-7,21,-0.00915216188877821,-0.00915216188877821
1,formal-v2-persona-calibration-v3-baseline,calibration.suffix.2,c44e6cae261d79b4f5f510b12a4d5d8dbfa59cee8f5ad898d10b8909b335833d,persona.high_e_high_n.v2,high_e_high_n,v2,high,high,positive,-8,20,-0.004564165137708187,-0.00915216188877821
1,formal-v2-persona-calibration-v3-baseline,calibration.suffix.2,c44e6cae261d79b4f5f510b12a4d5d8dbfa59cee8f5ad898d10b8909b335833d,persona.high_e_high_n.v2,high_e_high_n,v2,high,high,positive,-9,19,0.11208438873291016,-0.00915216188877821
1,formal-v2-persona-calibration-v3-baseline,calibration.suffix.2,c44e6cae261d79b4f5f510b12a4d5d8dbfa59cee8f5ad898d10b8909b335833d,persona.high_e_high_n.v2,high_e_high_n,v2,high,high,negative,-5,23,0.03030487149953842,0.005812658462673426
1,formal-v2-persona-calibration-v3-baseline,calibration.suffix.2,c44e6cae261d79b4f5f510b12a4d5d8dbfa59cee8f5ad898d10b8909b335833d,persona.high_e_high_n.v2,high_e_high_n,v2,high,high,negative,-6,22,0.055827993899583817,0.005812658462673426
1,formal-v2-persona-calibration-v3-baseline,calibration.suffix.2,c44e6cae261d79b4f5f510b12a4d5d8dbfa59cee8f5ad898d10b8909b335833d,persona.high_e_high_n.v2,high_e_high_n,v2,high,high,negative,-7,21,0.005812658462673426,0.005812658462673426
1,formal-v2-persona-calibration-v3-baseline,calibration.suffix.2,c44e6cae261d79b4f5f510b12a4d5d8dbfa59cee8f5ad898d10b8909b335833d,persona.high_e_high_n.v2,high_e_high_n,v2,high,high,negative,-8,20,-0.07579381763935089,0.005812658462673426
1,formal-v2-persona-calibration-v3-baseline,calibration.suffix.2,c44e6cae261d79b4f5f510b12a4d5d8dbfa59cee8f5ad898d10b8909b335833d,persona.high_e_high_n.v2,high_e_high_n,v2,high,high,negative,-9,19,-0.19079455733299255,0.005812658462673426
1,formal-v2-persona-calibration-v3-baseline,calibration.suffix.2,c44e6cae261d79b4f5f510b12a4d5d8dbfa59cee8f5ad898d10b8909b335833d,persona.high_e_high_n.v2,high_e_high_n,v2,high,high,frustration,-5,23,-0.10119233280420303,-0.006672603543847799
1,formal-v2-persona-calibration-v3-baseline,calibration.suffix.2,c44e6cae261d79b4f5f510b12a4d5d8dbfa59cee8f5ad898d10b8909b335833d,persona.high_e_high_n.v2,high_e_high_n,v2,high,high,frustration,-6,22,-0.030006157234311104,-0.006672603543847799
1,formal-v2-persona-calibration-v3-baseline,calibration.suffix.2,c44e6cae261d79b4f5f510b12a4d5d8dbfa59cee8f5ad898d10b8909b335833d,persona.high_e_high_n.v2,high_e_high_n,v2,high,high,frustration,-7,21,-0.006672603543847799,-0.006672603543847799
1,formal-v2-persona-calibration-v3-baseline,calibration.suffix.2,c44e6cae261d79b4f5f510b12a4d5d8dbfa59cee8f5ad898d10b8909b335833d,persona.high_e_high_n.v2,high_e_high_n,v2,high,high,frustration,-8,20,0.1288464516401291,-0.006672603543847799
1,formal-v2-persona-calibration-v3-baseline,calibration.suffix.2,c44e6cae261d79b4f5f510b12a4d5d8dbfa59cee8f5ad898d10b8909b335833d,persona.high_e_high_n.v2,high_e_high_n,v2,high,high,frustration,-9,19,0.05599050596356392,-0.006672603543847799
1,formal-v2-persona-calibration-v3-baseline,calibration.suffix.2,c44e6cae261d79b4f5f510b12a4d5d8dbfa59cee8f5ad898d10b8909b335833d,persona.high_e_high_n.v3,high_e_high_n,v3,high,high,positive,-5,23,-0.14142192900180817,0.010596536099910736
1,formal-v2-persona-calibration-v3-baseline,calibration.suffix.2,c44e6cae261d79b4f5f510b12a4d5d8dbfa59cee8f5ad898d10b8909b335833d,persona.high_e_high_n.v3,high_e_high_n,v3,high,high,positive,-6,22,-0.10939248651266098,0.010596536099910736
1,formal-v2-persona-calibration-v3-baseline,calibration.suffix.2,c44e6cae261d79b4f5f510b12a4d5d8dbfa59cee8f5ad898d10b8909b335833d,persona.high_e_high_n.v3,high_e_high_n,v3,high,high,positive,-7,21,0.014828311279416084,0.010596536099910736
1,formal-v2-persona-calibration-v3-baseline,calibration.suffix.2,c44e6cae261d79b4f5f510b12a4d5d8dbfa59cee8f5ad898d10b8909b335833d,persona.high_e_high_n.v3,high_e_high_n,v3,high,high,positive,-8,20,0.010596536099910736,0.010596536099910736
1,formal-v2-persona-calibration-v3-baseline,calibration.suffix.2,c44e6cae261d79b4f5f510b12a4d5d8dbfa59cee8f5ad898d10b8909b335833d,persona.high_e_high_n.v3,high_e_high_n,v3,high,high,positive,-9,19,0.12303297966718674,0.010596536099910736
1,formal-v2-persona-calibration-v3-baseline,calibration.suffix.2,c44e6cae261d79b4f5f510b12a4d5d8dbfa59cee8f5ad898d10b8909b335833d,persona.high_e_high_n.v3,high_e_high_n,v3,high,high,negative,-5,23,0.03172926604747772,0.0054031480103731155
1,formal-v2-persona-calibration-v3-baseline,calibration.suffix.2,c44e6cae261d79b4f5f510b12a4d5d8dbfa59cee8f5ad898d10b8909b335833d,persona.high_e_high_n.v3,high_e_high_n,v3,high,high,negative,-6,22,0.0562015175819397,0.0054031480103731155
1,formal-v2-persona-calibration-v3-baseline,calibration.suffix.2,c44e6cae261d79b4f5f510b12a4d5d8dbfa59cee8f5ad898d10b8909b335833d,persona.high_e_high_n.v3,high_e_high_n,v3,high,high,negative,-7,21,0.0054031480103731155,0.0054031480103731155
1,formal-v2-persona-calibration-v3-baseline,calibration.suffix.2,c44e6cae261d79b4f5f510b12a4d5d8dbfa59cee8f5ad898d10b8909b335833d,persona.high_e_high_n.v3,high_e_high_n,v3,high,high,negative,-8,20,-0.07808429002761841,0.0054031480103731155
1,formal-v2-persona-calibration-v3-baseline,calibration.suffix.2,c44e6cae261d79b4f5f510b12a4d5d8dbfa59cee8f5ad898d10b8909b335833d,persona.high_e_high_n.v3,high_e_high_n,v3,high,high,negative,-9,19,-0.18809303641319275,0.0054031480103731155
1,formal-v2-persona-calibration-v3-baseline,calibration.suffix.2,c44e6cae261d79b4f5f510b12a4d5d8dbfa59cee8f5ad898d10b8909b335833d,persona.high_e_high_n.v3,high_e_high_n,v3,high,high,frustration,-5,23,-0.09813447296619415,-0.0024054215755313635
1,formal-v2-persona-calibration-v3-baseline,calibration.suffix.2,c44e6cae261d79b4f5f510b12a4d5d8dbfa59cee8f5ad898d10b8909b335833d,persona.high_e_high_n.v3,high_e_high_n,v3,high,high,frustration,-6,22,-0.028596341609954834,-0.0024054215755313635
1,formal-v2-persona-calibration-v3-baseline,calibration.suffix.2,c44e6cae261d79b4f5f510b12a4d5d8dbfa59cee8f5ad898d10b8909b335833d,persona.high_e_high_n.v3,high_e_high_n,v3,high,high,frustration,-7,21,-0.0024054215755313635,-0.0024054215755313635
1,formal-v2-persona-calibration-v3-baseline,calibration.suffix.2,c44e6cae261d79b4f5f510b12a4d5d8dbfa59cee8f5ad898d10b8909b335833d,persona.high_e_high_n.v3,high_e_high_n,v3,high,high,frustration,-8,20,0.13230055570602417,-0.0024054215755313635
1,formal-v2-persona-calibration-v3-baseline,calibration.suffix.2,c44e6cae261d79b4f5f510b12a4d5d8dbfa59cee8f5ad898d10b8909b335833d,persona.high_e_high_n.v3,high_e_high_n,v3,high,high,frustration,-9,19,0.06915786862373352,-0.0024054215755313635
1,formal-v2-persona-calibration-v3-baseline,calibration.suffix.2,c44e6cae261d79b4f5f510b12a4d5d8dbfa59cee8f5ad898d10b8909b335833d,persona.high_e_low_n,high_e_low_n,v1,high,low,positive,-5,23,-0.12710365653038025,-0.005369206890463829
1,formal-v2-persona-calibration-v3-baseline,calibration.suffix.2,c44e6cae261d79b4f5f510b12a4d5d8dbfa59cee8f5ad898d10b8909b335833d,persona.high_e_low_n,high_e_low_n,v1,high,low,positive,-6,22,-0.0925145149230957,-0.005369206890463829
1,formal-v2-persona-calibration-v3-baseline,calibration.suffix.2,c44e6cae261d79b4f5f510b12a4d5d8dbfa59cee8f5ad898d10b8909b335833d,persona.high_e_low_n,high_e_low_n,v1,high,low,positive,-7,21,-0.005369206890463829,-0.005369206890463829
1,formal-v2-persona-calibration-v3-baseline,calibration.suffix.2,c44e6cae261d79b4f5f510b12a4d5d8dbfa59cee8f5ad898d10b8909b335833d,persona.high_e_low_n,high_e_low_n,v1,high,low,positive,-8,20,-0.001621796633116901,-0.005369206890463829
1,formal-v2-persona-calibration-v3-baseline,calibration.suffix.2,c44e6cae261d79b4f5f510b12a4d5d8dbfa59cee8f5ad898d10b8909b335833d,persona.high_e_low_n,high_e_low_n,v1,high,low,positive,-9,19,0.10851424932479858,-0.005369206890463829
1,formal-v2-persona-calibration-v3-baseline,calibration.suffix.2,c44e6cae261d79b4f5f510b12a4d5d8dbfa59cee8f5ad898d10b8909b335833d,persona.high_e_low_n,high_e_low_n,v1,high,low,negative,-5,23,0.026243925094604492,0.0012006886536255479
1,formal-v2-persona-calibration-v3-baseline,calibration.suffix.2,c44e6cae261d79b4f5f510b12a4d5d8dbfa59cee8f5ad898d10b8909b335833d,persona.high_e_low_n,high_e_low_n,v1,high,low,negative,-6,22,0.05052531510591507,0.0012006886536255479
1,formal-v2-persona-calibration-v3-baseline,calibration.suffix.2,c44e6cae261d79b4f5f510b12a4d5d8dbfa59cee8f5ad898d10b8909b335833d,persona.high_e_low_n,high_e_low_n,v1,high,low,negative,-7,21,0.0012006886536255479,0.0012006886536255479
1,formal-v2-persona-calibration-v3-baseline,calibration.suffix.2,c44e6cae261d79b4f5f510b12a4d5d8dbfa59cee8f5ad898d10b8909b335833d,persona.high_e_low_n,high_e_low_n,v1,high,low,negative,-8,20,-0.0786231979727745,0.0012006886536255479
1,formal-v2-persona-calibration-v3-baseline,calibration.suffix.2,c44e6cae261d79b4f5f510b12a4d5d8dbfa59cee8f5ad898d10b8909b335833d,persona.high_e_low_n,high_e_low_n,v1,high,low,negative,-9,19,-0.19174423813819885,0.0012006886536255479
1,formal-v2-persona-calibration-v3-baseline,calibration.suffix.2,c44e6cae261d79b4f5f510b12a4d5d8dbfa59cee8f5ad898d10b8909b335833d,persona.high_e_low_n,high_e_low_n,v1,high,low,frustration,-5,23,-0.10365615785121918,-0.007807204034179449
1,formal-v2-persona-calibration-v3-baseline,calibration.suffix.2,c44e6cae261d79b4f5f510b12a4d5d8dbfa59cee8f5ad898d10b8909b335833d,persona.high_e_low_n,high_e_low_n,v1,high,low,frustration,-6,22,-0.032692451030015945,-0.007807204034179449
1,formal-v2-persona-calibration-v3-baseline,calibration.suffix.2,c44e6cae261d79b4f5f510b12a4d5d8dbfa59cee8f5ad898d10b8909b335833d,persona.high_e_low_n,high_e_low_n,v1,high,low,frustration,-7,21,-0.007807204034179449,-0.007807204034179449
1,formal-v2-persona-calibration-v3-baseline,calibration.suffix.2,c44e6cae261d79b4f5f510b12a4d5d8dbfa59cee8f5ad898d10b8909b335833d,persona.high_e_low_n,high_e_low_n,v1,high,low,frustration,-8,20,0.12656870484352112,-0.007807204034179449
1,formal-v2-persona-calibration-v3-baseline,calibration.suffix.2,c44e6cae261d79b4f5f510b12a4d5d8dbfa59cee8f5ad898d10b8909b335833d,persona.high_e_low_n,high_e_low_n,v1,high,low,frustration,-9,19,0.061861466616392136,-0.007807204034179449
1,formal-v2-persona-calibration-v3-baseline,calibration.suffix.2,c44e6cae261d79b4f5f510b12a4d5d8dbfa59cee8f5ad898d10b8909b335833d,persona.high_e_low_n.v2,high_e_low_n,v2,high,low,positive,-5,23,-0.12284228950738907,-0.013677263632416725
1,formal-v2-persona-calibration-v3-baseline,calibration.suffix.2,c44e6cae261d79b4f5f510b12a4d5d8dbfa59cee8f5ad898d10b8909b335833d,persona.high_e_low_n.v2,high_e_low_n,v2,high,low,positive,-6,22,-0.0891568511724472,-0.013677263632416725
1,formal-v2-persona-calibration-v3-baseline,calibration.suffix.2,c44e6cae261d79b4f5f510b12a4d5d8dbfa59cee8f5ad898d10b8909b335833d,persona.high_e_low_n.v2,high_e_low_n,v2,high,low,positive,-7,21,-0.013677263632416725,-0.013677263632416725
1,formal-v2-persona-calibration-v3-baseline,calibration.suffix.2,c44e6cae261d79b4f5f510b12a4d5d8dbfa59cee8f5ad898d10b8909b335833d,persona.high_e_low_n.v2,high_e_low_n,v2,high,low,positive,-8,20,-0.0037643436808139086,-0.013677263632416725
1,formal-v2-persona-calibration-v3-baseline,calibration.suffix.2,c44e6cae261d79b4f5f510b12a4d5d8dbfa59cee8f5ad898d10b8909b335833d,persona.high_e_low_n.v2,high_e_low_n,v2,high,low,positive,-9,19,0.11011475324630737,-0.013677263632416725
1,formal-v2-persona-calibration-v3-baseline,calibration.suffix.2,c44e6cae261d79b4f5f510b12a4d5d8dbfa59cee8f5ad898d10b8909b335833d,persona.high_e_low_n.v2,high_e_low_n,v2,high,low,negative,-5,23,0.026057003065943718,0.0021316532511264086
1,formal-v2-persona-calibration-v3-baseline,calibration.suffix.2,c44e6cae261d79b4f5f510b12a4d5d8dbfa59cee8f5ad898d10b8909b335833d,persona.high_e_low_n.v2,high_e_low_n,v2,high,low,negative,-6,22,0.04964837431907654,0.0021316532511264086
1,formal-v2-persona-calibration-v3-baseline,calibration.suffix.2,c44e6cae261d79b4f5f510b12a4d5d8dbfa59cee8f5ad898d10b8909b335833d,persona.high_e_low_n.v2,high_e_low_n,v2,high,low,negative,-7,21,0.0021316532511264086,0.0021316532511264086
1,formal-v2-persona-calibration-v3-baseline,calibration.suffix.2,c44e6cae261d79b4f5f510b12a4d5d8dbfa59cee8f5ad898d10b8909b335833d,persona.high_e_low_n.v2,high_e_low_n,v2,high,low,negative,-8,20,-0.07150114327669144,0.0021316532511264086
1,formal-v2-persona-calibration-v3-baseline,calibration.suffix.2,c44e6cae261d79b4f5f510b12a4d5d8dbfa59cee8f5ad898d10b8909b335833d,persona.high_e_low_n.v2,high_e_low_n,v2,high,low,negative,-9,19,-0.1864604651927948,0.0021316532511264086
1,formal-v2-persona-calibration-v3-baseline,calibration.suffix.2,c44e6cae261d79b4f5f510b12a4d5d8dbfa59cee8f5ad898d10b8909b335833d,persona.high_e_low_n.v2,high_e_low_n,v2,high,low,frustration,-5,23,-0.10164136439561844,-0.007389710284769535
1,formal-v2-persona-calibration-v3-baseline,calibration.suffix.2,c44e6cae261d79b4f5f510b12a4d5d8dbfa59cee8f5ad898d10b8909b335833d,persona.high_e_low_n.v2,high_e_low_n,v2,high,low,frustration,-6,22,-0.03129978105425835,-0.007389710284769535
1,formal-v2-persona-calibration-v3-baseline,calibration.suffix.2,c44e6cae261d79b4f5f510b12a4d5d8dbfa59cee8f5ad898d10b8909b335833d,persona.high_e_low_n.v2,high_e_low_n,v2,high,low,frustration,-7,21,-0.007389710284769535,-0.007389710284769535
1,formal-v2-persona-calibration-v3-baseline,calibration.suffix.2,c44e6cae261d79b4f5f510b12a4d5d8dbfa59cee8f5ad898d10b8909b335833d,persona.high_e_low_n.v2,high_e_low_n,v2,high,low,frustration,-8,20,0.12991487979888916,-0.007389710284769535
1,formal-v2-persona-calibration-v3-baseline,calibration.suffix.2,c44e6cae261d79b4f5f510b12a4d5d8dbfa59cee8f5ad898d10b8909b335833d,persona.high_e_low_n.v2,high_e_low_n,v2,high,low,frustration,-9,19,0.058571334928274155,-0.007389710284769535
1,formal-v2-persona-calibration-v3-baseline,calibration.suffix.2,c44e6cae261d79b4f5f510b12a4d5d8dbfa59cee8f5ad898d10b8909b335833d,persona.high_e_low_n.v3,high_e_low_n,v3,high,low,positive,-5,23,-0.13432089984416962,0.013965466991066933
1,formal-v2-persona-calibration-v3-baseline,calibration.suffix.2,c44e6cae261d79b4f5f510b12a4d5d8dbfa59cee8f5ad898d10b8909b335833d,persona.high_e_low_n.v3,high_e_low_n,v3,high,low,positive,-6,22,-0.10058025270700455,0.013965466991066933
1,formal-v2-persona-calibration-v3-baseline,calibration.suffix.2,c44e6cae261d79b4f5f510b12a4d5d8dbfa59cee8f5ad898d10b8909b335833d,persona.high_e_low_n.v3,high_e_low_n,v3,high,low,positive,-7,21,0.013965466991066933,0.013965466991066933
1,formal-v2-persona-calibration-v3-baseline,calibration.suffix.2,c44e6cae261d79b4f5f510b12a4d5d8dbfa59cee8f5ad898d10b8909b335833d,persona.high_e_low_n.v3,high_e_low_n,v3,high,low,positive,-8,20,0.015548243187367916,0.013965466991066933
1,formal-v2-persona-calibration-v3-baseline,calibration.suffix.2,c44e6cae261d79b4f5f510b12a4d5d8dbfa59cee8f5ad898d10b8909b335833d,persona.high_e_low_n.v3,high_e_low_n,v3,high,low,positive,-9,19,0.12789401412010193,0.013965466991066933
1,formal-v2-persona-calibration-v3-baseline,calibration.suffix.2,c44e6cae261d79b4f5f510b12a4d5d8dbfa59cee8f5ad898d10b8909b335833d,persona.high_e_low_n.v3,high_e_low_n,v3,high,low,negative,-5,23,0.023345524445176125,-0.001530927955172956
1,formal-v2-persona-calibration-v3-baseline,calibration.suffix.2,c44e6cae261d79b4f5f510b12a4d5d8dbfa59cee8f5ad898d10b8909b335833d,persona.high_e_low_n.v3,high_e_low_n,v3,high,low,negative,-6,22,0.04555723816156387,-0.001530927955172956
1,formal-v2-persona-calibration-v3-baseline,calibration.suffix.2,c44e6cae261d79b4f5f510b12a4d5d8dbfa59cee8f5ad898d10b8909b335833d,persona.high_e_low_n.v3,high_e_low_n,v3,high,low,negative,-7,21,-0.001530927955172956,-0.001530927955172956
1,formal-v2-persona-calibration-v3-baseline,calibration.suffix.2,c44e6cae261d79b4f5f510b12a4d5d8dbfa59cee8f5ad898d10b8909b335833d,persona.high_e_low_n.v3,high_e_low_n,v3,high,low,negative,-8,20,-0.06752496212720871,-0.001530927955172956
1,formal-v2-persona-calibration-v3-baseline,calibration.suffix.2,c44e6cae261d79b4f5f510b12a4d5d8dbfa59cee8f5ad898d10b8909b335833d,persona.high_e_low_n.v3,high_e_low_n,v3,high,low,negative,-9,19,-0.1770942509174347,-0.001530927955172956
1,formal-v2-persona-calibration-v3-baseline,calibration.suffix.2,c44e6cae261d79b4f5f510b12a4d5d8dbfa59cee8f5ad898d10b8909b335833d,persona.high_e_low_n.v3,high_e_low_n,v3,high,low,frustration,-5,23,-0.10202215611934662,-0.006381880957633257
1,formal-v2-persona-calibration-v3-baseline,calibration.suffix.2,c44e6cae261d79b4f5f510b12a4d5d8dbfa59cee8f5ad898d10b8909b335833d,persona.high_e_low_n.v3,high_e_low_n,v3,high,low,frustration,-6,22,-0.03338757902383804,-0.006381880957633257
1,formal-v2-persona-calibration-v3-baseline,calibration.suffix.2,c44e6cae261d79b4f5f510b12a4d5d8dbfa59cee8f5ad898d10b8909b335833d,persona.high_e_low_n.v3,high_e_low_n,v3,high,low,frustration,-7,21,-0.006381880957633257,-0.006381880957633257
1,formal-v2-persona-calibration-v3-baseline,calibration.suffix.2,c44e6cae261d79b4f5f510b12a4d5d8dbfa59cee8f5ad898d10b8909b335833d,persona.high_e_low_n.v3,high_e_low_n,v3,high,low,frustration,-8,20,0.12942667305469513,-0.006381880957633257
1,formal-v2-persona-calibration-v3-baseline,calibration.suffix.2,c44e6cae261d79b4f5f510b12a4d5d8dbfa59cee8f5ad898d10b8909b335833d,persona.high_e_low_n.v3,high_e_low_n,v3,high,low,frustration,-9,19,0.0669969767332077,-0.006381880957633257
1,formal-v2-persona-calibration-v3-baseline,calibration.suffix.2,c44e6cae261d79b4f5f510b12a4d5d8dbfa59cee8f5ad898d10b8909b335833d,persona.low_e_high_n,low_e_high_n,v1,low,high,positive,-5,23,-0.13366150856018066,-0.0038794190622866154
1,formal-v2-persona-calibration-v3-baseline,calibration.suffix.2,c44e6cae261d79b4f5f510b12a4d5d8dbfa59cee8f5ad898d10b8909b335833d,persona.low_e_high_n,low_e_high_n,v1,low,high,positive,-6,22,-0.10117892175912857,-0.0038794190622866154
1,formal-v2-persona-calibration-v3-baseline,calibration.suffix.2,c44e6cae261d79b4f5f510b12a4d5d8dbfa59cee8f5ad898d10b8909b335833d,persona.low_e_high_n,low_e_high_n,v1,low,high,positive,-7,21,-0.0038794190622866154,-0.0038794190622866154
1,formal-v2-persona-calibration-v3-baseline,calibration.suffix.2,c44e6cae261d79b4f5f510b12a4d5d8dbfa59cee8f5ad898d10b8909b335833d,persona.low_e_high_n,low_e_high_n,v1,low,high,positive,-8,20,-0.002588288625702262,-0.0038794190622866154
1,formal-v2-persona-calibration-v3-baseline,calibration.suffix.2,c44e6cae261d79b4f5f510b12a4d5d8dbfa59cee8f5ad898d10b8909b335833d,persona.low_e_high_n,low_e_high_n,v1,low,high,positive,-9,19,0.10759735107421875,-0.0038794190622866154
1,formal-v2-persona-calibration-v3-baseline,calibration.suffix.2,c44e6cae261d79b4f5f510b12a4d5d8dbfa59cee8f5ad898d10b8909b335833d,persona.low_e_high_n,low_e_high_n,v1,low,high,negative,-5,23,0.03387375921010971,0.00639867689460516
1,formal-v2-persona-calibration-v3-baseline,calibration.suffix.2,c44e6cae261d79b4f5f510b12a4d5d8dbfa59cee8f5ad898d10b8909b335833d,persona.low_e_high_n,low_e_high_n,v1,low,high,negative,-6,22,0.060143791139125824,0.00639867689460516
1,formal-v2-persona-calibration-v3-baseline,calibration.suffix.2,c44e6cae261d79b4f5f510b12a4d5d8dbfa59cee8f5ad898d10b8909b335833d,persona.low_e_high_n,low_e_high_n,v1,low,high,negative,-7,21,0.00639867689460516,0.00639867689460516
1,formal-v2-persona-calibration-v3-baseline,calibration.suffix.2,c44e6cae261d79b4f5f510b12a4d5d8dbfa59cee8f5ad898d10b8909b335833d,persona.low_e_high_n,low_e_high_n,v1,low,high,negative,-8,20,-0.0821211189031601,0.00639867689460516
1,formal-v2-persona-calibration-v3-baseline,calibration.suffix.2,c44e6cae261d79b4f5f510b12a4d5d8dbfa59cee8f5ad898d10b8909b335833d,persona.low_e_high_n,low_e_high_n,v1,low,high,negative,-9,19,-0.19347478449344635,0.00639867689460516
1,formal-v2-persona-calibration-v3-baseline,calibration.suffix.2,c44e6cae261d79b4f5f510b12a4d5d8dbfa59cee8f5ad898d10b8909b335833d,persona.low_e_high_n,low_e_high_n,v1,low,high,frustration,-5,23,-0.10020074248313904,-0.005151828285306692
1,formal-v2-persona-calibration-v3-baseline,calibration.suffix.2,c44e6cae261d79b4f5f510b12a4d5d8dbfa59cee8f5ad898d10b8909b335833d,persona.low_e_high_n,low_e_high_n,v1,low,high,frustration,-6,22,-0.027530670166015625,-0.005151828285306692
1,formal-v2-persona-calibration-v3-baseline,calibration.suffix.2,c44e6cae261d79b4f5f510b12a4d5d8dbfa59cee8f5ad898d10b8909b335833d,persona.low_e_high_n,low_e_high_n,v1,low,high,frustration,-7,21,-0.005151828285306692,-0.005151828285306692
1,formal-v2-persona-calibration-v3-baseline,calibration.suffix.2,c44e6cae261d79b4f5f510b12a4d5d8dbfa59cee8f5ad898d10b8909b335833d,persona.low_e_high_n,low_e_high_n,v1,low,high,frustration,-8,20,0.12750867009162903,-0.005151828285306692
1,formal-v2-persona-calibration-v3-baseline,calibration.suffix.2,c44e6cae261d79b4f5f510b12a4d5d8dbfa59cee8f5ad898d10b8909b335833d,persona.low_e_high_n,low_e_high_n,v1,low,high,frustration,-9,19,0.06006217747926712,-0.005151828285306692
1,formal-v2-persona-calibration-v3-baseline,calibration.suffix.2,c44e6cae261d79b4f5f510b12a4d5d8dbfa59cee8f5ad898d10b8909b335833d,persona.low_e_high_n.v2,low_e_high_n,v2,low,high,positive,-5,23,-0.1316039115190506,-0.00980246253311634
1,formal-v2-persona-calibration-v3-baseline,calibration.suffix.2,c44e6cae261d79b4f5f510b12a4d5d8dbfa59cee8f5ad898d10b8909b335833d,persona.low_e_high_n.v2,low_e_high_n,v2,low,high,positive,-6,22,-0.1003742441534996,-0.00980246253311634
1,formal-v2-persona-calibration-v3-baseline,calibration.suffix.2,c44e6cae261d79b4f5f510b12a4d5d8dbfa59cee8f5ad898d10b8909b335833d,persona.low_e_high_n.v2,low_e_high_n,v2,low,high,positive,-7,21,-0.00980246253311634,-0.00980246253311634
1,formal-v2-persona-calibration-v3-baseline,calibration.suffix.2,c44e6cae261d79b4f5f510b12a4d5d8dbfa59cee8f5ad898d10b8909b335833d,persona.low_e_high_n.v2,low_e_high_n,v2,low,high,positive,-8,20,-0.00633441936224699,-0.00980246253311634
1,formal-v2-persona-calibration-v3-baseline,calibration.suffix.2,c44e6cae261d79b4f5f510b12a4d5d8dbfa59cee8f5ad898d10b8909b335833d,persona.low_e_high_n.v2,low_e_high_n,v2,low,high,positive,-9,19,0.10756989568471909,-0.00980246253311634
1,formal-v2-persona-calibration-v3-baseline,calibration.suffix.2,c44e6cae261d79b4f5f510b12a4d5d8dbfa59cee8f5ad898d10b8909b335833d,persona.low_e_high_n.v2,low_e_high_n,v2,low,high,negative,-5,23,0.03398364409804344,0.00766714895144105
1,formal-v2-persona-calibration-v3-baseline,calibration.suffix.2,c44e6cae261d79b4f5f510b12a4d5d8dbfa59cee8f5ad898d10b8909b335833d,persona.low_e_high_n.v2,low_e_high_n,v2,low,high,negative,-6,22,0.06014620140194893,0.00766714895144105
1,formal-v2-persona-calibration-v3-baseline,calibration.suffix.2,c44e6cae261d79b4f5f510b12a4d5d8dbfa59cee8f5ad898d10b8909b335833d,persona.low_e_high_n.v2,low_e_high_n,v2,low,high,negative,-7,21,0.00766714895144105,0.00766714895144105
1,formal-v2-persona-calibration-v3-baseline,calibration.suffix.2,c44e6cae261d79b4f5f510b12a4d5d8dbfa59cee8f5ad898d10b8909b335833d,persona.low_e_high_n.v2,low_e_high_n,v2,low,high,negative,-8,20,-0.07665779441595078,0.00766714895144105
1,formal-v2-persona-calibration-v3-baseline,calibration.suffix.2,c44e6cae261d79b4f5f510b12a4d5d8dbfa59cee8f5ad898d10b8909b335833d,persona.low_e_high_n.v2,low_e_high_n,v2,low,high,negative,-9,19,-0.19034938514232635,0.00766714895144105
1,formal-v2-persona-calibration-v3-baseline,calibration.suffix.2,c44e6cae261d79b4f5f510b12a4d5d8dbfa59cee8f5ad898d10b8909b335833d,persona.low_e_high_n.v2,low_e_high_n,v2,low,high,frustration,-5,23,-0.09980866312980652,-0.006136106327176094
1,formal-v2-persona-calibration-v3-baseline,calibration.suffix.2,c44e6cae261d79b4f5f510b12a4d5d8dbfa59cee8f5ad898d10b8909b335833d,persona.low_e_high_n.v2,low_e_high_n,v2,low,high,frustration,-6,22,-0.027646508067846298,-0.006136106327176094
1,formal-v2-persona-calibration-v3-baseline,calibration.suffix.2,c44e6cae261d79b4f5f510b12a4d5d8dbfa59cee8f5ad898d10b8909b335833d,persona.low_e_high_n.v2,low_e_high_n,v2,low,high,frustration,-7,21,-0.006136106327176094,-0.006136106327176094
1,formal-v2-persona-calibration-v3-baseline,calibration.suffix.2,c44e6cae261d79b4f5f510b12a4d5d8dbfa59cee8f5ad898d10b8909b335833d,persona.low_e_high_n.v2,low_e_high_n,v2,low,high,frustration,-8,20,0.129136860370636,-0.006136106327176094
1,formal-v2-persona-calibration-v3-baseline,calibration.suffix.2,c44e6cae261d79b4f5f510b12a4d5d8dbfa59cee8f5ad898d10b8909b335833d,persona.low_e_high_n.v2,low_e_high_n,v2,low,high,frustration,-9,19,0.05806705728173256,-0.006136106327176094
1,formal-v2-persona-calibration-v3-baseline,calibration.suffix.2,c44e6cae261d79b4f5f510b12a4d5d8dbfa59cee8f5ad898d10b8909b335833d,persona.low_e_high_n.v3,low_e_high_n,v3,low,high,positive,-5,23,-0.14572970569133759,0.0038252167869359255
1,formal-v2-persona-calibration-v3-baseline,calibration.suffix.2,c44e6cae261d79b4f5f510b12a4d5d8dbfa59cee8f5ad898d10b8909b335833d,persona.low_e_high_n.v3,low_e_high_n,v3,low,high,positive,-6,22,-0.11603755503892899,0.0038252167869359255
1,formal-v2-persona-calibration-v3-baseline,calibration.suffix.2,c44e6cae261d79b4f5f510b12a4d5d8dbfa59cee8f5ad898d10b8909b335833d,persona.low_e_high_n.v3,low_e_high_n,v3,low,high,positive,-7,21,0.00971220526844263,0.0038252167869359255
1,formal-v2-persona-calibration-v3-baseline,calibration.suffix.2,c44e6cae261d79b4f5f510b12a4d5d8dbfa59cee8f5ad898d10b8909b335833d,persona.low_e_high_n.v3,low_e_high_n,v3,low,high,positive,-8,20,0.0038252167869359255,0.0038252167869359255
1,formal-v2-persona-calibration-v3-baseline,calibration.suffix.2,c44e6cae261d79b4f5f510b12a4d5d8dbfa59cee8f5ad898d10b8909b335833d,persona.low_e_high_n.v3,low_e_high_n,v3,low,high,positive,-9,19,0.11481653898954391,0.0038252167869359255
1,formal-v2-persona-calibration-v3-baseline,calibration.suffix.2,c44e6cae261d79b4f5f510b12a4d5d8dbfa59cee8f5ad898d10b8909b335833d,persona.low_e_high_n.v3,low_e_high_n,v3,low,high,negative,-5,23,0.03976977616548538,0.009038485586643219
1,formal-v2-persona-calibration-v3-baseline,calibration.suffix.2,c44e6cae261d79b4f5f510b12a4d5d8dbfa59cee8f5ad898d10b8909b335833d,persona.low_e_high_n.v3,low_e_high_n,v3,low,high,negative,-6,22,0.0665343701839447,0.009038485586643219
1,formal-v2-persona-calibration-v3-baseline,calibration.suffix.2,c44e6cae261d79b4f5f510b12a4d5d8dbfa59cee8f5ad898d10b8909b335833d,persona.low_e_high_n.v3,low_e_high_n,v3,low,high,negative,-7,21,0.009038485586643219,0.009038485586643219
1,formal-v2-persona-calibration-v3-baseline,calibration.suffix.2,c44e6cae261d79b4f5f510b12a4d5d8dbfa59cee8f5ad898d10b8909b335833d,persona.low_e_high_n.v3,low_e_high_n,v3,low,high,negative,-8,20,-0.08029795438051224,0.009038485586643219
1,formal-v2-persona-calibration-v3-baseline,calibration.suffix.2,c44e6cae261d79b4f5f510b12a4d5d8dbfa59cee8f5ad898d10b8909b335833d,persona.low_e_high_n.v3,low_e_high_n,v3,low,high,negative,-9,19,-0.1916707158088684,0.009038485586643219
1,formal-v2-persona-calibration-v3-baseline,calibration.suffix.2,c44e6cae261d79b4f5f510b12a4d5d8dbfa59cee8f5ad898d10b8909b335833d,persona.low_e_high_n.v3,low_e_high_n,v3,low,high,frustration,-5,23,-0.09454187750816345,-0.0024905491154640913
1,formal-v2-persona-calibration-v3-baseline,calibration.suffix.2,c44e6cae261d79b4f5f510b12a4d5d8dbfa59cee8f5ad898d10b8909b335833d,persona.low_e_high_n.v3,low_e_high_n,v3,low,high,frustration,-6,22,-0.022281108424067497,-0.0024905491154640913
1,formal-v2-persona-calibration-v3-baseline,calibration.suffix.2,c44e6cae261d79b4f5f510b12a4d5d8dbfa59cee8f5ad898d10b8909b335833d,persona.low_e_high_n.v3,low_e_high_n,v3,low,high,frustration,-7,21,-0.0024905491154640913,-0.0024905491154640913
1,formal-v2-persona-calibration-v3-baseline,calibration.suffix.2,c44e6cae261d79b4f5f510b12a4d5d8dbfa59cee8f5ad898d10b8909b335833d,persona.low_e_high_n.v3,low_e_high_n,v3,low,high,frustration,-8,20,0.13247151672840118,-0.0024905491154640913
1,formal-v2-persona-calibration-v3-baseline,calibration.suffix.2,c44e6cae261d79b4f5f510b12a4d5d8dbfa59cee8f5ad898d10b8909b335833d,persona.low_e_high_n.v3,low_e_high_n,v3,low,high,frustration,-9,19,0.06705546379089355,-0.0024905491154640913
1,formal-v2-persona-calibration-v3-baseline,calibration.suffix.2,c44e6cae261d79b4f5f510b12a4d5d8dbfa59cee8f5ad898d10b8909b335833d,persona.low_e_low_n,low_e_low_n,v1,low,low,positive,-5,23,-0.12326249480247498,-0.013647628016769886
1,formal-v2-persona-calibration-v3-baseline,calibration.suffix.2,c44e6cae261d79b4f5f510b12a4d5d8dbfa59cee8f5ad898d10b8909b335833d,persona.low_e_low_n,low_e_low_n,v1,low,low,positive,-6,22,-0.08756096661090851,-0.013647628016769886
1,formal-v2-persona-calibration-v3-baseline,calibration.suffix.2,c44e6cae261d79b4f5f510b12a4d5d8dbfa59cee8f5ad898d10b8909b335833d,persona.low_e_low_n,low_e_low_n,v1,low,low,positive,-7,21,-0.013647628016769886,-0.013647628016769886
1,formal-v2-persona-calibration-v3-baseline,calibration.suffix.2,c44e6cae261d79b4f5f510b12a4d5d8dbfa59cee8f5ad898d10b8909b335833d,persona.low_e_low_n,low_e_low_n,v1,low,low,positive,-8,20,-0.0054546138271689415,-0.013647628016769886
1,formal-v2-persona-calibration-v3-baseline,calibration.suffix.2,c44e6cae261d79b4f5f510b12a4d5d8dbfa59cee8f5ad898d10b8909b335833d,persona.low_e_low_n,low_e_low_n,v1,low,low,positive,-9,19,0.1028144359588623,-0.013647628016769886
1,formal-v2-persona-calibration-v3-baseline,calibration.suffix.2,c44e6cae261d79b4f5f510b12a4d5d8dbfa59cee8f5ad898d10b8909b335833d,persona.low_e_low_n,low_e_low_n,v1,low,low,negative,-5,23,0.025678571313619614,-0.00029347906820476055
1,formal-v2-persona-calibration-v3-baseline,calibration.suffix.2,c44e6cae261d79b4f5f510b12a4d5d8dbfa59cee8f5ad898d10b8909b335833d,persona.low_e_low_n,low_e_low_n,v1,low,low,negative,-6,22,0.04856900870800018,-0.00029347906820476055
1,formal-v2-persona-calibration-v3-baseline,calibration.suffix.2,c44e6cae261d79b4f5f510b12a4d5d8dbfa59cee8f5ad898d10b8909b335833d,persona.low_e_low_n,low_e_low_n,v1,low,low,negative,-7,21,-0.00029347906820476055,-0.00029347906820476055
1,formal-v2-persona-calibration-v3-baseline,calibration.suffix.2,c44e6cae261d79b4f5f510b12a4d5d8dbfa59cee8f5ad898d10b8909b335833d,persona.low_e_low_n,low_e_low_n,v1,low,low,negative,-8,20,-0.07674001902341843,-0.00029347906820476055
1,formal-v2-persona-calibration-v3-baseline,calibration.suffix.2,c44e6cae261d79b4f5f510b12a4d5d8dbfa59cee8f5ad898d10b8909b335833d,persona.low_e_low_n,low_e_low_n,v1,low,low,negative,-9,19,-0.19192898273468018,-0.00029347906820476055
1,formal-v2-persona-calibration-v3-baseline,calibration.suffix.2,c44e6cae261d79b4f5f510b12a4d5d8dbfa59cee8f5ad898d10b8909b335833d,persona.low_e_low_n,low_e_low_n,v1,low,low,frustration,-5,23,-0.1026042029261589,-0.006103652063757181
1,formal-v2-persona-calibration-v3-baseline,calibration.suffix.2,c44e6cae261d79b4f5f510b12a4d5d8dbfa59cee8f5ad898d10b8909b335833d,persona.low_e_low_n,low_e_low_n,v1,low,low,frustration,-6,22,-0.030480211600661278,-0.006103652063757181
1,formal-v2-persona-calibration-v3-baseline,calibration.suffix.2,c44e6cae261d79b4f5f510b12a4d5d8dbfa59cee8f5ad898d10b8909b335833d,persona.low_e_low_n,low_e_low_n,v1,low,low,frustration,-7,21,-0.006103652063757181,-0.006103652063757181
1,formal-v2-persona-calibration-v3-baseline,calibration.suffix.2,c44e6cae261d79b4f5f510b12a4d5d8dbfa59cee8f5ad898d10b8909b335833d,persona.low_e_low_n,low_e_low_n,v1,low,low,frustration,-8,20,0.1287190020084381,-0.006103652063757181
1,formal-v2-persona-calibration-v3-baseline,calibration.suffix.2,c44e6cae261d79b4f5f510b12a4d5d8dbfa59cee8f5ad898d10b8909b335833d,persona.low_e_low_n,low_e_low_n,v1,low,low,frustration,-9,19,0.062131479382514954,-0.006103652063757181
1,formal-v2-persona-calibration-v3-baseline,calibration.suffix.2,c44e6cae261d79b4f5f510b12a4d5d8dbfa59cee8f5ad898d10b8909b335833d,persona.low_e_low_n.v2,low_e_low_n,v2,low,low,positive,-5,23,-0.12671300768852234,-0.01505979709327221
1,formal-v2-persona-calibration-v3-baseline,calibration.suffix.2,c44e6cae261d79b4f5f510b12a4d5d8dbfa59cee8f5ad898d10b8909b335833d,persona.low_e_low_n.v2,low_e_low_n,v2,low,low,positive,-6,22,-0.09435772895812988,-0.01505979709327221
1,formal-v2-persona-calibration-v3-baseline,calibration.suffix.2,c44e6cae261d79b4f5f510b12a4d5d8dbfa59cee8f5ad898d10b8909b335833d,persona.low_e_low_n.v2,low_e_low_n,v2,low,low,positive,-7,21,-0.01505979709327221,-0.01505979709327221
1,formal-v2-persona-calibration-v3-baseline,calibration.suffix.2,c44e6cae261d79b4f5f510b12a4d5d8dbfa59cee8f5ad898d10b8909b335833d,persona.low_e_low_n.v2,low_e_low_n,v2,low,low,positive,-8,20,-0.007065300364047289,-0.01505979709327221
1,formal-v2-persona-calibration-v3-baseline,calibration.suffix.2,c44e6cae261d79b4f5f510b12a4d5d8dbfa59cee8f5ad898d10b8909b335833d,persona.low_e_low_n.v2,low_e_low_n,v2,low,low,positive,-9,19,0.10534712672233582,-0.01505979709327221
1,formal-v2-persona-calibration-v3-baseline,calibration.suffix.2,c44e6cae261d79b4f5f510b12a4d5d8dbfa59cee8f5ad898d10b8909b335833d,persona.low_e_low_n.v2,low_e_low_n,v2,low,low,negative,-5,23,0.030907217413187027,0.004882685840129852
1,formal-v2-persona-calibration-v3-baseline,calibration.suffix.2,c44e6cae261d79b4f5f510b12a4d5d8dbfa59cee8f5ad898d10b8909b335833d,persona.low_e_low_n.v2,low_e_low_n,v2,low,low,negative,-6,22,0.05549372732639313,0.004882685840129852
1,formal-v2-persona-calibration-v3-baseline,calibration.suffix.2,c44e6cae261d79b4f5f510b12a4d5d8dbfa59cee8f5ad898d10b8909b335833d,persona.low_e_low_n.v2,low_e_low_n,v2,low,low,negative,-7,21,0.004882685840129852,0.004882685840129852
1,formal-v2-persona-calibration-v3-baseline,calibration.suffix.2,c44e6cae261d79b4f5f510b12a4d5d8dbfa59cee8f5ad898d10b8909b335833d,persona.low_e_low_n.v2,low_e_low_n,v2,low,low,negative,-8,20,-0.07325387001037598,0.004882685840129852
1,formal-v2-persona-calibration-v3-baseline,calibration.suffix.2,c44e6cae261d79b4f5f510b12a4d5d8dbfa59cee8f5ad898d10b8909b335833d,persona.low_e_low_n.v2,low_e_low_n,v2,low,low,negative,-9,19,-0.1876123547554016,0.004882685840129852
1,formal-v2-persona-calibration-v3-baseline,calibration.suffix.2,c44e6cae261d79b4f5f510b12a4d5d8dbfa59cee8f5ad898d10b8909b335833d,persona.low_e_low_n.v2,low_e_low_n,v2,low,low,frustration,-5,23,-0.10016629099845886,-0.006682239472866058
1,formal-v2-persona-calibration-v3-baseline,calibration.suffix.2,c44e6cae261d79b4f5f510b12a4d5d8dbfa59cee8f5ad898d10b8909b335833d,persona.low_e_low_n.v2,low_e_low_n,v2,low,low,frustration,-6,22,-0.02895653247833252,-0.006682239472866058
1,formal-v2-persona-calibration-v3-baseline,calibration.suffix.2,c44e6cae261d79b4f5f510b12a4d5d8dbfa59cee8f5ad898d10b8909b335833d,persona.low_e_low_n.v2,low_e_low_n,v2,low,low,frustration,-7,21,-0.006682239472866058,-0.006682239472866058
1,formal-v2-persona-calibration-v3-baseline,calibration.suffix.2,c44e6cae261d79b4f5f510b12a4d5d8dbfa59cee8f5ad898d10b8909b335833d,persona.low_e_low_n.v2,low_e_low_n,v2,low,low,frustration,-8,20,0.12932582199573517,-0.006682239472866058
1,formal-v2-persona-calibration-v3-baseline,calibration.suffix.2,c44e6cae261d79b4f5f510b12a4d5d8dbfa59cee8f5ad898d10b8909b335833d,persona.low_e_low_n.v2,low_e_low_n,v2,low,low,frustration,-9,19,0.059328965842723846,-0.006682239472866058
1,formal-v2-persona-calibration-v3-baseline,calibration.suffix.2,c44e6cae261d79b4f5f510b12a4d5d8dbfa59cee8f5ad898d10b8909b335833d,persona.low_e_low_n.v3,low_e_low_n,v3,low,low,positive,-5,23,-0.13716164231300354,0.0013179478701204062
1,formal-v2-persona-calibration-v3-baseline,calibration.suffix.2,c44e6cae261d79b4f5f510b12a4d5d8dbfa59cee8f5ad898d10b8909b335833d,persona.low_e_low_n.v3,low_e_low_n,v3,low,low,positive,-6,22,-0.1043105497956276,0.0013179478701204062
1,formal-v2-persona-calibration-v3-baseline,calibration.suffix.2,c44e6cae261d79b4f5f510b12a4d5d8dbfa59cee8f5ad898d10b8909b335833d,persona.low_e_low_n.v3,low_e_low_n,v3,low,low,positive,-7,21,0.0013179478701204062,0.0013179478701204062
1,formal-v2-persona-calibration-v3-baseline,calibration.suffix.2,c44e6cae261d79b4f5f510b12a4d5d8dbfa59cee8f5ad898d10b8909b335833d,persona.low_e_low_n.v3,low_e_low_n,v3,low,low,positive,-8,20,0.0030885881278663874,0.0013179478701204062
1,formal-v2-persona-calibration-v3-baseline,calibration.suffix.2,c44e6cae261d79b4f5f510b12a4d5d8dbfa59cee8f5ad898d10b8909b335833d,persona.low_e_low_n.v3,low_e_low_n,v3,low,low,positive,-9,19,0.11387161910533905,0.0013179478701204062
1,formal-v2-persona-calibration-v3-baseline,calibration.suffix.2,c44e6cae261d79b4f5f510b12a4d5d8dbfa59cee8f5ad898d10b8909b335833d,persona.low_e_low_n.v3,low_e_low_n,v3,low,low,negative,-5,23,0.03298718482255936,0.0033542329911142588
1,formal-v2-persona-calibration-v3-baseline,calibration.suffix.2,c44e6cae261d79b4f5f510b12a4d5d8dbfa59cee8f5ad898d10b8909b335833d,persona.low_e_low_n.v3,low_e_low_n,v3,low,low,negative,-6,22,0.05694759264588356,0.0033542329911142588
1,formal-v2-persona-calibration-v3-baseline,calibration.suffix.2,c44e6cae261d79b4f5f510b12a4d5d8dbfa59cee8f5ad898d10b8909b335833d,persona.low_e_low_n.v3,low_e_low_n,v3,low,low,negative,-7,21,0.0033542329911142588,0.0033542329911142588
1,formal-v2-persona-calibration-v3-baseline,calibration.suffix.2,c44e6cae261d79b4f5f510b12a4d5d8dbfa59cee8f5ad898d10b8909b335833d,persona.low_e_low_n.v3,low_e_low_n,v3,low,low,negative,-8,20,-0.0744452178478241,0.0033542329911142588
1,formal-v2-persona-calibration-v3-baseline,calibration.suffix.2,c44e6cae261d79b4f5f510b12a4d5d8dbfa59cee8f5ad898d10b8909b335833d,persona.low_e_low_n.v3,low_e_low_n,v3,low,low,negative,-9,19,-0.18754325807094574,0.0033542329911142588
1,formal-v2-persona-calibration-v3-baseline,calibration.suffix.2,c44e6cae261d79b4f5f510b12a4d5d8dbfa59cee8f5ad898d10b8909b335833d,persona.low_e_low_n.v3,low_e_low_n,v3,low,low,frustration,-5,23,-0.0978183001279831,-0.005375013221055269
1,formal-v2-persona-calibration-v3-baseline,calibration.suffix.2,c44e6cae261d79b4f5f510b12a4d5d8dbfa59cee8f5ad898d10b8909b335833d,persona.low_e_low_n.v3,low_e_low_n,v3,low,low,frustration,-6,22,-0.026821961626410484,-0.005375013221055269
1,formal-v2-persona-calibration-v3-baseline,calibration.suffix.2,c44e6cae261d79b4f5f510b12a4d5d8dbfa59cee8f5ad898d10b8909b335833d,persona.low_e_low_n.v3,low_e_low_n,v3,low,low,frustration,-7,21,-0.005375013221055269,-0.005375013221055269
1,formal-v2-persona-calibration-v3-baseline,calibration.suffix.2,c44e6cae261d79b4f5f510b12a4d5d8dbfa59cee8f5ad898d10b8909b335833d,persona.low_e_low_n.v3,low_e_low_n,v3,low,low,frustration,-8,20,0.13122905790805817,-0.005375013221055269
1,formal-v2-persona-calibration-v3-baseline,calibration.suffix.2,c44e6cae261d79b4f5f510b12a4d5d8dbfa59cee8f5ad898d10b8909b335833d,persona.low_e_low_n.v3,low_e_low_n,v3,low,low,frustration,-9,19,0.06683138757944107,-0.005375013221055269
1,formal-v2-persona-calibration-v3-baseline,calibration.suffix.3,52c13959c3f4654660522bce4a421b6d5c03f63a029008812e63210301c7084c,persona.high_e_high_n,high_e_high_n,v1,high,high,positive,-5,23,-0.1638660728931427,-0.024581052362918854
1,formal-v2-persona-calibration-v3-baseline,calibration.suffix.3,52c13959c3f4654660522bce4a421b6d5c03f63a029008812e63210301c7084c,persona.high_e_high_n,high_e_high_n,v1,high,high,positive,-6,22,-0.1486697793006897,-0.024581052362918854
1,formal-v2-persona-calibration-v3-baseline,calibration.suffix.3,52c13959c3f4654660522bce4a421b6d5c03f63a029008812e63210301c7084c,persona.high_e_high_n,high_e_high_n,v1,high,high,positive,-7,21,0.0013751022052019835,-0.024581052362918854
1,formal-v2-persona-calibration-v3-baseline,calibration.suffix.3,52c13959c3f4654660522bce4a421b6d5c03f63a029008812e63210301c7084c,persona.high_e_high_n,high_e_high_n,v1,high,high,positive,-8,20,-0.024581052362918854,-0.024581052362918854
1,formal-v2-persona-calibration-v3-baseline,calibration.suffix.3,52c13959c3f4654660522bce4a421b6d5c03f63a029008812e63210301c7084c,persona.high_e_high_n,high_e_high_n,v1,high,high,positive,-9,19,0.09352807700634003,-0.024581052362918854
1,formal-v2-persona-calibration-v3-baseline,calibration.suffix.3,52c13959c3f4654660522bce4a421b6d5c03f63a029008812e63210301c7084c,persona.high_e_high_n,high_e_high_n,v1,high,high,negative,-5,23,0.05860602855682373,-0.0023361044004559517
1,formal-v2-persona-calibration-v3-baseline,calibration.suffix.3,52c13959c3f4654660522bce4a421b6d5c03f63a029008812e63210301c7084c,persona.high_e_high_n,high_e_high_n,v1,high,high,negative,-6,22,0.08986438065767288,-0.0023361044004559517
1,formal-v2-persona-calibration-v3-baseline,calibration.suffix.3,52c13959c3f4654660522bce4a421b6d5c03f63a029008812e63210301c7084c,persona.high_e_high_n,high_e_high_n,v1,high,high,negative,-7,21,-0.0023361044004559517,-0.0023361044004559517
1,formal-v2-persona-calibration-v3-baseline,calibration.suffix.3,52c13959c3f4654660522bce4a421b6d5c03f63a029008812e63210301c7084c,persona.high_e_high_n,high_e_high_n,v1,high,high,negative,-8,20,-0.08852998167276382,-0.0023361044004559517
1,formal-v2-persona-calibration-v3-baseline,calibration.suffix.3,52c13959c3f4654660522bce4a421b6d5c03f63a029008812e63210301c7084c,persona.high_e_high_n,high_e_high_n,v1,high,high,negative,-9,19,-0.21502812206745148,-0.0023361044004559517
1,formal-v2-persona-calibration-v3-baseline,calibration.suffix.3,52c13959c3f4654660522bce4a421b6d5c03f63a029008812e63210301c7084c,persona.high_e_high_n,high_e_high_n,v1,high,high,frustration,-5,23,-0.08789406716823578,-0.004325477872043848
1,formal-v2-persona-calibration-v3-baseline,calibration.suffix.3,52c13959c3f4654660522bce4a421b6d5c03f63a029008812e63210301c7084c,persona.high_e_high_n,high_e_high_n,v1,high,high,frustration,-6,22,-0.013722818344831467,-0.004325477872043848
1,formal-v2-persona-calibration-v3-baseline,calibration.suffix.3,52c13959c3f4654660522bce4a421b6d5c03f63a029008812e63210301c7084c,persona.high_e_high_n,high_e_high_n,v1,high,high,frustration,-7,21,-0.004325477872043848,-0.004325477872043848
1,formal-v2-persona-calibration-v3-baseline,calibration.suffix.3,52c13959c3f4654660522bce4a421b6d5c03f63a029008812e63210301c7084c,persona.high_e_high_n,high_e_high_n,v1,high,high,frustration,-8,20,0.11384408175945282,-0.004325477872043848
1,formal-v2-persona-calibration-v3-baseline,calibration.suffix.3,52c13959c3f4654660522bce4a421b6d5c03f63a029008812e63210301c7084c,persona.high_e_high_n,high_e_high_n,v1,high,high,frustration,-9,19,0.04729657620191574,-0.004325477872043848
1,formal-v2-persona-calibration-v3-baseline,calibration.suffix.3,52c13959c3f4654660522bce4a421b6d5c03f63a029008812e63210301c7084c,persona.high_e_high_n.v2,high_e_high_n,v2,high,high,positive,-5,23,-0.15395133197307587,-0.03231434524059296
1,formal-v2-persona-calibration-v3-baseline,calibration.suffix.3,52c13959c3f4654660522bce4a421b6d5c03f63a029008812e63210301c7084c,persona.high_e_high_n.v2,high_e_high_n,v2,high,high,positive,-6,22,-0.13637256622314453,-0.03231434524059296
1,formal-v2-persona-calibration-v3-baseline,calibration.suffix.3,52c13959c3f4654660522bce4a421b6d5c03f63a029008812e63210301c7084c,persona.high_e_high_n.v2,high_e_high_n,v2,high,high,positive,-7,21,-0.015024084597826004,-0.03231434524059296
1,formal-v2-persona-calibration-v3-baseline,calibration.suffix.3,52c13959c3f4654660522bce4a421b6d5c03f63a029008812e63210301c7084c,persona.high_e_high_n.v2,high_e_high_n,v2,high,high,positive,-8,20,-0.03231434524059296,-0.03231434524059296
1,formal-v2-persona-calibration-v3-baseline,calibration.suffix.3,52c13959c3f4654660522bce4a421b6d5c03f63a029008812e63210301c7084c,persona.high_e_high_n.v2,high_e_high_n,v2,high,high,positive,-9,19,0.08485015481710434,-0.03231434524059296
1,formal-v2-persona-calibration-v3-baseline,calibration.suffix.3,52c13959c3f4654660522bce4a421b6d5c03f63a029008812e63210301c7084c,persona.high_e_high_n.v2,high_e_high_n,v2,high,high,negative,-5,23,0.057049460709095,0.0003771852934733033
1,formal-v2-persona-calibration-v3-baseline,calibration.suffix.3,52c13959c3f4654660522bce4a421b6d5c03f63a029008812e63210301c7084c,persona.high_e_high_n.v2,high_e_high_n,v2,high,high,negative,-6,22,0.0849534422159195,0.0003771852934733033
1,formal-v2-persona-calibration-v3-baseline,calibration.suffix.3,52c13959c3f4654660522bce4a421b6d5c03f63a029008812e63210301c7084c,persona.high_e_high_n.v2,high_e_high_n,v2,high,high,negative,-7,21,0.0003771852934733033,0.0003771852934733033
1,formal-v2-persona-calibration-v3-baseline,calibration.suffix.3,52c13959c3f4654660522bce4a421b6d5c03f63a029008812e63210301c7084c,persona.high_e_high_n.v2,high_e_high_n,v2,high,high,negative,-8,20,-0.08016177266836166,0.0003771852934733033
1,formal-v2-persona-calibration-v3-baseline,calibration.suffix.3,52c13959c3f4654660522bce4a421b6d5c03f63a029008812e63210301c7084c,persona.high_e_high_n.v2,high_e_high_n,v2,high,high,negative,-9,19,-0.21692940592765808,0.0003771852934733033
1,formal-v2-persona-calibration-v3-baseline,calibration.suffix.3,52c13959c3f4654660522bce4a421b6d5c03f63a029008812e63210301c7084c,persona.high_e_high_n.v2,high_e_high_n,v2,high,high,frustration,-5,23,-0.09509152173995972,-0.012640652246773243
1,formal-v2-persona-calibration-v3-baseline,calibration.suffix.3,52c13959c3f4654660522bce4a421b6d5c03f63a029008812e63210301c7084c,persona.high_e_high_n.v2,high_e_high_n,v2,high,high,frustration,-6,22,-0.022106969729065895,-0.012640652246773243
1,formal-v2-persona-calibration-v3-baseline,calibration.suffix.3,52c13959c3f4654660522bce4a421b6d5c03f63a029008812e63210301c7084c,persona.high_e_high_n.v2,high_e_high_n,v2,high,high,frustration,-7,21,-0.012640652246773243,-0.012640652246773243
1,formal-v2-persona-calibration-v3-baseline,calibration.suffix.3,52c13959c3f4654660522bce4a421b6d5c03f63a029008812e63210301c7084c,persona.high_e_high_n.v2,high_e_high_n,v2,high,high,frustration,-8,20,0.11400526016950607,-0.012640652246773243
1,formal-v2-persona-calibration-v3-baseline,calibration.suffix.3,52c13959c3f4654660522bce4a421b6d5c03f63a029008812e63210301c7084c,persona.high_e_high_n.v2,high_e_high_n,v2,high,high,frustration,-9,19,0.04382021725177765,-0.012640652246773243
1,formal-v2-persona-calibration-v3-baseline,calibration.suffix.3,52c13959c3f4654660522bce4a421b6d5c03f63a029008812e63210301c7084c,persona.high_e_high_n.v3,high_e_high_n,v3,high,high,positive,-5,23,-0.15814052522182465,-0.02075847238302231
1,formal-v2-persona-calibration-v3-baseline,calibration.suffix.3,52c13959c3f4654660522bce4a421b6d5c03f63a029008812e63210301c7084c,persona.high_e_high_n.v3,high_e_high_n,v3,high,high,positive,-6,22,-0.14096227288246155,-0.02075847238302231
1,formal-v2-persona-calibration-v3-baseline,calibration.suffix.3,52c13959c3f4654660522bce4a421b6d5c03f63a029008812e63210301c7084c,persona.high_e_high_n.v3,high_e_high_n,v3,high,high,positive,-7,21,0.006071664858609438,-0.02075847238302231
1,formal-v2-persona-calibration-v3-baseline,calibration.suffix.3,52c13959c3f4654660522bce4a421b6d5c03f63a029008812e63210301c7084c,persona.high_e_high_n.v3,high_e_high_n,v3,high,high,positive,-8,20,-0.02075847238302231,-0.02075847238302231
1,formal-v2-persona-calibration-v3-baseline,calibration.suffix.3,52c13959c3f4654660522bce4a421b6d5c03f63a029008812e63210301c7084c,persona.high_e_high_n.v3,high_e_high_n,v3,high,high,positive,-9,19,0.0958746150135994,-0.02075847238302231
1,formal-v2-persona-calibration-v3-baseline,calibration.suffix.3,52c13959c3f4654660522bce4a421b6d5c03f63a029008812e63210301c7084c,persona.high_e_high_n.v3,high_e_high_n,v3,high,high,negative,-5,23,0.04487261548638344,-0.009727386757731438
1,formal-v2-persona-calibration-v3-baseline,calibration.suffix.3,52c13959c3f4654660522bce4a421b6d5c03f63a029008812e63210301c7084c,persona.high_e_high_n.v3,high_e_high_n,v3,high,high,negative,-6,22,0.07077980041503906,-0.009727386757731438
1,formal-v2-persona-calibration-v3-baseline,calibration.suffix.3,52c13959c3f4654660522bce4a421b6d5c03f63a029008812e63210301c7084c,persona.high_e_high_n.v3,high_e_high_n,v3,high,high,negative,-7,21,-0.009727386757731438,-0.009727386757731438
1,formal-v2-persona-calibration-v3-baseline,calibration.suffix.3,52c13959c3f4654660522bce4a421b6d5c03f63a029008812e63210301c7084c,persona.high_e_high_n.v3,high_e_high_n,v3,high,high,negative,-8,20,-0.0777868777513504,-0.009727386757731438
1,formal-v2-persona-calibration-v3-baseline,calibration.suffix.3,52c13959c3f4654660522bce4a421b6d5c03f63a029008812e63210301c7084c,persona.high_e_high_n.v3,high_e_high_n,v3,high,high,negative,-9,19,-0.20096662640571594,-0.009727386757731438
1,formal-v2-persona-calibration-v3-baseline,calibration.suffix.3,52c13959c3f4654660522bce4a421b6d5c03f63a029008812e63210301c7084c,persona.high_e_high_n.v3,high_e_high_n,v3,high,high,frustration,-5,23,-0.07908172905445099,0.013538629747927189
1,formal-v2-persona-calibration-v3-baseline,calibration.suffix.3,52c13959c3f4654660522bce4a421b6d5c03f63a029008812e63210301c7084c,persona.high_e_high_n.v3,high_e_high_n,v3,high,high,frustration,-6,22,-0.004325593821704388,0.013538629747927189
1,formal-v2-persona-calibration-v3-baseline,calibration.suffix.3,52c13959c3f4654660522bce4a421b6d5c03f63a029008812e63210301c7084c,persona.high_e_high_n.v3,high_e_high_n,v3,high,high,frustration,-7,21,0.013538629747927189,0.013538629747927189
1,formal-v2-persona-calibration-v3-baseline,calibration.suffix.3,52c13959c3f4654660522bce4a421b6d5c03f63a029008812e63210301c7084c,persona.high_e_high_n.v3,high_e_high_n,v3,high,high,frustration,-8,20,0.1285243034362793,0.013538629747927189
1,formal-v2-persona-calibration-v3-baseline,calibration.suffix.3,52c13959c3f4654660522bce4a421b6d5c03f63a029008812e63210301c7084c,persona.high_e_high_n.v3,high_e_high_n,v3,high,high,frustration,-9,19,0.06417384743690491,0.013538629747927189
1,formal-v2-persona-calibration-v3-baseline,calibration.suffix.3,52c13959c3f4654660522bce4a421b6d5c03f63a029008812e63210301c7084c,persona.high_e_low_n,high_e_low_n,v1,high,low,positive,-5,23,-0.15992608666419983,-0.029665954411029816
1,formal-v2-persona-calibration-v3-baseline,calibration.suffix.3,52c13959c3f4654660522bce4a421b6d5c03f63a029008812e63210301c7084c,persona.high_e_low_n,high_e_low_n,v1,high,low,positive,-6,22,-0.14237719774246216,-0.029665954411029816
1,formal-v2-persona-calibration-v3-baseline,calibration.suffix.3,52c13959c3f4654660522bce4a421b6d5c03f63a029008812e63210301c7084c,persona.high_e_low_n,high_e_low_n,v1,high,low,positive,-7,21,-0.005742841865867376,-0.029665954411029816
1,formal-v2-persona-calibration-v3-baseline,calibration.suffix.3,52c13959c3f4654660522bce4a421b6d5c03f63a029008812e63210301c7084c,persona.high_e_low_n,high_e_low_n,v1,high,low,positive,-8,20,-0.029665954411029816,-0.029665954411029816
1,formal-v2-persona-calibration-v3-baseline,calibration.suffix.3,52c13959c3f4654660522bce4a421b6d5c03f63a029008812e63210301c7084c,persona.high_e_low_n,high_e_low_n,v1,high,low,positive,-9,19,0.08834341168403625,-0.029665954411029816
1,formal-v2-persona-calibration-v3-baseline,calibration.suffix.3,52c13959c3f4654660522bce4a421b6d5c03f63a029008812e63210301c7084c,persona.high_e_low_n,high_e_low_n,v1,high,low,negative,-5,23,0.056566085666418076,-0.0037387420888990164
1,formal-v2-persona-calibration-v3-baseline,calibration.suffix.3,52c13959c3f4654660522bce4a421b6d5c03f63a029008812e63210301c7084c,persona.high_e_low_n,high_e_low_n,v1,high,low,negative,-6,22,0.08486346900463104,-0.0037387420888990164
1,formal-v2-persona-calibration-v3-baseline,calibration.suffix.3,52c13959c3f4654660522bce4a421b6d5c03f63a029008812e63210301c7084c,persona.high_e_low_n,high_e_low_n,v1,high,low,negative,-7,21,-0.0037387420888990164,-0.0037387420888990164
1,formal-v2-persona-calibration-v3-baseline,calibration.suffix.3,52c13959c3f4654660522bce4a421b6d5c03f63a029008812e63210301c7084c,persona.high_e_low_n,high_e_low_n,v1,high,low,negative,-8,20,-0.08433037251234055,-0.0037387420888990164
1,formal-v2-persona-calibration-v3-baseline,calibration.suffix.3,52c13959c3f4654660522bce4a421b6d5c03f63a029008812e63210301c7084c,persona.high_e_low_n,high_e_low_n,v1,high,low,negative,-9,19,-0.21263056993484497,-0.0037387420888990164
1,formal-v2-persona-calibration-v3-baseline,calibration.suffix.3,52c13959c3f4654660522bce4a421b6d5c03f63a029008812e63210301c7084c,persona.high_e_low_n,high_e_low_n,v1,high,low,frustration,-5,23,-0.08811671286821365,-0.0026952207554131746
1,formal-v2-persona-calibration-v3-baseline,calibration.suffix.3,52c13959c3f4654660522bce4a421b6d5c03f63a029008812e63210301c7084c,persona.high_e_low_n,high_e_low_n,v1,high,low,frustration,-6,22,-0.013752292841672897,-0.0026952207554131746
1,formal-v2-persona-calibration-v3-baseline,calibration.suffix.3,52c13959c3f4654660522bce4a421b6d5c03f63a029008812e63210301c7084c,persona.high_e_low_n,high_e_low_n,v1,high,low,frustration,-7,21,-0.0026952207554131746,-0.0026952207554131746
1,formal-v2-persona-calibration-v3-baseline,calibration.suffix.3,52c13959c3f4654660522bce4a421b6d5c03f63a029008812e63210301c7084c,persona.high_e_low_n,high_e_low_n,v1,high,low,frustration,-8,20,0.11652780324220657,-0.0026952207554131746
1,formal-v2-persona-calibration-v3-baseline,calibration.suffix.3,52c13959c3f4654660522bce4a421b6d5c03f63a029008812e63210301c7084c,persona.high_e_low_n,high_e_low_n,v1,high,low,frustration,-9,19,0.051325660198926926,-0.0026952207554131746
1,formal-v2-persona-calibration-v3-baseline,calibration.suffix.3,52c13959c3f4654660522bce4a421b6d5c03f63a029008812e63210301c7084c,persona.high_e_low_n.v2,high_e_low_n,v2,high,low,positive,-5,23,-0.14588257670402527,-0.032699983566999435
1,formal-v2-persona-calibration-v3-baseline,calibration.suffix.3,52c13959c3f4654660522bce4a421b6d5c03f63a029008812e63210301c7084c,persona.high_e_low_n.v2,high_e_low_n,v2,high,low,positive,-6,22,-0.1249409168958664,-0.032699983566999435
1,formal-v2-persona-calibration-v3-baseline,calibration.suffix.3,52c13959c3f4654660522bce4a421b6d5c03f63a029008812e63210301c7084c,persona.high_e_low_n.v2,high_e_low_n,v2,high,low,positive,-7,21,-0.023812364786863327,-0.032699983566999435
1,formal-v2-persona-calibration-v3-baseline,calibration.suffix.3,52c13959c3f4654660522bce4a421b6d5c03f63a029008812e63210301c7084c,persona.high_e_low_n.v2,high_e_low_n,v2,high,low,positive,-8,20,-0.032699983566999435,-0.032699983566999435
1,formal-v2-persona-calibration-v3-baseline,calibration.suffix.3,52c13959c3f4654660522bce4a421b6d5c03f63a029008812e63210301c7084c,persona.high_e_low_n.v2,high_e_low_n,v2,high,low,positive,-9,19,0.0825652927160263,-0.032699983566999435
1,formal-v2-persona-calibration-v3-baseline,calibration.suffix.3,52c13959c3f4654660522bce4a421b6d5c03f63a029008812e63210301c7084c,persona.high_e_low_n.v2,high_e_low_n,v2,high,low,negative,-5,23,0.051038242876529694,-0.00525312963873148
1,formal-v2-persona-calibration-v3-baseline,calibration.suffix.3,52c13959c3f4654660522bce4a421b6d5c03f63a029008812e63210301c7084c,persona.high_e_low_n.v2,high_e_low_n,v2,high,low,negative,-6,22,0.07571274787187576,-0.00525312963873148
1,formal-v2-persona-calibration-v3-baseline,calibration.suffix.3,52c13959c3f4654660522bce4a421b6d5c03f63a029008812e63210301c7084c,persona.high_e_low_n.v2,high_e_low_n,v2,high,low,negative,-7,21,-0.00525312963873148,-0.00525312963873148
1,formal-v2-persona-calibration-v3-baseline,calibration.suffix.3,52c13959c3f4654660522bce4a421b6d5c03f63a029008812e63210301c7084c,persona.high_e_low_n.v2,high_e_low_n,v2,high,low,negative,-8,20,-0.07307270169258118,-0.00525312963873148
1,formal-v2-persona-calibration-v3-baseline,calibration.suffix.3,52c13959c3f4654660522bce4a421b6d5c03f63a029008812e63210301c7084c,persona.high_e_low_n.v2,high_e_low_n,v2,high,low,negative,-9,19,-0.2107463777065277,-0.00525312963873148
1,formal-v2-persona-calibration-v3-baseline,calibration.suffix.3,52c13959c3f4654660522bce4a421b6d5c03f63a029008812e63210301c7084c,persona.high_e_low_n.v2,high_e_low_n,v2,high,low,frustration,-5,23,-0.09585116058588028,-0.012659464962780476
1,formal-v2-persona-calibration-v3-baseline,calibration.suffix.3,52c13959c3f4654660522bce4a421b6d5c03f63a029008812e63210301c7084c,persona.high_e_low_n.v2,high_e_low_n,v2,high,low,frustration,-6,22,-0.024386251345276833,-0.012659464962780476
1,formal-v2-persona-calibration-v3-baseline,calibration.suffix.3,52c13959c3f4654660522bce4a421b6d5c03f63a029008812e63210301c7084c,persona.high_e_low_n.v2,high_e_low_n,v2,high,low,frustration,-7,21,-0.012659464962780476,-0.012659464962780476
1,formal-v2-persona-calibration-v3-baseline,calibration.suffix.3,52c13959c3f4654660522bce4a421b6d5c03f63a029008812e63210301c7084c,persona.high_e_low_n.v2,high_e_low_n,v2,high,low,frustration,-8,20,0.11383797228336334,-0.012659464962780476
1,formal-v2-persona-calibration-v3-baseline,calibration.suffix.3,52c13959c3f4654660522bce4a421b6d5c03f63a029008812e63210301c7084c,persona.high_e_low_n.v2,high_e_low_n,v2,high,low,frustration,-9,19,0.04591463878750801,-0.012659464962780476
1,formal-v2-persona-calibration-v3-baseline,calibration.suffix.3,52c13959c3f4654660522bce4a421b6d5c03f63a029008812e63210301c7084c,persona.high_e_low_n.v3,high_e_low_n,v3,high,low,positive,-5,23,-0.15741854906082153,-0.024292010813951492
1,formal-v2-persona-calibration-v3-baseline,calibration.suffix.3,52c13959c3f4654660522bce4a421b6d5c03f63a029008812e63210301c7084c,persona.high_e_low_n.v3,high_e_low_n,v3,high,low,positive,-6,22,-0.14037328958511353,-0.024292010813951492
1,formal-v2-persona-calibration-v3-baseline,calibration.suffix.3,52c13959c3f4654660522bce4a421b6d5c03f63a029008812e63210301c7084c,persona.high_e_low_n.v3,high_e_low_n,v3,high,low,positive,-7,21,0.0016907395329326391,-0.024292010813951492
1,formal-v2-persona-calibration-v3-baseline,calibration.suffix.3,52c13959c3f4654660522bce4a421b6d5c03f63a029008812e63210301c7084c,persona.high_e_low_n.v3,high_e_low_n,v3,high,low,positive,-8,20,-0.024292010813951492,-0.024292010813951492
1,formal-v2-persona-calibration-v3-baseline,calibration.suffix.3,52c13959c3f4654660522bce4a421b6d5c03f63a029008812e63210301c7084c,persona.high_e_low_n.v3,high_e_low_n,v3,high,low,positive,-9,19,0.09560294449329376,-0.024292010813951492
1,formal-v2-persona-calibration-v3-baseline,calibration.suffix.3,52c13959c3f4654660522bce4a421b6d5c03f63a029008812e63210301c7084c,persona.high_e_low_n.v3,high_e_low_n,v3,high,low,negative,-5,23,0.0471097007393837,-0.009951683692634106
1,formal-v2-persona-calibration-v3-baseline,calibration.suffix.3,52c13959c3f4654660522bce4a421b6d5c03f63a029008812e63210301c7084c,persona.high_e_low_n.v3,high_e_low_n,v3,high,low,negative,-6,22,0.07131191343069077,-0.009951683692634106
1,formal-v2-persona-calibration-v3-baseline,calibration.suffix.3,52c13959c3f4654660522bce4a421b6d5c03f63a029008812e63210301c7084c,persona.high_e_low_n.v3,high_e_low_n,v3,high,low,negative,-7,21,-0.009951683692634106,-0.009951683692634106
1,formal-v2-persona-calibration-v3-baseline,calibration.suffix.3,52c13959c3f4654660522bce4a421b6d5c03f63a029008812e63210301c7084c,persona.high_e_low_n.v3,high_e_low_n,v3,high,low,negative,-8,20,-0.07489445060491562,-0.009951683692634106
1,formal-v2-persona-calibration-v3-baseline,calibration.suffix.3,52c13959c3f4654660522bce4a421b6d5c03f63a029008812e63210301c7084c,persona.high_e_low_n.v3,high_e_low_n,v3,high,low,negative,-9,19,-0.19381648302078247,-0.009951683692634106
1,formal-v2-persona-calibration-v3-baseline,calibration.suffix.3,52c13959c3f4654660522bce4a421b6d5c03f63a029008812e63210301c7084c,persona.high_e_low_n.v3,high_e_low_n,v3,high,low,frustration,-5,23,-0.07674320787191391,0.014748926274478436
1,formal-v2-persona-calibration-v3-baseline,calibration.suffix.3,52c13959c3f4654660522bce4a421b6d5c03f63a029008812e63210301c7084c,persona.high_e_low_n.v3,high_e_low_n,v3,high,low,frustration,-6,22,-0.002525360556319356,0.014748926274478436
1,formal-v2-persona-calibration-v3-baseline,calibration.suffix.3,52c13959c3f4654660522bce4a421b6d5c03f63a029008812e63210301c7084c,persona.high_e_low_n.v3,high_e_low_n,v3,high,low,frustration,-7,21,0.014748926274478436,0.014748926274478436
1,formal-v2-persona-calibration-v3-baseline,calibration.suffix.3,52c13959c3f4654660522bce4a421b6d5c03f63a029008812e63210301c7084c,persona.high_e_low_n.v3,high_e_low_n,v3,high,low,frustration,-8,20,0.12761682271957397,0.014748926274478436
1,formal-v2-persona-calibration-v3-baseline,calibration.suffix.3,52c13959c3f4654660522bce4a421b6d5c03f63a029008812e63210301c7084c,persona.high_e_low_n.v3,high_e_low_n,v3,high,low,frustration,-9,19,0.06542590260505676,0.014748926274478436
1,formal-v2-persona-calibration-v3-baseline,calibration.suffix.3,52c13959c3f4654660522bce4a421b6d5c03f63a029008812e63210301c7084c,persona.low_e_high_n,low_e_high_n,v1,low,high,positive,-5,23,-0.16556629538536072,-0.032029248774051666
1,formal-v2-persona-calibration-v3-baseline,calibration.suffix.3,52c13959c3f4654660522bce4a421b6d5c03f63a029008812e63210301c7084c,persona.low_e_high_n,low_e_high_n,v1,low,high,positive,-6,22,-0.15146233141422272,-0.032029248774051666
1,formal-v2-persona-calibration-v3-baseline,calibration.suffix.3,52c13959c3f4654660522bce4a421b6d5c03f63a029008812e63210301c7084c,persona.low_e_high_n,low_e_high_n,v1,low,high,positive,-7,21,-0.004880040418356657,-0.032029248774051666
1,formal-v2-persona-calibration-v3-baseline,calibration.suffix.3,52c13959c3f4654660522bce4a421b6d5c03f63a029008812e63210301c7084c,persona.low_e_high_n,low_e_high_n,v1,low,high,positive,-8,20,-0.032029248774051666,-0.032029248774051666
1,formal-v2-persona-calibration-v3-baseline,calibration.suffix.3,52c13959c3f4654660522bce4a421b6d5c03f63a029008812e63210301c7084c,persona.low_e_high_n,low_e_high_n,v1,low,high,positive,-9,19,0.08315671980381012,-0.032029248774051666
1,formal-v2-persona-calibration-v3-baseline,calibration.suffix.3,52c13959c3f4654660522bce4a421b6d5c03f63a029008812e63210301c7084c,persona.low_e_high_n,low_e_high_n,v1,low,high,negative,-5,23,0.06260842084884644,0.0003613352309912443
1,formal-v2-persona-calibration-v3-baseline,calibration.suffix.3,52c13959c3f4654660522bce4a421b6d5c03f63a029008812e63210301c7084c,persona.low_e_high_n,low_e_high_n,v1,low,high,negative,-6,22,0.09596538543701172,0.0003613352309912443
1,formal-v2-persona-calibration-v3-baseline,calibration.suffix.3,52c13959c3f4654660522bce4a421b6d5c03f63a029008812e63210301c7084c,persona.low_e_high_n,low_e_high_n,v1,low,high,negative,-7,21,0.0003613352309912443,0.0003613352309912443
1,formal-v2-persona-calibration-v3-baseline,calibration.suffix.3,52c13959c3f4654660522bce4a421b6d5c03f63a029008812e63210301c7084c,persona.low_e_high_n,low_e_high_n,v1,low,high,negative,-8,20,-0.09021631628274918,0.0003613352309912443
1,formal-v2-persona-calibration-v3-baseline,calibration.suffix.3,52c13959c3f4654660522bce4a421b6d5c03f63a029008812e63210301c7084c,persona.low_e_high_n,low_e_high_n,v1,low,high,negative,-9,19,-0.21997816860675812,0.0003613352309912443
1,formal-v2-persona-calibration-v3-baseline,calibration.suffix.3,52c13959c3f4654660522bce4a421b6d5c03f63a029008812e63210301c7084c,persona.low_e_high_n,low_e_high_n,v1,low,high,frustration,-5,23,-0.08507630228996277,-0.002273083897307515
1,formal-v2-persona-calibration-v3-baseline,calibration.suffix.3,52c13959c3f4654660522bce4a421b6d5c03f63a029008812e63210301c7084c,persona.low_e_high_n,low_e_high_n,v1,low,high,frustration,-6,22,-0.009351895190775394,-0.002273083897307515
1,formal-v2-persona-calibration-v3-baseline,calibration.suffix.3,52c13959c3f4654660522bce4a421b6d5c03f63a029008812e63210301c7084c,persona.low_e_high_n,low_e_high_n,v1,low,high,frustration,-7,21,-0.002273083897307515,-0.002273083897307515
1,formal-v2-persona-calibration-v3-baseline,calibration.suffix.3,52c13959c3f4654660522bce4a421b6d5c03f63a029008812e63210301c7084c,persona.low_e_high_n,low_e_high_n,v1,low,high,frustration,-8,20,0.11556565761566162,-0.002273083897307515
1,formal-v2-persona-calibration-v3-baseline,calibration.suffix.3,52c13959c3f4654660522bce4a421b6d5c03f63a029008812e63210301c7084c,persona.low_e_high_n,low_e_high_n,v1,low,high,frustration,-9,19,0.047256048768758774,-0.002273083897307515
1,formal-v2-persona-calibration-v3-baseline,calibration.suffix.3,52c13959c3f4654660522bce4a421b6d5c03f63a029008812e63210301c7084c,persona.low_e_high_n.v2,low_e_high_n,v2,low,high,positive,-5,23,-0.16192233562469482,-0.03930816426873207
1,formal-v2-persona-calibration-v3-baseline,calibration.suffix.3,52c13959c3f4654660522bce4a421b6d5c03f63a029008812e63210301c7084c,persona.low_e_high_n.v2,low_e_high_n,v2,low,high,positive,-6,22,-0.1460840106010437,-0.03930816426873207
1,formal-v2-persona-calibration-v3-baseline,calibration.suffix.3,52c13959c3f4654660522bce4a421b6d5c03f63a029008812e63210301c7084c,persona.low_e_high_n.v2,low_e_high_n,v2,low,high,positive,-7,21,-0.01885978877544403,-0.03930816426873207
1,formal-v2-persona-calibration-v3-baseline,calibration.suffix.3,52c13959c3f4654660522bce4a421b6d5c03f63a029008812e63210301c7084c,persona.low_e_high_n.v2,low_e_high_n,v2,low,high,positive,-8,20,-0.03930816426873207,-0.03930816426873207
1,formal-v2-persona-calibration-v3-baseline,calibration.suffix.3,52c13959c3f4654660522bce4a421b6d5c03f63a029008812e63210301c7084c,persona.low_e_high_n.v2,low_e_high_n,v2,low,high,positive,-9,19,0.07373649626970291,-0.03930816426873207
1,formal-v2-persona-calibration-v3-baseline,calibration.suffix.3,52c13959c3f4654660522bce4a421b6d5c03f63a029008812e63210301c7084c,persona.low_e_high_n.v2,low_e_high_n,v2,low,high,negative,-5,23,0.06581839174032211,0.003753386437892914
1,formal-v2-persona-calibration-v3-baseline,calibration.suffix.3,52c13959c3f4654660522bce4a421b6d5c03f63a029008812e63210301c7084c,persona.low_e_high_n.v2,low_e_high_n,v2,low,high,negative,-6,22,0.09652938693761826,0.003753386437892914
1,formal-v2-persona-calibration-v3-baseline,calibration.suffix.3,52c13959c3f4654660522bce4a421b6d5c03f63a029008812e63210301c7084c,persona.low_e_high_n.v2,low_e_high_n,v2,low,high,negative,-7,21,0.003753386437892914,0.003753386437892914
1,formal-v2-persona-calibration-v3-baseline,calibration.suffix.3,52c13959c3f4654660522bce4a421b6d5c03f63a029008812e63210301c7084c,persona.low_e_high_n.v2,low_e_high_n,v2,low,high,negative,-8,20,-0.08403809368610382,0.003753386437892914
1,formal-v2-persona-calibration-v3-baseline,calibration.suffix.3,52c13959c3f4654660522bce4a421b6d5c03f63a029008812e63210301c7084c,persona.low_e_high_n.v2,low_e_high_n,v2,low,high,negative,-9,19,-0.22270864248275757,0.003753386437892914
1,formal-v2-persona-calibration-v3-baseline,calibration.suffix.3,52c13959c3f4654660522bce4a421b6d5c03f63a029008812e63210301c7084c,persona.low_e_high_n.v2,low_e_high_n,v2,low,high,frustration,-5,23,-0.09281329065561295,-0.013213538564741611
1,formal-v2-persona-calibration-v3-baseline,calibration.suffix.3,52c13959c3f4654660522bce4a421b6d5c03f63a029008812e63210301c7084c,persona.low_e_high_n.v2,low_e_high_n,v2,low,high,frustration,-6,22,-0.01898585446178913,-0.013213538564741611
1,formal-v2-persona-calibration-v3-baseline,calibration.suffix.3,52c13959c3f4654660522bce4a421b6d5c03f63a029008812e63210301c7084c,persona.low_e_high_n.v2,low_e_high_n,v2,low,high,frustration,-7,21,-0.013213538564741611,-0.013213538564741611
1,formal-v2-persona-calibration-v3-baseline,calibration.suffix.3,52c13959c3f4654660522bce4a421b6d5c03f63a029008812e63210301c7084c,persona.low_e_high_n.v2,low_e_high_n,v2,low,high,frustration,-8,20,0.11321356892585754,-0.013213538564741611
1,formal-v2-persona-calibration-v3-baseline,calibration.suffix.3,52c13959c3f4654660522bce4a421b6d5c03f63a029008812e63210301c7084c,persona.low_e_high_n.v2,low_e_high_n,v2,low,high,frustration,-9,19,0.04471617192029953,-0.013213538564741611
1,formal-v2-persona-calibration-v3-baseline,calibration.suffix.3,52c13959c3f4654660522bce4a421b6d5c03f63a029008812e63210301c7084c,persona.low_e_high_n.v3,low_e_high_n,v3,low,high,positive,-5,23,-0.16908890008926392,-0.03149428591132164
1,formal-v2-persona-calibration-v3-baseline,calibration.suffix.3,52c13959c3f4654660522bce4a421b6d5c03f63a029008812e63210301c7084c,persona.low_e_high_n.v3,low_e_high_n,v3,low,high,positive,-6,22,-0.15792571008205414,-0.03149428591132164
1,formal-v2-persona-calibration-v3-baseline,calibration.suffix.3,52c13959c3f4654660522bce4a421b6d5c03f63a029008812e63210301c7084c,persona.low_e_high_n.v3,low_e_high_n,v3,low,high,positive,-7,21,0.004415948875248432,-0.03149428591132164
1,formal-v2-persona-calibration-v3-baseline,calibration.suffix.3,52c13959c3f4654660522bce4a421b6d5c03f63a029008812e63210301c7084c,persona.low_e_high_n.v3,low_e_high_n,v3,low,high,positive,-8,20,-0.03149428591132164,-0.03149428591132164
1,formal-v2-persona-calibration-v3-baseline,calibration.suffix.3,52c13959c3f4654660522bce4a421b6d5c03f63a029008812e63210301c7084c,persona.low_e_high_n.v3,low_e_high_n,v3,low,high,positive,-9,19,0.08240944892168045,-0.03149428591132164
1,formal-v2-persona-calibration-v3-baseline,calibration.suffix.3,52c13959c3f4654660522bce4a421b6d5c03f63a029008812e63210301c7084c,persona.low_e_high_n.v3,low_e_high_n,v3,low,high,negative,-5,23,0.06021972373127937,-2.8575075702974573e-05
1,formal-v2-persona-calibration-v3-baseline,calibration.suffix.3,52c13959c3f4654660522bce4a421b6d5c03f63a029008812e63210301c7084c,persona.low_e_high_n.v3,low_e_high_n,v3,low,high,negative,-6,22,0.09307334572076797,-2.8575075702974573e-05
1,formal-v2-persona-calibration-v3-baseline,calibration.suffix.3,52c13959c3f4654660522bce4a421b6d5c03f63a029008812e63210301c7084c,persona.low_e_high_n.v3,low_e_high_n,v3,low,high,negative,-7,21,-2.8575075702974573e-05,-2.8575075702974573e-05
1,formal-v2-persona-calibration-v3-baseline,calibration.suffix.3,52c13959c3f4654660522bce4a421b6d5c03f63a029008812e63210301c7084c,persona.low_e_high_n.v3,low_e_high_n,v3,low,high,negative,-8,20,-0.0845152884721756,-2.8575075702974573e-05
1,formal-v2-persona-calibration-v3-baseline,calibration.suffix.3,52c13959c3f4654660522bce4a421b6d5c03f63a029008812e63210301c7084c,persona.low_e_high_n.v3,low_e_high_n,v3,low,high,negative,-9,19,-0.21195045113563538,-2.8575075702974573e-05
1,formal-v2-persona-calibration-v3-baseline,calibration.suffix.3,52c13959c3f4654660522bce4a421b6d5c03f63a029008812e63210301c7084c,persona.low_e_high_n.v3,low_e_high_n,v3,low,high,frustration,-5,23,-0.0760142058134079,0.013431812636554241
1,formal-v2-persona-calibration-v3-baseline,calibration.suffix.3,52c13959c3f4654660522bce4a421b6d5c03f63a029008812e63210301c7084c,persona.low_e_high_n.v3,low_e_high_n,v3,low,high,frustration,-6,22,0.0020596813410520554,0.013431812636554241
1,formal-v2-persona-calibration-v3-baseline,calibration.suffix.3,52c13959c3f4654660522bce4a421b6d5c03f63a029008812e63210301c7084c,persona.low_e_high_n.v3,low_e_high_n,v3,low,high,frustration,-7,21,0.013431812636554241,0.013431812636554241
1,formal-v2-persona-calibration-v3-baseline,calibration.suffix.3,52c13959c3f4654660522bce4a421b6d5c03f63a029008812e63210301c7084c,persona.low_e_high_n.v3,low_e_high_n,v3,low,high,frustration,-8,20,0.12853863835334778,0.013431812636554241
1,formal-v2-persona-calibration-v3-baseline,calibration.suffix.3,52c13959c3f4654660522bce4a421b6d5c03f63a029008812e63210301c7084c,persona.low_e_high_n.v3,low_e_high_n,v3,low,high,frustration,-9,19,0.06178680807352066,0.013431812636554241
1,formal-v2-persona-calibration-v3-baseline,calibration.suffix.3,52c13959c3f4654660522bce4a421b6d5c03f63a029008812e63210301c7084c,persona.low_e_low_n,low_e_low_n,v1,low,low,positive,-5,23,-0.1552678942680359,-0.03726038709282875
1,formal-v2-persona-calibration-v3-baseline,calibration.suffix.3,52c13959c3f4654660522bce4a421b6d5c03f63a029008812e63210301c7084c,persona.low_e_low_n,low_e_low_n,v1,low,low,positive,-6,22,-0.13609729707241058,-0.03726038709282875
1,formal-v2-persona-calibration-v3-baseline,calibration.suffix.3,52c13959c3f4654660522bce4a421b6d5c03f63a029008812e63210301c7084c,persona.low_e_low_n,low_e_low_n,v1,low,low,positive,-7,21,-0.016762174665927887,-0.03726038709282875
1,formal-v2-persona-calibration-v3-baseline,calibration.suffix.3,52c13959c3f4654660522bce4a421b6d5c03f63a029008812e63210301c7084c,persona.low_e_low_n,low_e_low_n,v1,low,low,positive,-8,20,-0.03726038709282875,-0.03726038709282875
1,formal-v2-persona-calibration-v3-baseline,calibration.suffix.3,52c13959c3f4654660522bce4a421b6d5c03f63a029008812e63210301c7084c,persona.low_e_low_n,low_e_low_n,v1,low,low,positive,-9,19,0.07732626050710678,-0.03726038709282875
1,formal-v2-persona-calibration-v3-baseline,calibration.suffix.3,52c13959c3f4654660522bce4a421b6d5c03f63a029008812e63210301c7084c,persona.low_e_low_n,low_e_low_n,v1,low,low,negative,-5,23,0.05439475178718567,-0.005686636082828045
1,formal-v2-persona-calibration-v3-baseline,calibration.suffix.3,52c13959c3f4654660522bce4a421b6d5c03f63a029008812e63210301c7084c,persona.low_e_low_n,low_e_low_n,v1,low,low,negative,-6,22,0.08259249478578568,-0.005686636082828045
1,formal-v2-persona-calibration-v3-baseline,calibration.suffix.3,52c13959c3f4654660522bce4a421b6d5c03f63a029008812e63210301c7084c,persona.low_e_low_n,low_e_low_n,v1,low,low,negative,-7,21,-0.005686636082828045,-0.005686636082828045
1,formal-v2-persona-calibration-v3-baseline,calibration.suffix.3,52c13959c3f4654660522bce4a421b6d5c03f63a029008812e63210301c7084c,persona.low_e_low_n,low_e_low_n,v1,low,low,negative,-8,20,-0.08425368368625641,-0.005686636082828045
1,formal-v2-persona-calibration-v3-baseline,calibration.suffix.3,52c13959c3f4654660522bce4a421b6d5c03f63a029008812e63210301c7084c,persona.low_e_low_n,low_e_low_n,v1,low,low,negative,-9,19,-0.21859700977802277,-0.005686636082828045
1,formal-v2-persona-calibration-v3-baseline,calibration.suffix.3,52c13959c3f4654660522bce4a421b6d5c03f63a029008812e63210301c7084c,persona.low_e_low_n,low_e_low_n,v1,low,low,frustration,-5,23,-0.0860648974776268,-0.00021217788162175566
1,formal-v2-persona-calibration-v3-baseline,calibration.suffix.3,52c13959c3f4654660522bce4a421b6d5c03f63a029008812e63210301c7084c,persona.low_e_low_n,low_e_low_n,v1,low,low,frustration,-6,22,-0.011252974160015583,-0.00021217788162175566
1,formal-v2-persona-calibration-v3-baseline,calibration.suffix.3,52c13959c3f4654660522bce4a421b6d5c03f63a029008812e63210301c7084c,persona.low_e_low_n,low_e_low_n,v1,low,low,frustration,-7,21,-0.00021217788162175566,-0.00021217788162175566
1,formal-v2-persona-calibration-v3-baseline,calibration.suffix.3,52c13959c3f4654660522bce4a421b6d5c03f63a029008812e63210301c7084c,persona.low_e_low_n,low_e_low_n,v1,low,low,frustration,-8,20,0.1190943568944931,-0.00021217788162175566
1,formal-v2-persona-calibration-v3-baseline,calibration.suffix.3,52c13959c3f4654660522bce4a421b6d5c03f63a029008812e63210301c7084c,persona.low_e_low_n,low_e_low_n,v1,low,low,frustration,-9,19,0.05112117528915405,-0.00021217788162175566
1,formal-v2-persona-calibration-v3-baseline,calibration.suffix.3,52c13959c3f4654660522bce4a421b6d5c03f63a029008812e63210301c7084c,persona.low_e_low_n.v2,low_e_low_n,v2,low,low,positive,-5,23,-0.15541741251945496,-0.03912818804383278
1,formal-v2-persona-calibration-v3-baseline,calibration.suffix.3,52c13959c3f4654660522bce4a421b6d5c03f63a029008812e63210301c7084c,persona.low_e_low_n.v2,low_e_low_n,v2,low,low,positive,-6,22,-0.13694198429584503,-0.03912818804383278
1,formal-v2-persona-calibration-v3-baseline,calibration.suffix.3,52c13959c3f4654660522bce4a421b6d5c03f63a029008812e63210301c7084c,persona.low_e_low_n.v2,low_e_low_n,v2,low,low,positive,-7,21,-0.026054391637444496,-0.03912818804383278
1,formal-v2-persona-calibration-v3-baseline,calibration.suffix.3,52c13959c3f4654660522bce4a421b6d5c03f63a029008812e63210301c7084c,persona.low_e_low_n.v2,low_e_low_n,v2,low,low,positive,-8,20,-0.03912818804383278,-0.03912818804383278
1,formal-v2-persona-calibration-v3-baseline,calibration.suffix.3,52c13959c3f4654660522bce4a421b6d5c03f63a029008812e63210301c7084c,persona.low_e_low_n.v2,low_e_low_n,v2,low,low,positive,-9,19,0.07214221358299255,-0.03912818804383278
1,formal-v2-persona-calibration-v3-baseline,calibration.suffix.3,52c13959c3f4654660522bce4a421b6d5c03f63a029008812e63210301c7084c,persona.low_e_low_n.v2,low_e_low_n,v2,low,low,negative,-5,23,0.061313826590776443,-0.0006458702846430242
1,formal-v2-persona-calibration-v3-baseline,calibration.suffix.3,52c13959c3f4654660522bce4a421b6d5c03f63a029008812e63210301c7084c,persona.low_e_low_n.v2,low_e_low_n,v2,low,low,negative,-6,22,0.08949905633926392,-0.0006458702846430242
1,formal-v2-persona-calibration-v3-baseline,calibration.suffix.3,52c13959c3f4654660522bce4a421b6d5c03f63a029008812e63210301c7084c,persona.low_e_low_n.v2,low_e_low_n,v2,low,low,negative,-7,21,-0.0006458702846430242,-0.0006458702846430242
1,formal-v2-persona-calibration-v3-baseline,calibration.suffix.3,52c13959c3f4654660522bce4a421b6d5c03f63a029008812e63210301c7084c,persona.low_e_low_n.v2,low_e_low_n,v2,low,low,negative,-8,20,-0.0794161856174469,-0.0006458702846430242
1,formal-v2-persona-calibration-v3-baseline,calibration.suffix.3,52c13959c3f4654660522bce4a421b6d5c03f63a029008812e63210301c7084c,persona.low_e_low_n.v2,low_e_low_n,v2,low,low,negative,-9,19,-0.21828749775886536,-0.0006458702846430242
1,formal-v2-persona-calibration-v3-baseline,calibration.suffix.3,52c13959c3f4654660522bce4a421b6d5c03f63a029008812e63210301c7084c,persona.low_e_low_n.v2,low_e_low_n,v2,low,low,frustration,-5,23,-0.094148188829422,-0.014698175713419914
1,formal-v2-persona-calibration-v3-baseline,calibration.suffix.3,52c13959c3f4654660522bce4a421b6d5c03f63a029008812e63210301c7084c,persona.low_e_low_n.v2,low_e_low_n,v2,low,low,frustration,-6,22,-0.021934296935796738,-0.014698175713419914
1,formal-v2-persona-calibration-v3-baseline,calibration.suffix.3,52c13959c3f4654660522bce4a421b6d5c03f63a029008812e63210301c7084c,persona.low_e_low_n.v2,low_e_low_n,v2,low,low,frustration,-7,21,-0.014698175713419914,-0.014698175713419914
1,formal-v2-persona-calibration-v3-baseline,calibration.suffix.3,52c13959c3f4654660522bce4a421b6d5c03f63a029008812e63210301c7084c,persona.low_e_low_n.v2,low_e_low_n,v2,low,low,frustration,-8,20,0.11162427067756653,-0.014698175713419914
1,formal-v2-persona-calibration-v3-baseline,calibration.suffix.3,52c13959c3f4654660522bce4a421b6d5c03f63a029008812e63210301c7084c,persona.low_e_low_n.v2,low_e_low_n,v2,low,low,frustration,-9,19,0.045463211834430695,-0.014698175713419914
1,formal-v2-persona-calibration-v3-baseline,calibration.suffix.3,52c13959c3f4654660522bce4a421b6d5c03f63a029008812e63210301c7084c,persona.low_e_low_n.v3,low_e_low_n,v3,low,low,positive,-5,23,-0.16575661301612854,-0.03513798117637634
1,formal-v2-persona-calibration-v3-baseline,calibration.suffix.3,52c13959c3f4654660522bce4a421b6d5c03f63a029008812e63210301c7084c,persona.low_e_low_n.v3,low_e_low_n,v3,low,low,positive,-6,22,-0.15256968140602112,-0.03513798117637634
1,formal-v2-persona-calibration-v3-baseline,calibration.suffix.3,52c13959c3f4654660522bce4a421b6d5c03f63a029008812e63210301c7084c,persona.low_e_low_n.v3,low_e_low_n,v3,low,low,positive,-7,21,-0.005332434084266424,-0.03513798117637634
1,formal-v2-persona-calibration-v3-baseline,calibration.suffix.3,52c13959c3f4654660522bce4a421b6d5c03f63a029008812e63210301c7084c,persona.low_e_low_n.v3,low_e_low_n,v3,low,low,positive,-8,20,-0.03513798117637634,-0.03513798117637634
1,formal-v2-persona-calibration-v3-baseline,calibration.suffix.3,52c13959c3f4654660522bce4a421b6d5c03f63a029008812e63210301c7084c,persona.low_e_low_n.v3,low_e_low_n,v3,low,low,positive,-9,19,0.07923955470323563,-0.03513798117637634
1,formal-v2-persona-calibration-v3-baseline,calibration.suffix.3,52c13959c3f4654660522bce4a421b6d5c03f63a029008812e63210301c7084c,persona.low_e_low_n.v3,low_e_low_n,v3,low,low,negative,-5,23,0.0615510456264019,-0.0002433683694107458
1,formal-v2-persona-calibration-v3-baseline,calibration.suffix.3,52c13959c3f4654660522bce4a421b6d5c03f63a029008812e63210301c7084c,persona.low_e_low_n.v3,low_e_low_n,v3,low,low,negative,-6,22,0.09279520809650421,-0.0002433683694107458
1,formal-v2-persona-calibration-v3-baseline,calibration.suffix.3,52c13959c3f4654660522bce4a421b6d5c03f63a029008812e63210301c7084c,persona.low_e_low_n.v3,low_e_low_n,v3,low,low,negative,-7,21,-0.0002433683694107458,-0.0002433683694107458
1,formal-v2-persona-calibration-v3-baseline,calibration.suffix.3,52c13959c3f4654660522bce4a421b6d5c03f63a029008812e63210301c7084c,persona.low_e_low_n.v3,low_e_low_n,v3,low,low,negative,-8,20,-0.08417072892189026,-0.0002433683694107458
1,formal-v2-persona-calibration-v3-baseline,calibration.suffix.3,52c13959c3f4654660522bce4a421b6d5c03f63a029008812e63210301c7084c,persona.low_e_low_n.v3,low_e_low_n,v3,low,low,negative,-9,19,-0.21110950410366058,-0.0002433683694107458
1,formal-v2-persona-calibration-v3-baseline,calibration.suffix.3,52c13959c3f4654660522bce4a421b6d5c03f63a029008812e63210301c7084c,persona.low_e_low_n.v3,low_e_low_n,v3,low,low,frustration,-5,23,-0.07446012645959854,0.013673215173184872
1,formal-v2-persona-calibration-v3-baseline,calibration.suffix.3,52c13959c3f4654660522bce4a421b6d5c03f63a029008812e63210301c7084c,persona.low_e_low_n.v3,low_e_low_n,v3,low,low,frustration,-6,22,0.0026303359773010015,0.013673215173184872
1,formal-v2-persona-calibration-v3-baseline,calibration.suffix.3,52c13959c3f4654660522bce4a421b6d5c03f63a029008812e63210301c7084c,persona.low_e_low_n.v3,low_e_low_n,v3,low,low,frustration,-7,21,0.013673215173184872,0.013673215173184872
1,formal-v2-persona-calibration-v3-baseline,calibration.suffix.3,52c13959c3f4654660522bce4a421b6d5c03f63a029008812e63210301c7084c,persona.low_e_low_n.v3,low_e_low_n,v3,low,low,frustration,-8,20,0.1281631737947464,0.013673215173184872
1,formal-v2-persona-calibration-v3-baseline,calibration.suffix.3,52c13959c3f4654660522bce4a421b6d5c03f63a029008812e63210301c7084c,persona.low_e_low_n.v3,low_e_low_n,v3,low,low,frustration,-9,19,0.06354992836713791,0.013673215173184872
